2025-07-04T13:04:15.856+08:00  INFO 21012 --- [shopping] [main] com.example.demo.ShoppingApplication     : Starting ShoppingApplication using Java 21.0.6 with PID 21012 (D:\SOFT\workstation\shoppingProject\springboot\shopping\target\classes started by USER in D:\SOFT\workstation\shoppingProject\springboot\shopping)
2025-07-04T13:04:15.859+08:00 DEBUG 21012 --- [shopping] [main] com.example.demo.ShoppingApplication     : Running with Spring Boot v3.4.5, Spring v6.2.6
2025-07-04T13:04:15.860+08:00  INFO 21012 --- [shopping] [main] com.example.demo.ShoppingApplication     : No active profile set, falling back to 1 default profile: "default"
2025-07-04T13:04:15.861+08:00 DEBUG 21012 --- [shopping] [main] o.s.boot.SpringApplication               : Loading source class com.example.demo.ShoppingApplication
2025-07-04T13:04:15.895+08:00 DEBUG 21012 --- [shopping] [main] ConfigServletWebServerApplicationContext : Refreshing org.springframework.boot.web.servlet.context.AnnotationConfigServletWebServerApplicationContext@13f17eb4
2025-07-04T13:04:15.915+08:00 DEBUG 21012 --- [shopping] [main] o.s.b.f.s.DefaultListableBeanFactory     : Creating shared instance of singleton bean 'org.springframework.context.annotation.internalConfigurationAnnotationProcessor'
2025-07-04T13:04:15.926+08:00 DEBUG 21012 --- [shopping] [main] o.s.b.f.s.DefaultListableBeanFactory     : Creating shared instance of singleton bean 'org.springframework.boot.autoconfigure.internalCachingMetadataReaderFactory'
2025-07-04T13:04:15.970+08:00 DEBUG 21012 --- [shopping] [main] o.s.c.a.ClassPathBeanDefinitionScanner   : Identified candidate component class: file [D:\SOFT\workstation\shoppingProject\springboot\shopping\target\classes\com\example\demo\config\CaptchaConfig.class]
2025-07-04T13:04:15.971+08:00 DEBUG 21012 --- [shopping] [main] o.s.c.a.ClassPathBeanDefinitionScanner   : Identified candidate component class: file [D:\SOFT\workstation\shoppingProject\springboot\shopping\target\classes\com\example\demo\config\SecurityConfig.class]
2025-07-04T13:04:15.972+08:00 DEBUG 21012 --- [shopping] [main] o.s.c.a.ClassPathBeanDefinitionScanner   : Identified candidate component class: file [D:\SOFT\workstation\shoppingProject\springboot\shopping\target\classes\com\example\demo\config\WebMvcConfig.class]
2025-07-04T13:04:15.979+08:00 DEBUG 21012 --- [shopping] [main] o.s.c.a.ClassPathBeanDefinitionScanner   : Identified candidate component class: file [D:\SOFT\workstation\shoppingProject\springboot\shopping\target\classes\com\example\demo\controller\admin\AdminBrowseHistoryController.class]
2025-07-04T13:04:15.982+08:00 DEBUG 21012 --- [shopping] [main] o.s.c.a.ClassPathBeanDefinitionScanner   : Identified candidate component class: file [D:\SOFT\workstation\shoppingProject\springboot\shopping\target\classes\com\example\demo\controller\admin\AdminCategoryController.class]
2025-07-04T13:04:15.982+08:00 DEBUG 21012 --- [shopping] [main] o.s.c.a.ClassPathBeanDefinitionScanner   : Identified candidate component class: file [D:\SOFT\workstation\shoppingProject\springboot\shopping\target\classes\com\example\demo\controller\admin\AdminDashboard.class]
2025-07-04T13:04:15.983+08:00 DEBUG 21012 --- [shopping] [main] o.s.c.a.ClassPathBeanDefinitionScanner   : Identified candidate component class: file [D:\SOFT\workstation\shoppingProject\springboot\shopping\target\classes\com\example\demo\controller\admin\AdminLoginController.class]
2025-07-04T13:04:15.983+08:00 DEBUG 21012 --- [shopping] [main] o.s.c.a.ClassPathBeanDefinitionScanner   : Identified candidate component class: file [D:\SOFT\workstation\shoppingProject\springboot\shopping\target\classes\com\example\demo\controller\admin\AdminLogoutController.class]
2025-07-04T13:04:15.983+08:00 DEBUG 21012 --- [shopping] [main] o.s.c.a.ClassPathBeanDefinitionScanner   : Identified candidate component class: file [D:\SOFT\workstation\shoppingProject\springboot\shopping\target\classes\com\example\demo\controller\admin\AdminNotificationController.class]
2025-07-04T13:04:15.984+08:00 DEBUG 21012 --- [shopping] [main] o.s.c.a.ClassPathBeanDefinitionScanner   : Identified candidate component class: file [D:\SOFT\workstation\shoppingProject\springboot\shopping\target\classes\com\example\demo\controller\admin\AdminOrderController.class]
2025-07-04T13:04:15.984+08:00 DEBUG 21012 --- [shopping] [main] o.s.c.a.ClassPathBeanDefinitionScanner   : Identified candidate component class: file [D:\SOFT\workstation\shoppingProject\springboot\shopping\target\classes\com\example\demo\controller\admin\AdminProductController.class]
2025-07-04T13:04:15.985+08:00 DEBUG 21012 --- [shopping] [main] o.s.c.a.ClassPathBeanDefinitionScanner   : Identified candidate component class: file [D:\SOFT\workstation\shoppingProject\springboot\shopping\target\classes\com\example\demo\controller\admin\AdminRecommendContentController.class]
2025-07-04T13:04:15.985+08:00 DEBUG 21012 --- [shopping] [main] o.s.c.a.ClassPathBeanDefinitionScanner   : Identified candidate component class: file [D:\SOFT\workstation\shoppingProject\springboot\shopping\target\classes\com\example\demo\controller\admin\AdminRecommendRulesController.class]
2025-07-04T13:04:15.986+08:00 DEBUG 21012 --- [shopping] [main] o.s.c.a.ClassPathBeanDefinitionScanner   : Identified candidate component class: file [D:\SOFT\workstation\shoppingProject\springboot\shopping\target\classes\com\example\demo\controller\admin\AdminReviewController.class]
2025-07-04T13:04:15.987+08:00 DEBUG 21012 --- [shopping] [main] o.s.c.a.ClassPathBeanDefinitionScanner   : Identified candidate component class: file [D:\SOFT\workstation\shoppingProject\springboot\shopping\target\classes\com\example\demo\controller\admin\AdminSearchHistoryController.class]
2025-07-04T13:04:15.987+08:00 DEBUG 21012 --- [shopping] [main] o.s.c.a.ClassPathBeanDefinitionScanner   : Identified candidate component class: file [D:\SOFT\workstation\shoppingProject\springboot\shopping\target\classes\com\example\demo\controller\admin\AdminUserController.class]
2025-07-04T13:04:15.987+08:00 DEBUG 21012 --- [shopping] [main] o.s.c.a.ClassPathBeanDefinitionScanner   : Identified candidate component class: file [D:\SOFT\workstation\shoppingProject\springboot\shopping\target\classes\com\example\demo\controller\front\AuthcodeController.class]
2025-07-04T13:04:15.988+08:00 DEBUG 21012 --- [shopping] [main] o.s.c.a.ClassPathBeanDefinitionScanner   : Identified candidate component class: file [D:\SOFT\workstation\shoppingProject\springboot\shopping\target\classes\com\example\demo\controller\front\CartItemController.class]
2025-07-04T13:04:15.988+08:00 DEBUG 21012 --- [shopping] [main] o.s.c.a.ClassPathBeanDefinitionScanner   : Identified candidate component class: file [D:\SOFT\workstation\shoppingProject\springboot\shopping\target\classes\com\example\demo\controller\front\CategoryController.class]
2025-07-04T13:04:15.988+08:00 DEBUG 21012 --- [shopping] [main] o.s.c.a.ClassPathBeanDefinitionScanner   : Identified candidate component class: file [D:\SOFT\workstation\shoppingProject\springboot\shopping\target\classes\com\example\demo\controller\front\FavoriteController.class]
2025-07-04T13:04:15.989+08:00 DEBUG 21012 --- [shopping] [main] o.s.c.a.ClassPathBeanDefinitionScanner   : Identified candidate component class: file [D:\SOFT\workstation\shoppingProject\springboot\shopping\target\classes\com\example\demo\controller\front\LoginController.class]
2025-07-04T13:04:15.989+08:00 DEBUG 21012 --- [shopping] [main] o.s.c.a.ClassPathBeanDefinitionScanner   : Identified candidate component class: file [D:\SOFT\workstation\shoppingProject\springboot\shopping\target\classes\com\example\demo\controller\front\NotificationController.class]
2025-07-04T13:04:15.990+08:00 DEBUG 21012 --- [shopping] [main] o.s.c.a.ClassPathBeanDefinitionScanner   : Identified candidate component class: file [D:\SOFT\workstation\shoppingProject\springboot\shopping\target\classes\com\example\demo\controller\front\OrderController.class]
2025-07-04T13:04:15.990+08:00 DEBUG 21012 --- [shopping] [main] o.s.c.a.ClassPathBeanDefinitionScanner   : Identified candidate component class: file [D:\SOFT\workstation\shoppingProject\springboot\shopping\target\classes\com\example\demo\controller\front\ProductController.class]
2025-07-04T13:04:15.991+08:00 DEBUG 21012 --- [shopping] [main] o.s.c.a.ClassPathBeanDefinitionScanner   : Identified candidate component class: file [D:\SOFT\workstation\shoppingProject\springboot\shopping\target\classes\com\example\demo\controller\front\ProductImageController.class]
2025-07-04T13:04:15.991+08:00 DEBUG 21012 --- [shopping] [main] o.s.c.a.ClassPathBeanDefinitionScanner   : Identified candidate component class: file [D:\SOFT\workstation\shoppingProject\springboot\shopping\target\classes\com\example\demo\controller\front\ProductReviewController.class]
2025-07-04T13:04:15.991+08:00 DEBUG 21012 --- [shopping] [main] o.s.c.a.ClassPathBeanDefinitionScanner   : Identified candidate component class: file [D:\SOFT\workstation\shoppingProject\springboot\shopping\target\classes\com\example\demo\controller\front\RecentlyViewedController.class]
2025-07-04T13:04:15.992+08:00 DEBUG 21012 --- [shopping] [main] o.s.c.a.ClassPathBeanDefinitionScanner   : Identified candidate component class: file [D:\SOFT\workstation\shoppingProject\springboot\shopping\target\classes\com\example\demo\controller\front\RecommendProductController.class]
2025-07-04T13:04:15.992+08:00 DEBUG 21012 --- [shopping] [main] o.s.c.a.ClassPathBeanDefinitionScanner   : Identified candidate component class: file [D:\SOFT\workstation\shoppingProject\springboot\shopping\target\classes\com\example\demo\controller\front\SellerProductController.class]
2025-07-04T13:04:15.993+08:00 DEBUG 21012 --- [shopping] [main] o.s.c.a.ClassPathBeanDefinitionScanner   : Identified candidate component class: file [D:\SOFT\workstation\shoppingProject\springboot\shopping\target\classes\com\example\demo\controller\front\UserController.class]
2025-07-04T13:04:15.994+08:00 DEBUG 21012 --- [shopping] [main] o.s.c.a.ClassPathBeanDefinitionScanner   : Identified candidate component class: file [D:\SOFT\workstation\shoppingProject\springboot\shopping\target\classes\com\example\demo\exception\GlobalExceptionHandler.class]
2025-07-04T13:04:15.995+08:00 DEBUG 21012 --- [shopping] [main] o.s.c.a.ClassPathBeanDefinitionScanner   : Identified candidate component class: file [D:\SOFT\workstation\shoppingProject\springboot\shopping\target\classes\com\example\demo\filter\JwtAuthenticationFilter.class]
2025-07-04T13:04:15.998+08:00 DEBUG 21012 --- [shopping] [main] o.s.c.a.ClassPathBeanDefinitionScanner   : Identified candidate component class: file [D:\SOFT\workstation\shoppingProject\springboot\shopping\target\classes\com\example\demo\mapper\RecommendRuleDtoMapper.class]
2025-07-04T13:04:16.010+08:00 DEBUG 21012 --- [shopping] [main] o.s.c.a.ClassPathBeanDefinitionScanner   : Identified candidate component class: file [D:\SOFT\workstation\shoppingProject\springboot\shopping\target\classes\com\example\demo\ollama\controller\ReviewController.class]
2025-07-04T13:04:16.011+08:00 DEBUG 21012 --- [shopping] [main] o.s.c.a.ClassPathBeanDefinitionScanner   : Identified candidate component class: file [D:\SOFT\workstation\shoppingProject\springboot\shopping\target\classes\com\example\demo\ollama\service\AiReviewService.class]
2025-07-04T13:04:16.022+08:00 DEBUG 21012 --- [shopping] [main] o.s.c.a.ClassPathBeanDefinitionScanner   : Ignored because not a concrete top-level class: file [D:\SOFT\workstation\shoppingProject\springboot\shopping\target\classes\com\example\demo\repository\CartItemRepository.class]
2025-07-04T13:04:16.024+08:00 DEBUG 21012 --- [shopping] [main] o.s.c.a.ClassPathBeanDefinitionScanner   : Ignored because not a concrete top-level class: file [D:\SOFT\workstation\shoppingProject\springboot\shopping\target\classes\com\example\demo\repository\CategoryRepository.class]
2025-07-04T13:04:16.024+08:00 DEBUG 21012 --- [shopping] [main] o.s.c.a.ClassPathBeanDefinitionScanner   : Ignored because not a concrete top-level class: file [D:\SOFT\workstation\shoppingProject\springboot\shopping\target\classes\com\example\demo\repository\FavoriteRepository.class]
2025-07-04T13:04:16.026+08:00 DEBUG 21012 --- [shopping] [main] o.s.c.a.ClassPathBeanDefinitionScanner   : Ignored because not a concrete top-level class: file [D:\SOFT\workstation\shoppingProject\springboot\shopping\target\classes\com\example\demo\repository\LoginLogRepository.class]
2025-07-04T13:04:16.027+08:00 DEBUG 21012 --- [shopping] [main] o.s.c.a.ClassPathBeanDefinitionScanner   : Ignored because not a concrete top-level class: file [D:\SOFT\workstation\shoppingProject\springboot\shopping\target\classes\com\example\demo\repository\OrderItemRepository.class]
2025-07-04T13:04:16.028+08:00 DEBUG 21012 --- [shopping] [main] o.s.c.a.ClassPathBeanDefinitionScanner   : Ignored because not a concrete top-level class: file [D:\SOFT\workstation\shoppingProject\springboot\shopping\target\classes\com\example\demo\repository\OrderRepository.class]
2025-07-04T13:04:16.028+08:00 DEBUG 21012 --- [shopping] [main] o.s.c.a.ClassPathBeanDefinitionScanner   : Ignored because not a concrete top-level class: file [D:\SOFT\workstation\shoppingProject\springboot\shopping\target\classes\com\example\demo\repository\ProductImageRepository.class]
2025-07-04T13:04:16.029+08:00 DEBUG 21012 --- [shopping] [main] o.s.c.a.ClassPathBeanDefinitionScanner   : Ignored because not a concrete top-level class: file [D:\SOFT\workstation\shoppingProject\springboot\shopping\target\classes\com\example\demo\repository\ProductRepository.class]
2025-07-04T13:04:16.029+08:00 DEBUG 21012 --- [shopping] [main] o.s.c.a.ClassPathBeanDefinitionScanner   : Ignored because not a concrete top-level class: file [D:\SOFT\workstation\shoppingProject\springboot\shopping\target\classes\com\example\demo\repository\RecommendRuleRepository.class]
2025-07-04T13:04:16.030+08:00 DEBUG 21012 --- [shopping] [main] o.s.c.a.ClassPathBeanDefinitionScanner   : Ignored because not a concrete top-level class: file [D:\SOFT\workstation\shoppingProject\springboot\shopping\target\classes\com\example\demo\repository\RoleRepository.class]
2025-07-04T13:04:16.030+08:00 DEBUG 21012 --- [shopping] [main] o.s.c.a.ClassPathBeanDefinitionScanner   : Ignored because not a concrete top-level class: file [D:\SOFT\workstation\shoppingProject\springboot\shopping\target\classes\com\example\demo\repository\SearchHistoryRepository.class]
2025-07-04T13:04:16.030+08:00 DEBUG 21012 --- [shopping] [main] o.s.c.a.ClassPathBeanDefinitionScanner   : Ignored because not a concrete top-level class: file [D:\SOFT\workstation\shoppingProject\springboot\shopping\target\classes\com\example\demo\repository\UserRepository.class]
2025-07-04T13:04:16.031+08:00 DEBUG 21012 --- [shopping] [main] o.s.c.a.ClassPathBeanDefinitionScanner   : Identified candidate component class: file [D:\SOFT\workstation\shoppingProject\springboot\shopping\target\classes\com\example\demo\secure\CustomUserDetailsService.class]
2025-07-04T13:04:16.031+08:00 DEBUG 21012 --- [shopping] [main] o.s.c.a.ClassPathBeanDefinitionScanner   : Identified candidate component class: file [D:\SOFT\workstation\shoppingProject\springboot\shopping\target\classes\com\example\demo\secure\JwtService.class]
2025-07-04T13:04:16.031+08:00 DEBUG 21012 --- [shopping] [main] o.s.c.a.ClassPathBeanDefinitionScanner   : Identified candidate component class: file [D:\SOFT\workstation\shoppingProject\springboot\shopping\target\classes\com\example\demo\secure\KeyInitializer.class]
2025-07-04T13:04:16.032+08:00 DEBUG 21012 --- [shopping] [main] o.s.c.a.ClassPathBeanDefinitionScanner   : Identified candidate component class: file [D:\SOFT\workstation\shoppingProject\springboot\shopping\target\classes\com\example\demo\security\PasswordHash.class]
2025-07-04T13:04:16.033+08:00 DEBUG 21012 --- [shopping] [main] o.s.c.a.ClassPathBeanDefinitionScanner   : Ignored because not a concrete top-level class: file [D:\SOFT\workstation\shoppingProject\springboot\shopping\target\classes\com\example\demo\service\admin\AdminOrderService.class]
2025-07-04T13:04:16.033+08:00 DEBUG 21012 --- [shopping] [main] o.s.c.a.ClassPathBeanDefinitionScanner   : Identified candidate component class: file [D:\SOFT\workstation\shoppingProject\springboot\shopping\target\classes\com\example\demo\service\admin\impl\AdminLoginLogServiceImpl.class]
2025-07-04T13:04:16.035+08:00 DEBUG 21012 --- [shopping] [main] o.s.c.a.ClassPathBeanDefinitionScanner   : Identified candidate component class: file [D:\SOFT\workstation\shoppingProject\springboot\shopping\target\classes\com\example\demo\service\admin\impl\AdminNotificationServiceImpl.class]
2025-07-04T13:04:16.035+08:00 DEBUG 21012 --- [shopping] [main] o.s.c.a.ClassPathBeanDefinitionScanner   : Identified candidate component class: file [D:\SOFT\workstation\shoppingProject\springboot\shopping\target\classes\com\example\demo\service\admin\impl\AdminOrderServiceImpl.class]
2025-07-04T13:04:16.036+08:00 DEBUG 21012 --- [shopping] [main] o.s.c.a.ClassPathBeanDefinitionScanner   : Identified candidate component class: file [D:\SOFT\workstation\shoppingProject\springboot\shopping\target\classes\com\example\demo\service\admin\impl\AdminRecentlyViewedServiceImpl.class]
2025-07-04T13:04:16.036+08:00 DEBUG 21012 --- [shopping] [main] o.s.c.a.ClassPathBeanDefinitionScanner   : Identified candidate component class: file [D:\SOFT\workstation\shoppingProject\springboot\shopping\target\classes\com\example\demo\service\admin\impl\AdminRecommendContentServiceImpl.class]
2025-07-04T13:04:16.036+08:00 DEBUG 21012 --- [shopping] [main] o.s.c.a.ClassPathBeanDefinitionScanner   : Identified candidate component class: file [D:\SOFT\workstation\shoppingProject\springboot\shopping\target\classes\com\example\demo\service\admin\impl\AdminRecommendRuleServiceImpl.class]
2025-07-04T13:04:16.036+08:00 DEBUG 21012 --- [shopping] [main] o.s.c.a.ClassPathBeanDefinitionScanner   : Identified candidate component class: file [D:\SOFT\workstation\shoppingProject\springboot\shopping\target\classes\com\example\demo\service\admin\impl\AdminSearchHistoryServiceImpl.class]
2025-07-04T13:04:16.036+08:00 DEBUG 21012 --- [shopping] [main] o.s.c.a.ClassPathBeanDefinitionScanner   : Identified candidate component class: file [D:\SOFT\workstation\shoppingProject\springboot\shopping\target\classes\com\example\demo\service\admin\impl\AdminUserServiceImpl.class]
2025-07-04T13:04:16.037+08:00 DEBUG 21012 --- [shopping] [main] o.s.c.a.ClassPathBeanDefinitionScanner   : Identified candidate component class: file [D:\SOFT\workstation\shoppingProject\springboot\shopping\target\classes\com\example\demo\service\front\EmailService.class]
2025-07-04T13:04:16.038+08:00 DEBUG 21012 --- [shopping] [main] o.s.c.a.ClassPathBeanDefinitionScanner   : Identified candidate component class: file [D:\SOFT\workstation\shoppingProject\springboot\shopping\target\classes\com\example\demo\service\front\Impl\CartItemServiceImpl.class]
2025-07-04T13:04:16.038+08:00 DEBUG 21012 --- [shopping] [main] o.s.c.a.ClassPathBeanDefinitionScanner   : Identified candidate component class: file [D:\SOFT\workstation\shoppingProject\springboot\shopping\target\classes\com\example\demo\service\front\Impl\CategoryServiceImpl.class]
2025-07-04T13:04:16.038+08:00 DEBUG 21012 --- [shopping] [main] o.s.c.a.ClassPathBeanDefinitionScanner   : Identified candidate component class: file [D:\SOFT\workstation\shoppingProject\springboot\shopping\target\classes\com\example\demo\service\front\Impl\FavoriteServiceImpl.class]
2025-07-04T13:04:16.038+08:00 DEBUG 21012 --- [shopping] [main] o.s.c.a.ClassPathBeanDefinitionScanner   : Identified candidate component class: file [D:\SOFT\workstation\shoppingProject\springboot\shopping\target\classes\com\example\demo\service\front\Impl\LoginLogServiceImpl.class]
2025-07-04T13:04:16.040+08:00 DEBUG 21012 --- [shopping] [main] o.s.c.a.ClassPathBeanDefinitionScanner   : Identified candidate component class: file [D:\SOFT\workstation\shoppingProject\springboot\shopping\target\classes\com\example\demo\service\front\Impl\NotificationServiceImpl.class]
2025-07-04T13:04:16.041+08:00 DEBUG 21012 --- [shopping] [main] o.s.c.a.ClassPathBeanDefinitionScanner   : Identified candidate component class: file [D:\SOFT\workstation\shoppingProject\springboot\shopping\target\classes\com\example\demo\service\front\Impl\OrderItemServiceImpl.class]
2025-07-04T13:04:16.041+08:00 DEBUG 21012 --- [shopping] [main] o.s.c.a.ClassPathBeanDefinitionScanner   : Identified candidate component class: file [D:\SOFT\workstation\shoppingProject\springboot\shopping\target\classes\com\example\demo\service\front\Impl\OrderServiceImpl.class]
2025-07-04T13:04:16.041+08:00 DEBUG 21012 --- [shopping] [main] o.s.c.a.ClassPathBeanDefinitionScanner   : Identified candidate component class: file [D:\SOFT\workstation\shoppingProject\springboot\shopping\target\classes\com\example\demo\service\front\Impl\ProductImageServiceImpl.class]
2025-07-04T13:04:16.042+08:00 DEBUG 21012 --- [shopping] [main] o.s.c.a.ClassPathBeanDefinitionScanner   : Identified candidate component class: file [D:\SOFT\workstation\shoppingProject\springboot\shopping\target\classes\com\example\demo\service\front\Impl\ProductReviewServiceImpl.class]
2025-07-04T13:04:16.042+08:00 DEBUG 21012 --- [shopping] [main] o.s.c.a.ClassPathBeanDefinitionScanner   : Identified candidate component class: file [D:\SOFT\workstation\shoppingProject\springboot\shopping\target\classes\com\example\demo\service\front\Impl\ProductServiceImpl.class]
2025-07-04T13:04:16.042+08:00 DEBUG 21012 --- [shopping] [main] o.s.c.a.ClassPathBeanDefinitionScanner   : Identified candidate component class: file [D:\SOFT\workstation\shoppingProject\springboot\shopping\target\classes\com\example\demo\service\front\Impl\RecentlyViewedServiceImpl.class]
2025-07-04T13:04:16.042+08:00 DEBUG 21012 --- [shopping] [main] o.s.c.a.ClassPathBeanDefinitionScanner   : Identified candidate component class: file [D:\SOFT\workstation\shoppingProject\springboot\shopping\target\classes\com\example\demo\service\front\Impl\RecommendProductServiceImpl.class]
2025-07-04T13:04:16.042+08:00 DEBUG 21012 --- [shopping] [main] o.s.c.a.ClassPathBeanDefinitionScanner   : Identified candidate component class: file [D:\SOFT\workstation\shoppingProject\springboot\shopping\target\classes\com\example\demo\service\front\Impl\RoleServiceImpl.class]
2025-07-04T13:04:16.043+08:00 DEBUG 21012 --- [shopping] [main] o.s.c.a.ClassPathBeanDefinitionScanner   : Identified candidate component class: file [D:\SOFT\workstation\shoppingProject\springboot\shopping\target\classes\com\example\demo\service\front\Impl\SearchHistoryServiceImpl.class]
2025-07-04T13:04:16.043+08:00 DEBUG 21012 --- [shopping] [main] o.s.c.a.ClassPathBeanDefinitionScanner   : Identified candidate component class: file [D:\SOFT\workstation\shoppingProject\springboot\shopping\target\classes\com\example\demo\service\front\Impl\UserServiceImpl.class]
2025-07-04T13:04:16.461+08:00  INFO 21012 --- [shopping] [main] .s.d.r.c.RepositoryConfigurationDelegate : Multiple Spring Data modules found, entering strict repository configuration mode
2025-07-04T13:04:16.462+08:00  INFO 21012 --- [shopping] [main] .s.d.r.c.RepositoryConfigurationDelegate : Bootstrapping Spring Data JPA repositories in DEFAULT mode.
2025-07-04T13:04:16.468+08:00 DEBUG 21012 --- [shopping] [main] o.s.b.f.s.DefaultListableBeanFactory     : Creating shared instance of singleton bean 'org.springframework.boot.autoconfigure.AutoConfigurationPackages'
2025-07-04T13:04:16.473+08:00 DEBUG 21012 --- [shopping] [main] o.s.b.a.AutoConfigurationPackages        : @EnableAutoConfiguration was declared on a class in the package 'com.example.demo'. Automatic @Repository and @Entity scanning is enabled.
2025-07-04T13:04:16.474+08:00 DEBUG 21012 --- [shopping] [main] .s.d.r.c.RepositoryConfigurationDelegate : Scanning for JPA repositories in packages com.example.demo.
2025-07-04T13:04:16.484+08:00 DEBUG 21012 --- [shopping] [main] o.s.d.r.c.RepositoryComponentProvider    : Identified candidate component class: file [D:\SOFT\workstation\shoppingProject\springboot\shopping\target\classes\com\example\demo\repository\CartItemRepository.class]
2025-07-04T13:04:16.485+08:00 DEBUG 21012 --- [shopping] [main] o.s.d.r.c.RepositoryComponentProvider    : Identified candidate component class: file [D:\SOFT\workstation\shoppingProject\springboot\shopping\target\classes\com\example\demo\repository\CategoryRepository.class]
2025-07-04T13:04:16.485+08:00 DEBUG 21012 --- [shopping] [main] o.s.d.r.c.RepositoryComponentProvider    : Identified candidate component class: file [D:\SOFT\workstation\shoppingProject\springboot\shopping\target\classes\com\example\demo\repository\FavoriteRepository.class]
2025-07-04T13:04:16.485+08:00 DEBUG 21012 --- [shopping] [main] o.s.d.r.c.RepositoryComponentProvider    : Identified candidate component class: file [D:\SOFT\workstation\shoppingProject\springboot\shopping\target\classes\com\example\demo\repository\LoginLogRepository.class]
2025-07-04T13:04:16.485+08:00 DEBUG 21012 --- [shopping] [main] o.s.d.r.c.RepositoryComponentProvider    : Identified candidate component class: file [D:\SOFT\workstation\shoppingProject\springboot\shopping\target\classes\com\example\demo\repository\NotificationRepository.class]
2025-07-04T13:04:16.485+08:00 DEBUG 21012 --- [shopping] [main] o.s.d.r.c.RepositoryComponentProvider    : Identified candidate component class: file [D:\SOFT\workstation\shoppingProject\springboot\shopping\target\classes\com\example\demo\repository\OrderItemRepository.class]
2025-07-04T13:04:16.485+08:00 DEBUG 21012 --- [shopping] [main] o.s.d.r.c.RepositoryComponentProvider    : Identified candidate component class: file [D:\SOFT\workstation\shoppingProject\springboot\shopping\target\classes\com\example\demo\repository\OrderRepository.class]
2025-07-04T13:04:16.485+08:00 DEBUG 21012 --- [shopping] [main] o.s.d.r.c.RepositoryComponentProvider    : Identified candidate component class: file [D:\SOFT\workstation\shoppingProject\springboot\shopping\target\classes\com\example\demo\repository\ProductImageRepository.class]
2025-07-04T13:04:16.485+08:00 DEBUG 21012 --- [shopping] [main] o.s.d.r.c.RepositoryComponentProvider    : Identified candidate component class: file [D:\SOFT\workstation\shoppingProject\springboot\shopping\target\classes\com\example\demo\repository\ProductRepository.class]
2025-07-04T13:04:16.485+08:00 DEBUG 21012 --- [shopping] [main] o.s.d.r.c.RepositoryComponentProvider    : Identified candidate component class: file [D:\SOFT\workstation\shoppingProject\springboot\shopping\target\classes\com\example\demo\repository\ProductReviewRepository.class]
2025-07-04T13:04:16.485+08:00 DEBUG 21012 --- [shopping] [main] o.s.d.r.c.RepositoryComponentProvider    : Identified candidate component class: file [D:\SOFT\workstation\shoppingProject\springboot\shopping\target\classes\com\example\demo\repository\RecentlyViewedRepository.class]
2025-07-04T13:04:16.485+08:00 DEBUG 21012 --- [shopping] [main] o.s.d.r.c.RepositoryComponentProvider    : Identified candidate component class: file [D:\SOFT\workstation\shoppingProject\springboot\shopping\target\classes\com\example\demo\repository\RecommendedProductRepository.class]
2025-07-04T13:04:16.486+08:00 DEBUG 21012 --- [shopping] [main] o.s.d.r.c.RepositoryComponentProvider    : Identified candidate component class: file [D:\SOFT\workstation\shoppingProject\springboot\shopping\target\classes\com\example\demo\repository\RecommendRuleRepository.class]
2025-07-04T13:04:16.486+08:00 DEBUG 21012 --- [shopping] [main] o.s.d.r.c.RepositoryComponentProvider    : Identified candidate component class: file [D:\SOFT\workstation\shoppingProject\springboot\shopping\target\classes\com\example\demo\repository\RoleRepository.class]
2025-07-04T13:04:16.486+08:00 DEBUG 21012 --- [shopping] [main] o.s.d.r.c.RepositoryComponentProvider    : Identified candidate component class: file [D:\SOFT\workstation\shoppingProject\springboot\shopping\target\classes\com\example\demo\repository\SearchHistoryRepository.class]
2025-07-04T13:04:16.486+08:00 DEBUG 21012 --- [shopping] [main] o.s.d.r.c.RepositoryComponentProvider    : Identified candidate component class: file [D:\SOFT\workstation\shoppingProject\springboot\shopping\target\classes\com\example\demo\repository\UserRepository.class]
2025-07-04T13:04:16.573+08:00 DEBUG 21012 --- [shopping] [main] ssPathScanningCandidateComponentProvider : Identified candidate component class: file [D:\SOFT\workstation\shoppingProject\springboot\shopping\target\classes\com\example\demo\service\admin\impl\AdminLoginLogServiceImpl.class]
2025-07-04T13:04:16.573+08:00 DEBUG 21012 --- [shopping] [main] ssPathScanningCandidateComponentProvider : Identified candidate component class: file [D:\SOFT\workstation\shoppingProject\springboot\shopping\target\classes\com\example\demo\service\admin\impl\AdminNotificationServiceImpl.class]
2025-07-04T13:04:16.573+08:00 DEBUG 21012 --- [shopping] [main] ssPathScanningCandidateComponentProvider : Identified candidate component class: file [D:\SOFT\workstation\shoppingProject\springboot\shopping\target\classes\com\example\demo\service\admin\impl\AdminOrderServiceImpl.class]
2025-07-04T13:04:16.573+08:00 DEBUG 21012 --- [shopping] [main] ssPathScanningCandidateComponentProvider : Identified candidate component class: file [D:\SOFT\workstation\shoppingProject\springboot\shopping\target\classes\com\example\demo\service\admin\impl\AdminRecentlyViewedServiceImpl.class]
2025-07-04T13:04:16.573+08:00 DEBUG 21012 --- [shopping] [main] ssPathScanningCandidateComponentProvider : Identified candidate component class: file [D:\SOFT\workstation\shoppingProject\springboot\shopping\target\classes\com\example\demo\service\admin\impl\AdminRecommendContentServiceImpl.class]
2025-07-04T13:04:16.573+08:00 DEBUG 21012 --- [shopping] [main] ssPathScanningCandidateComponentProvider : Identified candidate component class: file [D:\SOFT\workstation\shoppingProject\springboot\shopping\target\classes\com\example\demo\service\admin\impl\AdminRecommendRuleServiceImpl.class]
2025-07-04T13:04:16.573+08:00 DEBUG 21012 --- [shopping] [main] ssPathScanningCandidateComponentProvider : Identified candidate component class: file [D:\SOFT\workstation\shoppingProject\springboot\shopping\target\classes\com\example\demo\service\admin\impl\AdminSearchHistoryServiceImpl.class]
2025-07-04T13:04:16.573+08:00 DEBUG 21012 --- [shopping] [main] ssPathScanningCandidateComponentProvider : Identified candidate component class: file [D:\SOFT\workstation\shoppingProject\springboot\shopping\target\classes\com\example\demo\service\admin\impl\AdminUserServiceImpl.class]
2025-07-04T13:04:16.573+08:00 DEBUG 21012 --- [shopping] [main] ssPathScanningCandidateComponentProvider : Identified candidate component class: file [D:\SOFT\workstation\shoppingProject\springboot\shopping\target\classes\com\example\demo\service\front\Impl\CartItemServiceImpl.class]
2025-07-04T13:04:16.573+08:00 DEBUG 21012 --- [shopping] [main] ssPathScanningCandidateComponentProvider : Identified candidate component class: file [D:\SOFT\workstation\shoppingProject\springboot\shopping\target\classes\com\example\demo\service\front\Impl\CategoryServiceImpl.class]
2025-07-04T13:04:16.573+08:00 DEBUG 21012 --- [shopping] [main] ssPathScanningCandidateComponentProvider : Identified candidate component class: file [D:\SOFT\workstation\shoppingProject\springboot\shopping\target\classes\com\example\demo\service\front\Impl\FavoriteServiceImpl.class]
2025-07-04T13:04:16.574+08:00 DEBUG 21012 --- [shopping] [main] ssPathScanningCandidateComponentProvider : Identified candidate component class: file [D:\SOFT\workstation\shoppingProject\springboot\shopping\target\classes\com\example\demo\service\front\Impl\LoginLogServiceImpl.class]
2025-07-04T13:04:16.574+08:00 DEBUG 21012 --- [shopping] [main] ssPathScanningCandidateComponentProvider : Identified candidate component class: file [D:\SOFT\workstation\shoppingProject\springboot\shopping\target\classes\com\example\demo\service\front\Impl\NotificationServiceImpl.class]
2025-07-04T13:04:16.574+08:00 DEBUG 21012 --- [shopping] [main] ssPathScanningCandidateComponentProvider : Identified candidate component class: file [D:\SOFT\workstation\shoppingProject\springboot\shopping\target\classes\com\example\demo\service\front\Impl\OrderItemServiceImpl.class]
2025-07-04T13:04:16.574+08:00 DEBUG 21012 --- [shopping] [main] ssPathScanningCandidateComponentProvider : Identified candidate component class: file [D:\SOFT\workstation\shoppingProject\springboot\shopping\target\classes\com\example\demo\service\front\Impl\OrderServiceImpl.class]
2025-07-04T13:04:16.574+08:00 DEBUG 21012 --- [shopping] [main] ssPathScanningCandidateComponentProvider : Identified candidate component class: file [D:\SOFT\workstation\shoppingProject\springboot\shopping\target\classes\com\example\demo\service\front\Impl\ProductImageServiceImpl.class]
2025-07-04T13:04:16.574+08:00 DEBUG 21012 --- [shopping] [main] ssPathScanningCandidateComponentProvider : Identified candidate component class: file [D:\SOFT\workstation\shoppingProject\springboot\shopping\target\classes\com\example\demo\service\front\Impl\ProductReviewServiceImpl.class]
2025-07-04T13:04:16.574+08:00 DEBUG 21012 --- [shopping] [main] ssPathScanningCandidateComponentProvider : Identified candidate component class: file [D:\SOFT\workstation\shoppingProject\springboot\shopping\target\classes\com\example\demo\service\front\Impl\ProductServiceImpl.class]
2025-07-04T13:04:16.574+08:00 DEBUG 21012 --- [shopping] [main] ssPathScanningCandidateComponentProvider : Identified candidate component class: file [D:\SOFT\workstation\shoppingProject\springboot\shopping\target\classes\com\example\demo\service\front\Impl\RecentlyViewedServiceImpl.class]
2025-07-04T13:04:16.574+08:00 DEBUG 21012 --- [shopping] [main] ssPathScanningCandidateComponentProvider : Identified candidate component class: file [D:\SOFT\workstation\shoppingProject\springboot\shopping\target\classes\com\example\demo\service\front\Impl\RecommendProductServiceImpl.class]
2025-07-04T13:04:16.574+08:00 DEBUG 21012 --- [shopping] [main] ssPathScanningCandidateComponentProvider : Identified candidate component class: file [D:\SOFT\workstation\shoppingProject\springboot\shopping\target\classes\com\example\demo\service\front\Impl\RoleServiceImpl.class]
2025-07-04T13:04:16.574+08:00 DEBUG 21012 --- [shopping] [main] ssPathScanningCandidateComponentProvider : Identified candidate component class: file [D:\SOFT\workstation\shoppingProject\springboot\shopping\target\classes\com\example\demo\service\front\Impl\SearchHistoryServiceImpl.class]
2025-07-04T13:04:16.574+08:00 DEBUG 21012 --- [shopping] [main] ssPathScanningCandidateComponentProvider : Identified candidate component class: file [D:\SOFT\workstation\shoppingProject\springboot\shopping\target\classes\com\example\demo\service\front\Impl\UserServiceImpl.class]
2025-07-04T13:04:16.597+08:00  INFO 21012 --- [shopping] [main] .s.d.r.c.RepositoryConfigurationDelegate : Finished Spring Data repository scanning in 122 ms. Found 16 JPA repository interfaces.
2025-07-04T13:04:16.636+08:00  INFO 21012 --- [shopping] [main] .s.d.r.c.RepositoryConfigurationDelegate : Multiple Spring Data modules found, entering strict repository configuration mode
2025-07-04T13:04:16.636+08:00  INFO 21012 --- [shopping] [main] .s.d.r.c.RepositoryConfigurationDelegate : Bootstrapping Spring Data JDBC repositories in DEFAULT mode.
2025-07-04T13:04:16.637+08:00 DEBUG 21012 --- [shopping] [main] .s.d.r.c.RepositoryConfigurationDelegate : Scanning for JDBC repositories in packages com.example.demo.
2025-07-04T13:04:16.642+08:00 DEBUG 21012 --- [shopping] [main] o.s.d.r.c.RepositoryComponentProvider    : Identified candidate component class: file [D:\SOFT\workstation\shoppingProject\springboot\shopping\target\classes\com\example\demo\repository\CartItemRepository.class]
2025-07-04T13:04:16.642+08:00 DEBUG 21012 --- [shopping] [main] o.s.d.r.c.RepositoryComponentProvider    : Identified candidate component class: file [D:\SOFT\workstation\shoppingProject\springboot\shopping\target\classes\com\example\demo\repository\CategoryRepository.class]
2025-07-04T13:04:16.642+08:00 DEBUG 21012 --- [shopping] [main] o.s.d.r.c.RepositoryComponentProvider    : Identified candidate component class: file [D:\SOFT\workstation\shoppingProject\springboot\shopping\target\classes\com\example\demo\repository\FavoriteRepository.class]
2025-07-04T13:04:16.642+08:00 DEBUG 21012 --- [shopping] [main] o.s.d.r.c.RepositoryComponentProvider    : Identified candidate component class: file [D:\SOFT\workstation\shoppingProject\springboot\shopping\target\classes\com\example\demo\repository\LoginLogRepository.class]
2025-07-04T13:04:16.642+08:00 DEBUG 21012 --- [shopping] [main] o.s.d.r.c.RepositoryComponentProvider    : Identified candidate component class: file [D:\SOFT\workstation\shoppingProject\springboot\shopping\target\classes\com\example\demo\repository\NotificationRepository.class]
2025-07-04T13:04:16.642+08:00 DEBUG 21012 --- [shopping] [main] o.s.d.r.c.RepositoryComponentProvider    : Identified candidate component class: file [D:\SOFT\workstation\shoppingProject\springboot\shopping\target\classes\com\example\demo\repository\OrderItemRepository.class]
2025-07-04T13:04:16.642+08:00 DEBUG 21012 --- [shopping] [main] o.s.d.r.c.RepositoryComponentProvider    : Identified candidate component class: file [D:\SOFT\workstation\shoppingProject\springboot\shopping\target\classes\com\example\demo\repository\OrderRepository.class]
2025-07-04T13:04:16.642+08:00 DEBUG 21012 --- [shopping] [main] o.s.d.r.c.RepositoryComponentProvider    : Identified candidate component class: file [D:\SOFT\workstation\shoppingProject\springboot\shopping\target\classes\com\example\demo\repository\ProductImageRepository.class]
2025-07-04T13:04:16.642+08:00 DEBUG 21012 --- [shopping] [main] o.s.d.r.c.RepositoryComponentProvider    : Identified candidate component class: file [D:\SOFT\workstation\shoppingProject\springboot\shopping\target\classes\com\example\demo\repository\ProductRepository.class]
2025-07-04T13:04:16.642+08:00 DEBUG 21012 --- [shopping] [main] o.s.d.r.c.RepositoryComponentProvider    : Identified candidate component class: file [D:\SOFT\workstation\shoppingProject\springboot\shopping\target\classes\com\example\demo\repository\ProductReviewRepository.class]
2025-07-04T13:04:16.642+08:00 DEBUG 21012 --- [shopping] [main] o.s.d.r.c.RepositoryComponentProvider    : Identified candidate component class: file [D:\SOFT\workstation\shoppingProject\springboot\shopping\target\classes\com\example\demo\repository\RecentlyViewedRepository.class]
2025-07-04T13:04:16.642+08:00 DEBUG 21012 --- [shopping] [main] o.s.d.r.c.RepositoryComponentProvider    : Identified candidate component class: file [D:\SOFT\workstation\shoppingProject\springboot\shopping\target\classes\com\example\demo\repository\RecommendedProductRepository.class]
2025-07-04T13:04:16.642+08:00 DEBUG 21012 --- [shopping] [main] o.s.d.r.c.RepositoryComponentProvider    : Identified candidate component class: file [D:\SOFT\workstation\shoppingProject\springboot\shopping\target\classes\com\example\demo\repository\RecommendRuleRepository.class]
2025-07-04T13:04:16.642+08:00 DEBUG 21012 --- [shopping] [main] o.s.d.r.c.RepositoryComponentProvider    : Identified candidate component class: file [D:\SOFT\workstation\shoppingProject\springboot\shopping\target\classes\com\example\demo\repository\RoleRepository.class]
2025-07-04T13:04:16.642+08:00 DEBUG 21012 --- [shopping] [main] o.s.d.r.c.RepositoryComponentProvider    : Identified candidate component class: file [D:\SOFT\workstation\shoppingProject\springboot\shopping\target\classes\com\example\demo\repository\SearchHistoryRepository.class]
2025-07-04T13:04:16.642+08:00 DEBUG 21012 --- [shopping] [main] o.s.d.r.c.RepositoryComponentProvider    : Identified candidate component class: file [D:\SOFT\workstation\shoppingProject\springboot\shopping\target\classes\com\example\demo\repository\UserRepository.class]
2025-07-04T13:04:16.644+08:00  INFO 21012 --- [shopping] [main] .RepositoryConfigurationExtensionSupport : Spring Data JDBC - Could not safely identify store assignment for repository candidate interface com.example.demo.repository.CartItemRepository; If you want this repository to be a JDBC repository, consider annotating your entities with one of these annotations: org.springframework.data.relational.core.mapping.Table.
2025-07-04T13:04:16.645+08:00  INFO 21012 --- [shopping] [main] .RepositoryConfigurationExtensionSupport : Spring Data JDBC - Could not safely identify store assignment for repository candidate interface com.example.demo.repository.CategoryRepository; If you want this repository to be a JDBC repository, consider annotating your entities with one of these annotations: org.springframework.data.relational.core.mapping.Table.
2025-07-04T13:04:16.645+08:00  INFO 21012 --- [shopping] [main] .RepositoryConfigurationExtensionSupport : Spring Data JDBC - Could not safely identify store assignment for repository candidate interface com.example.demo.repository.FavoriteRepository; If you want this repository to be a JDBC repository, consider annotating your entities with one of these annotations: org.springframework.data.relational.core.mapping.Table.
2025-07-04T13:04:16.645+08:00  INFO 21012 --- [shopping] [main] .RepositoryConfigurationExtensionSupport : Spring Data JDBC - Could not safely identify store assignment for repository candidate interface com.example.demo.repository.LoginLogRepository; If you want this repository to be a JDBC repository, consider annotating your entities with one of these annotations: org.springframework.data.relational.core.mapping.Table.
2025-07-04T13:04:16.645+08:00  INFO 21012 --- [shopping] [main] .RepositoryConfigurationExtensionSupport : Spring Data JDBC - Could not safely identify store assignment for repository candidate interface com.example.demo.repository.NotificationRepository; If you want this repository to be a JDBC repository, consider annotating your entities with one of these annotations: org.springframework.data.relational.core.mapping.Table.
2025-07-04T13:04:16.645+08:00  INFO 21012 --- [shopping] [main] .RepositoryConfigurationExtensionSupport : Spring Data JDBC - Could not safely identify store assignment for repository candidate interface com.example.demo.repository.OrderItemRepository; If you want this repository to be a JDBC repository, consider annotating your entities with one of these annotations: org.springframework.data.relational.core.mapping.Table.
2025-07-04T13:04:16.645+08:00  INFO 21012 --- [shopping] [main] .RepositoryConfigurationExtensionSupport : Spring Data JDBC - Could not safely identify store assignment for repository candidate interface com.example.demo.repository.OrderRepository; If you want this repository to be a JDBC repository, consider annotating your entities with one of these annotations: org.springframework.data.relational.core.mapping.Table.
2025-07-04T13:04:16.645+08:00  INFO 21012 --- [shopping] [main] .RepositoryConfigurationExtensionSupport : Spring Data JDBC - Could not safely identify store assignment for repository candidate interface com.example.demo.repository.ProductImageRepository; If you want this repository to be a JDBC repository, consider annotating your entities with one of these annotations: org.springframework.data.relational.core.mapping.Table.
2025-07-04T13:04:16.645+08:00  INFO 21012 --- [shopping] [main] .RepositoryConfigurationExtensionSupport : Spring Data JDBC - Could not safely identify store assignment for repository candidate interface com.example.demo.repository.ProductRepository; If you want this repository to be a JDBC repository, consider annotating your entities with one of these annotations: org.springframework.data.relational.core.mapping.Table.
2025-07-04T13:04:16.645+08:00  INFO 21012 --- [shopping] [main] .RepositoryConfigurationExtensionSupport : Spring Data JDBC - Could not safely identify store assignment for repository candidate interface com.example.demo.repository.ProductReviewRepository; If you want this repository to be a JDBC repository, consider annotating your entities with one of these annotations: org.springframework.data.relational.core.mapping.Table.
2025-07-04T13:04:16.645+08:00  INFO 21012 --- [shopping] [main] .RepositoryConfigurationExtensionSupport : Spring Data JDBC - Could not safely identify store assignment for repository candidate interface com.example.demo.repository.RecentlyViewedRepository; If you want this repository to be a JDBC repository, consider annotating your entities with one of these annotations: org.springframework.data.relational.core.mapping.Table.
2025-07-04T13:04:16.645+08:00  INFO 21012 --- [shopping] [main] .RepositoryConfigurationExtensionSupport : Spring Data JDBC - Could not safely identify store assignment for repository candidate interface com.example.demo.repository.RecommendedProductRepository; If you want this repository to be a JDBC repository, consider annotating your entities with one of these annotations: org.springframework.data.relational.core.mapping.Table.
2025-07-04T13:04:16.645+08:00  INFO 21012 --- [shopping] [main] .RepositoryConfigurationExtensionSupport : Spring Data JDBC - Could not safely identify store assignment for repository candidate interface com.example.demo.repository.RecommendRuleRepository; If you want this repository to be a JDBC repository, consider annotating your entities with one of these annotations: org.springframework.data.relational.core.mapping.Table.
2025-07-04T13:04:16.646+08:00  INFO 21012 --- [shopping] [main] .RepositoryConfigurationExtensionSupport : Spring Data JDBC - Could not safely identify store assignment for repository candidate interface com.example.demo.repository.RoleRepository; If you want this repository to be a JDBC repository, consider annotating your entities with one of these annotations: org.springframework.data.relational.core.mapping.Table.
2025-07-04T13:04:16.646+08:00  INFO 21012 --- [shopping] [main] .RepositoryConfigurationExtensionSupport : Spring Data JDBC - Could not safely identify store assignment for repository candidate interface com.example.demo.repository.SearchHistoryRepository; If you want this repository to be a JDBC repository, consider annotating your entities with one of these annotations: org.springframework.data.relational.core.mapping.Table.
2025-07-04T13:04:16.646+08:00  INFO 21012 --- [shopping] [main] .RepositoryConfigurationExtensionSupport : Spring Data JDBC - Could not safely identify store assignment for repository candidate interface com.example.demo.repository.UserRepository; If you want this repository to be a JDBC repository, consider annotating your entities with one of these annotations: org.springframework.data.relational.core.mapping.Table.
2025-07-04T13:04:16.646+08:00  INFO 21012 --- [shopping] [main] .s.d.r.c.RepositoryConfigurationDelegate : Finished Spring Data repository scanning in 8 ms. Found 0 JDBC repository interfaces.
2025-07-04T13:04:16.654+08:00  INFO 21012 --- [shopping] [main] .s.d.r.c.RepositoryConfigurationDelegate : Multiple Spring Data modules found, entering strict repository configuration mode
2025-07-04T13:04:16.655+08:00  INFO 21012 --- [shopping] [main] .s.d.r.c.RepositoryConfigurationDelegate : Bootstrapping Spring Data Redis repositories in DEFAULT mode.
2025-07-04T13:04:16.662+08:00 DEBUG 21012 --- [shopping] [main] .s.d.r.c.RepositoryConfigurationDelegate : Scanning for Redis repositories in packages com.example.demo.
2025-07-04T13:04:16.666+08:00 DEBUG 21012 --- [shopping] [main] o.s.d.r.c.RepositoryComponentProvider    : Identified candidate component class: file [D:\SOFT\workstation\shoppingProject\springboot\shopping\target\classes\com\example\demo\repository\CartItemRepository.class]
2025-07-04T13:04:16.666+08:00 DEBUG 21012 --- [shopping] [main] o.s.d.r.c.RepositoryComponentProvider    : Identified candidate component class: file [D:\SOFT\workstation\shoppingProject\springboot\shopping\target\classes\com\example\demo\repository\CategoryRepository.class]
2025-07-04T13:04:16.666+08:00 DEBUG 21012 --- [shopping] [main] o.s.d.r.c.RepositoryComponentProvider    : Identified candidate component class: file [D:\SOFT\workstation\shoppingProject\springboot\shopping\target\classes\com\example\demo\repository\FavoriteRepository.class]
2025-07-04T13:04:16.666+08:00 DEBUG 21012 --- [shopping] [main] o.s.d.r.c.RepositoryComponentProvider    : Identified candidate component class: file [D:\SOFT\workstation\shoppingProject\springboot\shopping\target\classes\com\example\demo\repository\LoginLogRepository.class]
2025-07-04T13:04:16.666+08:00 DEBUG 21012 --- [shopping] [main] o.s.d.r.c.RepositoryComponentProvider    : Identified candidate component class: file [D:\SOFT\workstation\shoppingProject\springboot\shopping\target\classes\com\example\demo\repository\NotificationRepository.class]
2025-07-04T13:04:16.666+08:00 DEBUG 21012 --- [shopping] [main] o.s.d.r.c.RepositoryComponentProvider    : Identified candidate component class: file [D:\SOFT\workstation\shoppingProject\springboot\shopping\target\classes\com\example\demo\repository\OrderItemRepository.class]
2025-07-04T13:04:16.666+08:00 DEBUG 21012 --- [shopping] [main] o.s.d.r.c.RepositoryComponentProvider    : Identified candidate component class: file [D:\SOFT\workstation\shoppingProject\springboot\shopping\target\classes\com\example\demo\repository\OrderRepository.class]
2025-07-04T13:04:16.666+08:00 DEBUG 21012 --- [shopping] [main] o.s.d.r.c.RepositoryComponentProvider    : Identified candidate component class: file [D:\SOFT\workstation\shoppingProject\springboot\shopping\target\classes\com\example\demo\repository\ProductImageRepository.class]
2025-07-04T13:04:16.666+08:00 DEBUG 21012 --- [shopping] [main] o.s.d.r.c.RepositoryComponentProvider    : Identified candidate component class: file [D:\SOFT\workstation\shoppingProject\springboot\shopping\target\classes\com\example\demo\repository\ProductRepository.class]
2025-07-04T13:04:16.666+08:00 DEBUG 21012 --- [shopping] [main] o.s.d.r.c.RepositoryComponentProvider    : Identified candidate component class: file [D:\SOFT\workstation\shoppingProject\springboot\shopping\target\classes\com\example\demo\repository\ProductReviewRepository.class]
2025-07-04T13:04:16.666+08:00 DEBUG 21012 --- [shopping] [main] o.s.d.r.c.RepositoryComponentProvider    : Identified candidate component class: file [D:\SOFT\workstation\shoppingProject\springboot\shopping\target\classes\com\example\demo\repository\RecentlyViewedRepository.class]
2025-07-04T13:04:16.666+08:00 DEBUG 21012 --- [shopping] [main] o.s.d.r.c.RepositoryComponentProvider    : Identified candidate component class: file [D:\SOFT\workstation\shoppingProject\springboot\shopping\target\classes\com\example\demo\repository\RecommendedProductRepository.class]
2025-07-04T13:04:16.666+08:00 DEBUG 21012 --- [shopping] [main] o.s.d.r.c.RepositoryComponentProvider    : Identified candidate component class: file [D:\SOFT\workstation\shoppingProject\springboot\shopping\target\classes\com\example\demo\repository\RecommendRuleRepository.class]
2025-07-04T13:04:16.666+08:00 DEBUG 21012 --- [shopping] [main] o.s.d.r.c.RepositoryComponentProvider    : Identified candidate component class: file [D:\SOFT\workstation\shoppingProject\springboot\shopping\target\classes\com\example\demo\repository\RoleRepository.class]
2025-07-04T13:04:16.666+08:00 DEBUG 21012 --- [shopping] [main] o.s.d.r.c.RepositoryComponentProvider    : Identified candidate component class: file [D:\SOFT\workstation\shoppingProject\springboot\shopping\target\classes\com\example\demo\repository\SearchHistoryRepository.class]
2025-07-04T13:04:16.666+08:00 DEBUG 21012 --- [shopping] [main] o.s.d.r.c.RepositoryComponentProvider    : Identified candidate component class: file [D:\SOFT\workstation\shoppingProject\springboot\shopping\target\classes\com\example\demo\repository\UserRepository.class]
2025-07-04T13:04:16.666+08:00  INFO 21012 --- [shopping] [main] .RepositoryConfigurationExtensionSupport : Spring Data Redis - Could not safely identify store assignment for repository candidate interface com.example.demo.repository.CartItemRepository; If you want this repository to be a Redis repository, consider annotating your entities with one of these annotations: org.springframework.data.redis.core.RedisHash (preferred), or consider extending one of the following types with your repository: org.springframework.data.keyvalue.repository.KeyValueRepository
2025-07-04T13:04:16.668+08:00  INFO 21012 --- [shopping] [main] .RepositoryConfigurationExtensionSupport : Spring Data Redis - Could not safely identify store assignment for repository candidate interface com.example.demo.repository.CategoryRepository; If you want this repository to be a Redis repository, consider annotating your entities with one of these annotations: org.springframework.data.redis.core.RedisHash (preferred), or consider extending one of the following types with your repository: org.springframework.data.keyvalue.repository.KeyValueRepository
2025-07-04T13:04:16.668+08:00  INFO 21012 --- [shopping] [main] .RepositoryConfigurationExtensionSupport : Spring Data Redis - Could not safely identify store assignment for repository candidate interface com.example.demo.repository.FavoriteRepository; If you want this repository to be a Redis repository, consider annotating your entities with one of these annotations: org.springframework.data.redis.core.RedisHash (preferred), or consider extending one of the following types with your repository: org.springframework.data.keyvalue.repository.KeyValueRepository
2025-07-04T13:04:16.668+08:00  INFO 21012 --- [shopping] [main] .RepositoryConfigurationExtensionSupport : Spring Data Redis - Could not safely identify store assignment for repository candidate interface com.example.demo.repository.LoginLogRepository; If you want this repository to be a Redis repository, consider annotating your entities with one of these annotations: org.springframework.data.redis.core.RedisHash (preferred), or consider extending one of the following types with your repository: org.springframework.data.keyvalue.repository.KeyValueRepository
2025-07-04T13:04:16.668+08:00  INFO 21012 --- [shopping] [main] .RepositoryConfigurationExtensionSupport : Spring Data Redis - Could not safely identify store assignment for repository candidate interface com.example.demo.repository.NotificationRepository; If you want this repository to be a Redis repository, consider annotating your entities with one of these annotations: org.springframework.data.redis.core.RedisHash (preferred), or consider extending one of the following types with your repository: org.springframework.data.keyvalue.repository.KeyValueRepository
2025-07-04T13:04:16.668+08:00  INFO 21012 --- [shopping] [main] .RepositoryConfigurationExtensionSupport : Spring Data Redis - Could not safely identify store assignment for repository candidate interface com.example.demo.repository.OrderItemRepository; If you want this repository to be a Redis repository, consider annotating your entities with one of these annotations: org.springframework.data.redis.core.RedisHash (preferred), or consider extending one of the following types with your repository: org.springframework.data.keyvalue.repository.KeyValueRepository
2025-07-04T13:04:16.668+08:00  INFO 21012 --- [shopping] [main] .RepositoryConfigurationExtensionSupport : Spring Data Redis - Could not safely identify store assignment for repository candidate interface com.example.demo.repository.OrderRepository; If you want this repository to be a Redis repository, consider annotating your entities with one of these annotations: org.springframework.data.redis.core.RedisHash (preferred), or consider extending one of the following types with your repository: org.springframework.data.keyvalue.repository.KeyValueRepository
2025-07-04T13:04:16.668+08:00  INFO 21012 --- [shopping] [main] .RepositoryConfigurationExtensionSupport : Spring Data Redis - Could not safely identify store assignment for repository candidate interface com.example.demo.repository.ProductImageRepository; If you want this repository to be a Redis repository, consider annotating your entities with one of these annotations: org.springframework.data.redis.core.RedisHash (preferred), or consider extending one of the following types with your repository: org.springframework.data.keyvalue.repository.KeyValueRepository
2025-07-04T13:04:16.668+08:00  INFO 21012 --- [shopping] [main] .RepositoryConfigurationExtensionSupport : Spring Data Redis - Could not safely identify store assignment for repository candidate interface com.example.demo.repository.ProductRepository; If you want this repository to be a Redis repository, consider annotating your entities with one of these annotations: org.springframework.data.redis.core.RedisHash (preferred), or consider extending one of the following types with your repository: org.springframework.data.keyvalue.repository.KeyValueRepository
2025-07-04T13:04:16.669+08:00  INFO 21012 --- [shopping] [main] .RepositoryConfigurationExtensionSupport : Spring Data Redis - Could not safely identify store assignment for repository candidate interface com.example.demo.repository.ProductReviewRepository; If you want this repository to be a Redis repository, consider annotating your entities with one of these annotations: org.springframework.data.redis.core.RedisHash (preferred), or consider extending one of the following types with your repository: org.springframework.data.keyvalue.repository.KeyValueRepository
2025-07-04T13:04:16.669+08:00  INFO 21012 --- [shopping] [main] .RepositoryConfigurationExtensionSupport : Spring Data Redis - Could not safely identify store assignment for repository candidate interface com.example.demo.repository.RecentlyViewedRepository; If you want this repository to be a Redis repository, consider annotating your entities with one of these annotations: org.springframework.data.redis.core.RedisHash (preferred), or consider extending one of the following types with your repository: org.springframework.data.keyvalue.repository.KeyValueRepository
2025-07-04T13:04:16.669+08:00  INFO 21012 --- [shopping] [main] .RepositoryConfigurationExtensionSupport : Spring Data Redis - Could not safely identify store assignment for repository candidate interface com.example.demo.repository.RecommendedProductRepository; If you want this repository to be a Redis repository, consider annotating your entities with one of these annotations: org.springframework.data.redis.core.RedisHash (preferred), or consider extending one of the following types with your repository: org.springframework.data.keyvalue.repository.KeyValueRepository
2025-07-04T13:04:16.669+08:00  INFO 21012 --- [shopping] [main] .RepositoryConfigurationExtensionSupport : Spring Data Redis - Could not safely identify store assignment for repository candidate interface com.example.demo.repository.RecommendRuleRepository; If you want this repository to be a Redis repository, consider annotating your entities with one of these annotations: org.springframework.data.redis.core.RedisHash (preferred), or consider extending one of the following types with your repository: org.springframework.data.keyvalue.repository.KeyValueRepository
2025-07-04T13:04:16.669+08:00  INFO 21012 --- [shopping] [main] .RepositoryConfigurationExtensionSupport : Spring Data Redis - Could not safely identify store assignment for repository candidate interface com.example.demo.repository.RoleRepository; If you want this repository to be a Redis repository, consider annotating your entities with one of these annotations: org.springframework.data.redis.core.RedisHash (preferred), or consider extending one of the following types with your repository: org.springframework.data.keyvalue.repository.KeyValueRepository
2025-07-04T13:04:16.669+08:00  INFO 21012 --- [shopping] [main] .RepositoryConfigurationExtensionSupport : Spring Data Redis - Could not safely identify store assignment for repository candidate interface com.example.demo.repository.SearchHistoryRepository; If you want this repository to be a Redis repository, consider annotating your entities with one of these annotations: org.springframework.data.redis.core.RedisHash (preferred), or consider extending one of the following types with your repository: org.springframework.data.keyvalue.repository.KeyValueRepository
2025-07-04T13:04:16.669+08:00  INFO 21012 --- [shopping] [main] .RepositoryConfigurationExtensionSupport : Spring Data Redis - Could not safely identify store assignment for repository candidate interface com.example.demo.repository.UserRepository; If you want this repository to be a Redis repository, consider annotating your entities with one of these annotations: org.springframework.data.redis.core.RedisHash (preferred), or consider extending one of the following types with your repository: org.springframework.data.keyvalue.repository.KeyValueRepository
2025-07-04T13:04:16.670+08:00  INFO 21012 --- [shopping] [main] .s.d.r.c.RepositoryConfigurationDelegate : Finished Spring Data repository scanning in 7 ms. Found 0 Redis repository interfaces.
2025-07-04T13:04:16.741+08:00 DEBUG 21012 --- [shopping] [main] o.s.b.f.s.DefaultListableBeanFactory     : Creating shared instance of singleton bean 'springSecurityHandlerMappingIntrospectorBeanDefinitionRegistryPostProcessor'
2025-07-04T13:04:16.800+08:00 DEBUG 21012 --- [shopping] [main] o.s.b.f.s.DefaultListableBeanFactory     : Creating shared instance of singleton bean 'propertySourcesPlaceholderConfigurer'
2025-07-04T13:04:16.805+08:00 DEBUG 21012 --- [shopping] [main] o.s.b.f.s.DefaultListableBeanFactory     : Creating shared instance of singleton bean 'org.springframework.boot.sql.init.dependency.DatabaseInitializationDependencyConfigurer$DependsOnDatabaseInitializationPostProcessor'
2025-07-04T13:04:16.806+08:00 DEBUG 21012 --- [shopping] [main] o.s.b.f.s.DefaultListableBeanFactory     : Creating shared instance of singleton bean 'emBeanDefinitionRegistrarPostProcessor'
2025-07-04T13:04:16.827+08:00 DEBUG 21012 --- [shopping] [main] o.s.b.f.s.DefaultListableBeanFactory     : Creating shared instance of singleton bean 'org.springframework.context.event.internalEventListenerProcessor'
2025-07-04T13:04:16.828+08:00 DEBUG 21012 --- [shopping] [main] o.s.b.f.s.DefaultListableBeanFactory     : Creating shared instance of singleton bean 'servletComponentRegisteringPostProcessor'
2025-07-04T13:04:16.830+08:00 DEBUG 21012 --- [shopping] [main] o.s.b.f.s.DefaultListableBeanFactory     : Creating shared instance of singleton bean 'preserveErrorControllerTargetClassPostProcessor'
2025-07-04T13:04:16.830+08:00 DEBUG 21012 --- [shopping] [main] o.s.b.f.s.DefaultListableBeanFactory     : Creating shared instance of singleton bean 'conversionServicePostProcessor'
2025-07-04T13:04:16.834+08:00 DEBUG 21012 --- [shopping] [main] o.s.b.f.s.DefaultListableBeanFactory     : Creating shared instance of singleton bean 'org.springframework.context.event.internalEventListenerFactory'
2025-07-04T13:04:16.836+08:00 DEBUG 21012 --- [shopping] [main] o.s.b.f.s.DefaultListableBeanFactory     : Creating shared instance of singleton bean 'org.springframework.transaction.config.internalTransactionalEventListenerFactory'
2025-07-04T13:04:16.845+08:00 DEBUG 21012 --- [shopping] [main] o.s.b.f.s.DefaultListableBeanFactory     : Creating shared instance of singleton bean 'org.springframework.context.annotation.internalAutowiredAnnotationProcessor'
2025-07-04T13:04:16.846+08:00 DEBUG 21012 --- [shopping] [main] o.s.b.f.s.DefaultListableBeanFactory     : Creating shared instance of singleton bean 'org.springframework.context.annotation.internalCommonAnnotationProcessor'
2025-07-04T13:04:16.849+08:00 DEBUG 21012 --- [shopping] [main] o.s.b.f.s.DefaultListableBeanFactory     : Creating shared instance of singleton bean 'org.springframework.context.annotation.internalPersistenceAnnotationProcessor'
2025-07-04T13:04:16.849+08:00 DEBUG 21012 --- [shopping] [main] o.s.b.f.s.DefaultListableBeanFactory     : Creating shared instance of singleton bean 'org.springframework.boot.context.properties.ConfigurationPropertiesBindingPostProcessor'
2025-07-04T13:04:16.849+08:00 DEBUG 21012 --- [shopping] [main] o.s.b.f.s.DefaultListableBeanFactory     : Creating shared instance of singleton bean 'org.springframework.boot.context.internalConfigurationPropertiesBinder'
2025-07-04T13:04:16.850+08:00 DEBUG 21012 --- [shopping] [main] o.s.b.f.s.DefaultListableBeanFactory     : Creating shared instance of singleton bean 'jdbcConnectionDetailsHikariBeanPostProcessor'
2025-07-04T13:04:16.853+08:00 DEBUG 21012 --- [shopping] [main] o.s.b.f.s.DefaultListableBeanFactory     : Creating shared instance of singleton bean 'methodValidationPostProcessor'
2025-07-04T13:04:16.855+08:00 DEBUG 21012 --- [shopping] [main] o.s.b.f.s.DefaultListableBeanFactory     : Autowiring by type from bean name 'methodValidationPostProcessor' via factory method to bean named 'environment'
2025-07-04T13:04:16.865+08:00 DEBUG 21012 --- [shopping] [main] o.s.b.f.s.DefaultListableBeanFactory     : Creating shared instance of singleton bean 'org.springframework.boot.context.properties.EnableConfigurationPropertiesRegistrar.methodValidationExcludeFilter'
2025-07-04T13:04:16.876+08:00 DEBUG 21012 --- [shopping] [main] o.s.b.f.s.DefaultListableBeanFactory     : Creating shared instance of singleton bean 'org.springframework.aop.config.internalAutoProxyCreator'
2025-07-04T13:04:16.886+08:00 DEBUG 21012 --- [shopping] [main] o.s.b.f.s.DefaultListableBeanFactory     : Creating shared instance of singleton bean 'persistenceExceptionTranslationPostProcessor'
2025-07-04T13:04:16.886+08:00 DEBUG 21012 --- [shopping] [main] o.s.b.f.s.DefaultListableBeanFactory     : Autowiring by type from bean name 'persistenceExceptionTranslationPostProcessor' via factory method to bean named 'environment'
2025-07-04T13:04:16.888+08:00 DEBUG 21012 --- [shopping] [main] o.s.b.f.s.DefaultListableBeanFactory     : Creating shared instance of singleton bean 'webServerFactoryCustomizerBeanPostProcessor'
2025-07-04T13:04:16.888+08:00 DEBUG 21012 --- [shopping] [main] o.s.b.f.s.DefaultListableBeanFactory     : Creating shared instance of singleton bean 'errorPageRegistrarBeanPostProcessor'
2025-07-04T13:04:16.889+08:00 DEBUG 21012 --- [shopping] [main] o.s.b.f.s.DefaultListableBeanFactory     : Creating shared instance of singleton bean 'projectingArgumentResolverBeanPostProcessor'
2025-07-04T13:04:16.890+08:00 DEBUG 21012 --- [shopping] [main] o.s.b.f.s.DefaultListableBeanFactory     : Creating shared instance of singleton bean 'org.springframework.transaction.config.internalTransactionAdvisor'
2025-07-04T13:04:16.890+08:00 DEBUG 21012 --- [shopping] [main] o.s.b.f.s.DefaultListableBeanFactory     : Creating shared instance of singleton bean 'org.springframework.transaction.annotation.ProxyTransactionManagementConfiguration'
2025-07-04T13:04:16.896+08:00 DEBUG 21012 --- [shopping] [main] o.s.b.f.s.DefaultListableBeanFactory     : Creating shared instance of singleton bean 'transactionAttributeSource'
2025-07-04T13:04:16.904+08:00 DEBUG 21012 --- [shopping] [main] o.s.b.f.s.DefaultListableBeanFactory     : Creating shared instance of singleton bean 'transactionInterceptor'
2025-07-04T13:04:16.905+08:00 DEBUG 21012 --- [shopping] [main] o.s.b.f.s.DefaultListableBeanFactory     : Autowiring by type from bean name 'transactionInterceptor' via factory method to bean named 'transactionAttributeSource'
2025-07-04T13:04:16.910+08:00 DEBUG 21012 --- [shopping] [main] o.s.b.f.s.DefaultListableBeanFactory     : Autowiring by type from bean name 'org.springframework.transaction.config.internalTransactionAdvisor' via factory method to bean named 'transactionAttributeSource'
2025-07-04T13:04:16.910+08:00 DEBUG 21012 --- [shopping] [main] o.s.b.f.s.DefaultListableBeanFactory     : Autowiring by type from bean name 'org.springframework.transaction.config.internalTransactionAdvisor' via factory method to bean named 'transactionInterceptor'
2025-07-04T13:04:16.926+08:00 DEBUG 21012 --- [shopping] [main] o.s.u.c.s.UiApplicationContextUtils      : Unable to locate ThemeSource with name 'themeSource': using default [org.springframework.ui.context.support.ResourceBundleThemeSource@13866329]
2025-07-04T13:04:16.928+08:00 DEBUG 21012 --- [shopping] [main] o.s.b.f.s.DefaultListableBeanFactory     : Creating shared instance of singleton bean 'tomcatServletWebServerFactory'
2025-07-04T13:04:16.928+08:00 DEBUG 21012 --- [shopping] [main] o.s.b.f.s.DefaultListableBeanFactory     : Creating shared instance of singleton bean 'org.springframework.boot.autoconfigure.web.servlet.ServletWebServerFactoryConfiguration$EmbeddedTomcat'
2025-07-04T13:04:16.944+08:00 DEBUG 21012 --- [shopping] [main] o.s.b.f.s.DefaultListableBeanFactory     : Creating shared instance of singleton bean 'websocketServletWebServerCustomizer'
2025-07-04T13:04:16.944+08:00 DEBUG 21012 --- [shopping] [main] o.s.b.f.s.DefaultListableBeanFactory     : Creating shared instance of singleton bean 'org.springframework.boot.autoconfigure.websocket.servlet.WebSocketServletAutoConfiguration$TomcatWebSocketConfiguration'
2025-07-04T13:04:16.946+08:00 DEBUG 21012 --- [shopping] [main] o.s.b.f.s.DefaultListableBeanFactory     : Creating shared instance of singleton bean 'servletWebServerFactoryCustomizer'
2025-07-04T13:04:16.946+08:00 DEBUG 21012 --- [shopping] [main] o.s.b.f.s.DefaultListableBeanFactory     : Creating shared instance of singleton bean 'org.springframework.boot.autoconfigure.web.servlet.ServletWebServerFactoryAutoConfiguration'
2025-07-04T13:04:16.946+08:00 DEBUG 21012 --- [shopping] [main] o.s.b.f.s.DefaultListableBeanFactory     : Creating shared instance of singleton bean 'server-org.springframework.boot.autoconfigure.web.ServerProperties'
2025-07-04T13:04:16.952+08:00 DEBUG 21012 --- [shopping] [main] o.s.b.f.s.DefaultListableBeanFactory     : Creating shared instance of singleton bean 'org.springframework.boot.context.properties.BoundConfigurationProperties'
2025-07-04T13:04:16.958+08:00 DEBUG 21012 --- [shopping] [main] o.s.b.f.s.DefaultListableBeanFactory     : Autowiring by type from bean name 'servletWebServerFactoryCustomizer' via factory method to bean named 'server-org.springframework.boot.autoconfigure.web.ServerProperties'
2025-07-04T13:04:16.960+08:00 DEBUG 21012 --- [shopping] [main] o.s.b.f.s.DefaultListableBeanFactory     : Creating shared instance of singleton bean 'sslBundleRegistry'
2025-07-04T13:04:16.960+08:00 DEBUG 21012 --- [shopping] [main] o.s.b.f.s.DefaultListableBeanFactory     : Creating shared instance of singleton bean 'org.springframework.boot.autoconfigure.ssl.SslAutoConfiguration'
2025-07-04T13:04:16.961+08:00 DEBUG 21012 --- [shopping] [main] o.s.b.f.s.DefaultListableBeanFactory     : Creating shared instance of singleton bean 'spring.ssl-org.springframework.boot.autoconfigure.ssl.SslProperties'
2025-07-04T13:04:16.961+08:00 DEBUG 21012 --- [shopping] [main] o.s.b.f.s.DefaultListableBeanFactory     : Autowiring by type from bean name 'org.springframework.boot.autoconfigure.ssl.SslAutoConfiguration' via constructor to bean named 'org.springframework.boot.web.servlet.context.AnnotationConfigServletWebServerApplicationContext@13f17eb4'
2025-07-04T13:04:16.962+08:00 DEBUG 21012 --- [shopping] [main] o.s.b.f.s.DefaultListableBeanFactory     : Autowiring by type from bean name 'org.springframework.boot.autoconfigure.ssl.SslAutoConfiguration' via constructor to bean named 'spring.ssl-org.springframework.boot.autoconfigure.ssl.SslProperties'
2025-07-04T13:04:16.963+08:00 DEBUG 21012 --- [shopping] [main] o.s.b.f.s.DefaultListableBeanFactory     : Creating shared instance of singleton bean 'sslPropertiesSslBundleRegistrar'
2025-07-04T13:04:16.963+08:00 DEBUG 21012 --- [shopping] [main] o.s.b.f.s.DefaultListableBeanFactory     : Creating shared instance of singleton bean 'fileWatcher'
2025-07-04T13:04:16.964+08:00 DEBUG 21012 --- [shopping] [main] o.s.b.f.s.DefaultListableBeanFactory     : Autowiring by type from bean name 'sslPropertiesSslBundleRegistrar' via factory method to bean named 'fileWatcher'
2025-07-04T13:04:16.968+08:00 DEBUG 21012 --- [shopping] [main] o.s.b.f.s.DefaultListableBeanFactory     : Creating shared instance of singleton bean 'tomcatServletWebServerFactoryCustomizer'
2025-07-04T13:04:16.969+08:00 DEBUG 21012 --- [shopping] [main] o.s.b.f.s.DefaultListableBeanFactory     : Autowiring by type from bean name 'tomcatServletWebServerFactoryCustomizer' via factory method to bean named 'server-org.springframework.boot.autoconfigure.web.ServerProperties'
2025-07-04T13:04:16.970+08:00 DEBUG 21012 --- [shopping] [main] o.s.b.f.s.DefaultListableBeanFactory     : Creating shared instance of singleton bean 'tomcatWebServerFactoryCustomizer'
2025-07-04T13:04:16.970+08:00 DEBUG 21012 --- [shopping] [main] o.s.b.f.s.DefaultListableBeanFactory     : Creating shared instance of singleton bean 'org.springframework.boot.autoconfigure.web.embedded.EmbeddedWebServerFactoryCustomizerAutoConfiguration$TomcatWebServerFactoryCustomizerConfiguration'
2025-07-04T13:04:16.971+08:00 DEBUG 21012 --- [shopping] [main] o.s.b.f.s.DefaultListableBeanFactory     : Autowiring by type from bean name 'tomcatWebServerFactoryCustomizer' via factory method to bean named 'environment'
2025-07-04T13:04:16.971+08:00 DEBUG 21012 --- [shopping] [main] o.s.b.f.s.DefaultListableBeanFactory     : Autowiring by type from bean name 'tomcatWebServerFactoryCustomizer' via factory method to bean named 'server-org.springframework.boot.autoconfigure.web.ServerProperties'
2025-07-04T13:04:16.973+08:00 DEBUG 21012 --- [shopping] [main] o.s.b.f.s.DefaultListableBeanFactory     : Creating shared instance of singleton bean 'localeCharsetMappingsCustomizer'
2025-07-04T13:04:16.973+08:00 DEBUG 21012 --- [shopping] [main] o.s.b.f.s.DefaultListableBeanFactory     : Creating shared instance of singleton bean 'org.springframework.boot.autoconfigure.web.servlet.HttpEncodingAutoConfiguration'
2025-07-04T13:04:16.973+08:00 DEBUG 21012 --- [shopping] [main] o.s.b.f.s.DefaultListableBeanFactory     : Autowiring by type from bean name 'org.springframework.boot.autoconfigure.web.servlet.HttpEncodingAutoConfiguration' via constructor to bean named 'server-org.springframework.boot.autoconfigure.web.ServerProperties'
2025-07-04T13:04:16.994+08:00 DEBUG 21012 --- [shopping] [main] o.s.b.f.s.DefaultListableBeanFactory     : Creating shared instance of singleton bean 'errorPageCustomizer'
2025-07-04T13:04:16.994+08:00 DEBUG 21012 --- [shopping] [main] o.s.b.f.s.DefaultListableBeanFactory     : Creating shared instance of singleton bean 'org.springframework.boot.autoconfigure.web.servlet.error.ErrorMvcAutoConfiguration'
2025-07-04T13:04:16.994+08:00 DEBUG 21012 --- [shopping] [main] o.s.b.f.s.DefaultListableBeanFactory     : Autowiring by type from bean name 'org.springframework.boot.autoconfigure.web.servlet.error.ErrorMvcAutoConfiguration' via constructor to bean named 'server-org.springframework.boot.autoconfigure.web.ServerProperties'
2025-07-04T13:04:16.995+08:00 DEBUG 21012 --- [shopping] [main] o.s.b.f.s.DefaultListableBeanFactory     : Creating shared instance of singleton bean 'dispatcherServletRegistration'
2025-07-04T13:04:16.995+08:00 DEBUG 21012 --- [shopping] [main] o.s.b.f.s.DefaultListableBeanFactory     : Creating shared instance of singleton bean 'org.springframework.boot.autoconfigure.web.servlet.DispatcherServletAutoConfiguration$DispatcherServletRegistrationConfiguration'
2025-07-04T13:04:16.995+08:00 DEBUG 21012 --- [shopping] [main] o.s.b.f.s.DefaultListableBeanFactory     : Creating shared instance of singleton bean 'dispatcherServlet'
2025-07-04T13:04:16.995+08:00 DEBUG 21012 --- [shopping] [main] o.s.b.f.s.DefaultListableBeanFactory     : Creating shared instance of singleton bean 'org.springframework.boot.autoconfigure.web.servlet.DispatcherServletAutoConfiguration$DispatcherServletConfiguration'
2025-07-04T13:04:16.996+08:00 DEBUG 21012 --- [shopping] [main] o.s.b.f.s.DefaultListableBeanFactory     : Creating shared instance of singleton bean 'spring.mvc-org.springframework.boot.autoconfigure.web.servlet.WebMvcProperties'
2025-07-04T13:04:16.998+08:00 DEBUG 21012 --- [shopping] [main] o.s.b.f.s.DefaultListableBeanFactory     : Autowiring by type from bean name 'dispatcherServlet' via factory method to bean named 'spring.mvc-org.springframework.boot.autoconfigure.web.servlet.WebMvcProperties'
2025-07-04T13:04:17.007+08:00 DEBUG 21012 --- [shopping] [main] o.s.b.f.s.DefaultListableBeanFactory     : Autowiring by type from bean name 'dispatcherServletRegistration' via factory method to bean named 'dispatcherServlet'
2025-07-04T13:04:17.007+08:00 DEBUG 21012 --- [shopping] [main] o.s.b.f.s.DefaultListableBeanFactory     : Autowiring by type from bean name 'dispatcherServletRegistration' via factory method to bean named 'spring.mvc-org.springframework.boot.autoconfigure.web.servlet.WebMvcProperties'
2025-07-04T13:04:17.009+08:00 DEBUG 21012 --- [shopping] [main] o.s.b.f.s.DefaultListableBeanFactory     : Creating shared instance of singleton bean 'multipartConfigElement'
2025-07-04T13:04:17.009+08:00 DEBUG 21012 --- [shopping] [main] o.s.b.f.s.DefaultListableBeanFactory     : Creating shared instance of singleton bean 'org.springframework.boot.autoconfigure.web.servlet.MultipartAutoConfiguration'
2025-07-04T13:04:17.009+08:00 DEBUG 21012 --- [shopping] [main] o.s.b.f.s.DefaultListableBeanFactory     : Creating shared instance of singleton bean 'spring.servlet.multipart-org.springframework.boot.autoconfigure.web.servlet.MultipartProperties'
2025-07-04T13:04:17.011+08:00 DEBUG 21012 --- [shopping] [main] o.s.b.f.s.DefaultListableBeanFactory     : Autowiring by type from bean name 'org.springframework.boot.autoconfigure.web.servlet.MultipartAutoConfiguration' via constructor to bean named 'spring.servlet.multipart-org.springframework.boot.autoconfigure.web.servlet.MultipartProperties'
2025-07-04T13:04:17.013+08:00 DEBUG 21012 --- [shopping] [main] o.s.b.f.s.DefaultListableBeanFactory     : Autowiring by type from bean name 'errorPageCustomizer' via factory method to bean named 'dispatcherServletRegistration'
2025-07-04T13:04:17.067+08:00 DEBUG 21012 --- [shopping] [main] .s.b.w.e.t.TomcatServletWebServerFactory : Code archive: C:\Users\USER\.m2\repository\org\springframework\boot\spring-boot\3.4.5\spring-boot-3.4.5.jar
2025-07-04T13:04:17.067+08:00 DEBUG 21012 --- [shopping] [main] .s.b.w.e.t.TomcatServletWebServerFactory : Code archive: C:\Users\USER\.m2\repository\org\springframework\boot\spring-boot\3.4.5\spring-boot-3.4.5.jar
2025-07-04T13:04:17.068+08:00 DEBUG 21012 --- [shopping] [main] .s.b.w.e.t.TomcatServletWebServerFactory : None of the document roots [src/main/webapp, public, static] point to a directory and will be ignored.
2025-07-04T13:04:17.086+08:00  INFO 21012 --- [shopping] [main] o.s.b.w.embedded.tomcat.TomcatWebServer  : Tomcat initialized with port 8080 (http)
2025-07-04T13:04:17.096+08:00  INFO 21012 --- [shopping] [main] o.apache.catalina.core.StandardService   : Starting service [Tomcat]
2025-07-04T13:04:17.097+08:00  INFO 21012 --- [shopping] [main] o.apache.catalina.core.StandardEngine    : Starting Servlet engine: [Apache Tomcat/10.1.40]
2025-07-04T13:04:17.138+08:00  INFO 21012 --- [shopping] [main] o.a.c.c.C.[Tomcat].[localhost].[/]       : Initializing Spring embedded WebApplicationContext
2025-07-04T13:04:17.138+08:00 DEBUG 21012 --- [shopping] [main] w.s.c.ServletWebServerApplicationContext : Published root WebApplicationContext as ServletContext attribute with name [org.springframework.web.context.WebApplicationContext.ROOT]
2025-07-04T13:04:17.138+08:00  INFO 21012 --- [shopping] [main] w.s.c.ServletWebServerApplicationContext : Root WebApplicationContext: initialization completed in 1243 ms
2025-07-04T13:04:17.140+08:00 DEBUG 21012 --- [shopping] [main] o.s.b.f.s.DefaultListableBeanFactory     : Creating shared instance of singleton bean 'securityFilterChainRegistration'
2025-07-04T13:04:17.140+08:00 DEBUG 21012 --- [shopping] [main] o.s.b.f.s.DefaultListableBeanFactory     : Creating shared instance of singleton bean 'org.springframework.boot.autoconfigure.security.servlet.SecurityFilterAutoConfiguration'
2025-07-04T13:04:17.141+08:00 DEBUG 21012 --- [shopping] [main] o.s.b.f.s.DefaultListableBeanFactory     : Creating shared instance of singleton bean 'spring.security-org.springframework.boot.autoconfigure.security.SecurityProperties'
2025-07-04T13:04:17.142+08:00 DEBUG 21012 --- [shopping] [main] o.s.b.f.s.DefaultListableBeanFactory     : Autowiring by type from bean name 'securityFilterChainRegistration' via factory method to bean named 'spring.security-org.springframework.boot.autoconfigure.security.SecurityProperties'
2025-07-04T13:04:17.146+08:00 DEBUG 21012 --- [shopping] [main] o.s.b.f.s.DefaultListableBeanFactory     : Creating shared instance of singleton bean 'jwtAuthenticationFilter'
2025-07-04T13:04:17.149+08:00 DEBUG 21012 --- [shopping] [main] o.s.b.f.s.DefaultListableBeanFactory     : Creating shared instance of singleton bean 'keyInitializer'
2025-07-04T13:04:17.412+08:00 DEBUG 21012 --- [shopping] [main] o.s.b.f.s.DefaultListableBeanFactory     : Creating shared instance of singleton bean 'userRepository'
2025-07-04T13:04:17.417+08:00 DEBUG 21012 --- [shopping] [main] o.s.b.f.s.DefaultListableBeanFactory     : Creating shared instance of singleton bean 'jpa.named-queries#2'
2025-07-04T13:04:17.420+08:00 DEBUG 21012 --- [shopping] [main] o.s.b.f.s.DefaultListableBeanFactory     : Creating shared instance of singleton bean 'jpa.UserRepository.fragments#0'
2025-07-04T13:04:17.423+08:00 DEBUG 21012 --- [shopping] [main] o.s.b.f.s.DefaultListableBeanFactory     : Creating shared instance of singleton bean 'jpaSharedEM_entityManagerFactory'
2025-07-04T13:04:17.423+08:00 DEBUG 21012 --- [shopping] [main] o.s.b.f.s.DefaultListableBeanFactory     : Creating shared instance of singleton bean 'dataSourceScriptDatabaseInitializer'
2025-07-04T13:04:17.423+08:00 DEBUG 21012 --- [shopping] [main] o.s.b.f.s.DefaultListableBeanFactory     : Creating shared instance of singleton bean 'org.springframework.boot.autoconfigure.sql.init.DataSourceInitializationConfiguration'
2025-07-04T13:04:17.423+08:00 DEBUG 21012 --- [shopping] [main] o.s.b.f.s.DefaultListableBeanFactory     : Creating shared instance of singleton bean 'dataSource'
2025-07-04T13:04:17.423+08:00 DEBUG 21012 --- [shopping] [main] o.s.b.f.s.DefaultListableBeanFactory     : Creating shared instance of singleton bean 'org.springframework.boot.autoconfigure.jdbc.DataSourceConfiguration$Hikari'
2025-07-04T13:04:17.424+08:00 DEBUG 21012 --- [shopping] [main] o.s.b.f.s.DefaultListableBeanFactory     : Creating shared instance of singleton bean 'spring.datasource-org.springframework.boot.autoconfigure.jdbc.DataSourceProperties'
2025-07-04T13:04:17.428+08:00 DEBUG 21012 --- [shopping] [main] o.s.b.f.s.DefaultListableBeanFactory     : Creating shared instance of singleton bean 'jdbcConnectionDetails'
2025-07-04T13:04:17.428+08:00 DEBUG 21012 --- [shopping] [main] o.s.b.f.s.DefaultListableBeanFactory     : Creating shared instance of singleton bean 'org.springframework.boot.autoconfigure.jdbc.DataSourceAutoConfiguration$PooledDataSourceConfiguration'
2025-07-04T13:04:17.428+08:00 DEBUG 21012 --- [shopping] [main] o.s.b.f.s.DefaultListableBeanFactory     : Autowiring by type from bean name 'jdbcConnectionDetails' via factory method to bean named 'spring.datasource-org.springframework.boot.autoconfigure.jdbc.DataSourceProperties'
2025-07-04T13:04:17.429+08:00 DEBUG 21012 --- [shopping] [main] o.s.b.f.s.DefaultListableBeanFactory     : Autowiring by type from bean name 'dataSource' via factory method to bean named 'spring.datasource-org.springframework.boot.autoconfigure.jdbc.DataSourceProperties'
2025-07-04T13:04:17.429+08:00 DEBUG 21012 --- [shopping] [main] o.s.b.f.s.DefaultListableBeanFactory     : Autowiring by type from bean name 'dataSource' via factory method to bean named 'jdbcConnectionDetails'
2025-07-04T13:04:17.429+08:00 DEBUG 21012 --- [shopping] [main] o.s.b.f.s.DefaultListableBeanFactory     : Autowiring by type from bean name 'dataSource' via factory method to bean named 'environment'
2025-07-04T13:04:17.440+08:00 DEBUG 21012 --- [shopping] [main] o.s.b.f.s.DefaultListableBeanFactory     : Creating shared instance of singleton bean 'spring.sql.init-org.springframework.boot.autoconfigure.sql.init.SqlInitializationProperties'
2025-07-04T13:04:17.442+08:00 DEBUG 21012 --- [shopping] [main] o.s.b.f.s.DefaultListableBeanFactory     : Autowiring by type from bean name 'dataSourceScriptDatabaseInitializer' via factory method to bean named 'dataSource'
2025-07-04T13:04:17.442+08:00 DEBUG 21012 --- [shopping] [main] o.s.b.f.s.DefaultListableBeanFactory     : Autowiring by type from bean name 'dataSourceScriptDatabaseInitializer' via factory method to bean named 'spring.sql.init-org.springframework.boot.autoconfigure.sql.init.SqlInitializationProperties'
2025-07-04T13:04:17.445+08:00 DEBUG 21012 --- [shopping] [main] o.s.b.f.s.DefaultListableBeanFactory     : Creating shared instance of singleton bean 'entityManagerFactory'
2025-07-04T13:04:17.445+08:00 DEBUG 21012 --- [shopping] [main] o.s.b.f.s.DefaultListableBeanFactory     : Creating shared instance of singleton bean 'org.springframework.boot.autoconfigure.orm.jpa.HibernateJpaConfiguration'
2025-07-04T13:04:17.446+08:00 DEBUG 21012 --- [shopping] [main] o.s.b.f.s.DefaultListableBeanFactory     : Creating shared instance of singleton bean 'spring.jpa-org.springframework.boot.autoconfigure.orm.jpa.JpaProperties'
2025-07-04T13:04:17.450+08:00 DEBUG 21012 --- [shopping] [main] o.s.b.f.s.DefaultListableBeanFactory     : Creating shared instance of singleton bean 'spring.jpa.hibernate-org.springframework.boot.autoconfigure.orm.jpa.HibernateProperties'
2025-07-04T13:04:17.451+08:00 DEBUG 21012 --- [shopping] [main] o.s.b.f.s.DefaultListableBeanFactory     : Autowiring by type from bean name 'org.springframework.boot.autoconfigure.orm.jpa.HibernateJpaConfiguration' via constructor to bean named 'dataSource'
2025-07-04T13:04:17.451+08:00 DEBUG 21012 --- [shopping] [main] o.s.b.f.s.DefaultListableBeanFactory     : Autowiring by type from bean name 'org.springframework.boot.autoconfigure.orm.jpa.HibernateJpaConfiguration' via constructor to bean named 'spring.jpa-org.springframework.boot.autoconfigure.orm.jpa.JpaProperties'
2025-07-04T13:04:17.451+08:00 DEBUG 21012 --- [shopping] [main] o.s.b.f.s.DefaultListableBeanFactory     : Autowiring by type from bean name 'org.springframework.boot.autoconfigure.orm.jpa.HibernateJpaConfiguration' via constructor to bean named 'org.springframework.beans.factory.support.DefaultListableBeanFactory@7bb3a9fe'
2025-07-04T13:04:17.451+08:00 DEBUG 21012 --- [shopping] [main] o.s.b.f.s.DefaultListableBeanFactory     : Autowiring by type from bean name 'org.springframework.boot.autoconfigure.orm.jpa.HibernateJpaConfiguration' via constructor to bean named 'spring.jpa.hibernate-org.springframework.boot.autoconfigure.orm.jpa.HibernateProperties'
2025-07-04T13:04:17.454+08:00 DEBUG 21012 --- [shopping] [main] o.s.b.f.s.DefaultListableBeanFactory     : Creating shared instance of singleton bean 'hikariPoolDataSourceMetadataProvider'
2025-07-04T13:04:17.454+08:00 DEBUG 21012 --- [shopping] [main] o.s.b.f.s.DefaultListableBeanFactory     : Creating shared instance of singleton bean 'org.springframework.boot.autoconfigure.jdbc.metadata.DataSourcePoolMetadataProvidersConfiguration$HikariPoolDataSourceMetadataProviderConfiguration'
2025-07-04T13:04:17.458+08:00 DEBUG 21012 --- [shopping] [main] o.s.b.f.s.DefaultListableBeanFactory     : Creating shared instance of singleton bean 'entityManagerFactoryBuilder'
2025-07-04T13:04:17.458+08:00 DEBUG 21012 --- [shopping] [main] o.s.b.f.s.DefaultListableBeanFactory     : Creating shared instance of singleton bean 'jpaVendorAdapter'
2025-07-04T13:04:17.464+08:00 DEBUG 21012 --- [shopping] [main] o.s.b.f.s.DefaultListableBeanFactory     : Autowiring by type from bean name 'entityManagerFactoryBuilder' via factory method to bean named 'jpaVendorAdapter'
2025-07-04T13:04:17.467+08:00 DEBUG 21012 --- [shopping] [main] o.s.b.f.s.DefaultListableBeanFactory     : Creating shared instance of singleton bean 'persistenceManagedTypes'
2025-07-04T13:04:17.467+08:00 DEBUG 21012 --- [shopping] [main] o.s.b.f.s.DefaultListableBeanFactory     : Autowiring by type from bean name 'persistenceManagedTypes' via factory method to bean named 'org.springframework.beans.factory.support.DefaultListableBeanFactory@7bb3a9fe'
2025-07-04T13:04:17.467+08:00 DEBUG 21012 --- [shopping] [main] o.s.b.f.s.DefaultListableBeanFactory     : Autowiring by type from bean name 'persistenceManagedTypes' via factory method to bean named 'org.springframework.boot.web.servlet.context.AnnotationConfigServletWebServerApplicationContext@13f17eb4'
2025-07-04T13:04:17.476+08:00 DEBUG 21012 --- [shopping] [main] o.s.b.f.s.DefaultListableBeanFactory     : Autowiring by type from bean name 'entityManagerFactory' via factory method to bean named 'entityManagerFactoryBuilder'
2025-07-04T13:04:17.476+08:00 DEBUG 21012 --- [shopping] [main] o.s.b.f.s.DefaultListableBeanFactory     : Autowiring by type from bean name 'entityManagerFactory' via factory method to bean named 'persistenceManagedTypes'
2025-07-04T13:04:17.499+08:00 DEBUG 21012 --- [shopping] [main] j.LocalContainerEntityManagerFactoryBean : Building JPA container EntityManagerFactory for persistence unit 'default'
2025-07-04T13:04:17.511+08:00  INFO 21012 --- [shopping] [main] o.hibernate.jpa.internal.util.LogHelper  : HHH000204: Processing PersistenceUnitInfo [name: default]
2025-07-04T13:04:17.544+08:00  INFO 21012 --- [shopping] [main] org.hibernate.Version                    : HHH000412: Hibernate ORM core version 6.6.13.Final
2025-07-04T13:04:17.567+08:00  INFO 21012 --- [shopping] [main] o.h.c.internal.RegionFactoryInitiator    : HHH000026: Second-level cache disabled
2025-07-04T13:04:17.737+08:00  INFO 21012 --- [shopping] [main] o.s.o.j.p.SpringPersistenceUnitInfo      : No LoadTimeWeaver setup: ignoring JPA class transformer
2025-07-04T13:04:17.761+08:00  INFO 21012 --- [shopping] [main] com.zaxxer.hikari.HikariDataSource       : HikariPool-1 - Starting...
2025-07-04T13:04:19.406+08:00  INFO 21012 --- [shopping] [main] com.zaxxer.hikari.pool.HikariPool        : HikariPool-1 - Added connection org.postgresql.jdbc.PgConnection@18ca9277
2025-07-04T13:04:19.408+08:00  INFO 21012 --- [shopping] [main] com.zaxxer.hikari.HikariDataSource       : HikariPool-1 - Start completed.
2025-07-04T13:04:19.596+08:00  WARN 21012 --- [shopping] [main] org.hibernate.orm.deprecation            : HHH90000025: PostgreSQLDialect does not need to be specified explicitly using 'hibernate.dialect' (remove the property setting and it will be selected by default)
2025-07-04T13:04:19.910+08:00  INFO 21012 --- [shopping] [main] org.hibernate.orm.connections.pooling    : HHH10001005: Database info:
	Database JDBC URL [Connecting through datasource 'HikariDataSource (HikariPool-1)']
	Database driver: undefined/unknown
	Database version: 16.9
	Autocommit mode: undefined/unknown
	Isolation level: undefined/unknown
	Minimum pool size: undefined/unknown
	Maximum pool size: undefined/unknown
2025-07-04T13:04:20.776+08:00  INFO 21012 --- [shopping] [main] o.h.e.t.j.p.i.JtaPlatformInitiator       : HHH000489: No JTA platform available (set 'hibernate.transaction.jta.platform' to enable JTA platform integration)
2025-07-04T13:04:32.057+08:00  INFO 21012 --- [shopping] [main] j.LocalContainerEntityManagerFactoryBean : Initialized JPA EntityManagerFactory for persistence unit 'default'
2025-07-04T13:04:32.081+08:00 DEBUG 21012 --- [shopping] [main] o.s.b.f.s.DefaultListableBeanFactory     : Creating shared instance of singleton bean 'jpaMappingContext'
2025-07-04T13:04:32.081+08:00 DEBUG 21012 --- [shopping] [main] .c.JpaMetamodelMappingContextFactoryBean : Initializing JpaMetamodelMappingContext…
2025-07-04T13:04:32.090+08:00 DEBUG 21012 --- [shopping] [main] .c.JpaMetamodelMappingContextFactoryBean : Finished initializing JpaMetamodelMappingContext
2025-07-04T13:04:32.114+08:00 DEBUG 21012 --- [shopping] [main] tor$SharedEntityManagerInvocationHandler : Creating new EntityManager for shared EntityManager invocation
2025-07-04T13:04:32.146+08:00 DEBUG 21012 --- [shopping] [main] tor$SharedEntityManagerInvocationHandler : Creating new EntityManager for shared EntityManager invocation
2025-07-04T13:04:32.189+08:00 DEBUG 21012 --- [shopping] [main] o.s.d.r.c.s.RepositoryFactorySupport     : Initializing repository instance for com.example.demo.repository.UserRepository…
2025-07-04T13:04:32.199+08:00 DEBUG 21012 --- [shopping] [main] tor$SharedEntityManagerInvocationHandler : Creating new EntityManager for shared EntityManager invocation
2025-07-04T13:04:32.239+08:00 DEBUG 21012 --- [shopping] [main] o.s.d.jpa.repository.query.NamedQuery    : Did not find named query User.findByIdWithRole.count
2025-07-04T13:04:32.240+08:00 DEBUG 21012 --- [shopping] [main] tor$SharedEntityManagerInvocationHandler : Creating new EntityManager for shared EntityManager invocation
2025-07-04T13:04:32.259+08:00  INFO 21012 --- [shopping] [main] o.s.d.j.r.query.QueryEnhancerFactory     : Hibernate is in classpath; If applicable, HQL parser will be used.
2025-07-04T13:04:32.627+08:00 DEBUG 21012 --- [shopping] [main] o.s.d.jpa.repository.query.NamedQuery    : Looking up named query 'User.findByUsername'
2025-07-04T13:04:32.627+08:00 DEBUG 21012 --- [shopping] [main] o.s.d.jpa.repository.query.NamedQuery    : Did not find named query User.findByUsername
2025-07-04T13:04:32.629+08:00 DEBUG 21012 --- [shopping] [main] tor$SharedEntityManagerInvocationHandler : Creating new EntityManager for shared EntityManager invocation
2025-07-04T13:04:32.652+08:00 DEBUG 21012 --- [shopping] [main] o.s.d.jpa.repository.query.NamedQuery    : Did not find named query User.findByRoleWithRole.count
2025-07-04T13:04:32.652+08:00 DEBUG 21012 --- [shopping] [main] tor$SharedEntityManagerInvocationHandler : Creating new EntityManager for shared EntityManager invocation
2025-07-04T13:04:32.654+08:00 DEBUG 21012 --- [shopping] [main] o.s.d.jpa.repository.query.NamedQuery    : Did not find named query User.findByUsernameWithRole.count
2025-07-04T13:04:32.654+08:00 DEBUG 21012 --- [shopping] [main] tor$SharedEntityManagerInvocationHandler : Creating new EntityManager for shared EntityManager invocation
2025-07-04T13:04:32.657+08:00 DEBUG 21012 --- [shopping] [main] o.s.d.jpa.repository.query.NamedQuery    : Looking up named query 'User.findByEmail'
2025-07-04T13:04:32.657+08:00 DEBUG 21012 --- [shopping] [main] o.s.d.jpa.repository.query.NamedQuery    : Did not find named query User.findByEmail
2025-07-04T13:04:32.657+08:00 DEBUG 21012 --- [shopping] [main] tor$SharedEntityManagerInvocationHandler : Creating new EntityManager for shared EntityManager invocation
2025-07-04T13:04:32.660+08:00 DEBUG 21012 --- [shopping] [main] o.s.d.r.c.s.RepositoryFactorySupport     : Finished creation of repository instance for com.example.demo.repository.UserRepository.
2025-07-04T13:04:32.662+08:00 DEBUG 21012 --- [shopping] [main] o.s.b.f.s.DefaultListableBeanFactory     : Creating shared instance of singleton bean 'requestContextFilter'
2025-07-04T13:04:32.663+08:00 DEBUG 21012 --- [shopping] [main] o.s.b.f.s.DefaultListableBeanFactory     : Creating shared instance of singleton bean 'formContentFilter'
2025-07-04T13:04:32.663+08:00 DEBUG 21012 --- [shopping] [main] o.s.b.f.s.DefaultListableBeanFactory     : Creating shared instance of singleton bean 'org.springframework.boot.autoconfigure.web.servlet.WebMvcAutoConfiguration'
2025-07-04T13:04:32.664+08:00 DEBUG 21012 --- [shopping] [main] o.s.b.f.s.DefaultListableBeanFactory     : Creating shared instance of singleton bean 'characterEncodingFilter'
2025-07-04T13:04:32.672+08:00 DEBUG 21012 --- [shopping] [main] o.s.b.w.s.ServletContextInitializerBeans : Mapping filters: springSecurityFilterChain urls=[/*] order=-100, characterEncodingFilter urls=[/*] order=-2147483648, formContentFilter urls=[/*] order=-9900, requestContextFilter urls=[/*] order=-105, jwtAuthenticationFilter urls=[/*] order=2147483647
2025-07-04T13:04:32.672+08:00 DEBUG 21012 --- [shopping] [main] o.s.b.w.s.ServletContextInitializerBeans : Mapping servlets: dispatcherServlet urls=[/]
2025-07-04T13:04:32.692+08:00 DEBUG 21012 --- [shopping] [main] o.s.b.w.s.f.OrderedRequestContextFilter  : Filter 'requestContextFilter' configured for use
2025-07-04T13:04:32.694+08:00 DEBUG 21012 --- [shopping] [main] c.e.demo.filter.JwtAuthenticationFilter  : Filter 'jwtAuthenticationFilter' configured for use
2025-07-04T13:04:32.694+08:00 DEBUG 21012 --- [shopping] [main] s.b.w.s.f.OrderedCharacterEncodingFilter : Filter 'characterEncodingFilter' configured for use
2025-07-04T13:04:32.694+08:00 DEBUG 21012 --- [shopping] [main] .DelegatingFilterProxyRegistrationBean$1 : Filter 'springSecurityFilterChain' configured for use
2025-07-04T13:04:32.694+08:00 DEBUG 21012 --- [shopping] [main] o.s.b.w.s.f.OrderedFormContentFilter     : Filter 'formContentFilter' configured for use
2025-07-04T13:04:32.702+08:00 DEBUG 21012 --- [shopping] [main] o.s.b.f.s.DefaultListableBeanFactory     : Creating shared instance of singleton bean 'shoppingApplication'
2025-07-04T13:04:32.703+08:00 DEBUG 21012 --- [shopping] [main] o.s.b.f.s.DefaultListableBeanFactory     : Creating shared instance of singleton bean 'captchaConfig'
2025-07-04T13:04:32.703+08:00 DEBUG 21012 --- [shopping] [main] o.s.b.f.s.DefaultListableBeanFactory     : Creating shared instance of singleton bean 'securityConfig'
2025-07-04T13:04:32.704+08:00 DEBUG 21012 --- [shopping] [main] o.s.b.f.s.DefaultListableBeanFactory     : Creating shared instance of singleton bean 'customUserDetailsService'
2025-07-04T13:04:32.706+08:00 DEBUG 21012 --- [shopping] [main] o.s.b.f.s.DefaultListableBeanFactory     : Creating shared instance of singleton bean 'webMvcConfig'
2025-07-04T13:04:32.707+08:00 DEBUG 21012 --- [shopping] [main] o.s.c.e.PropertySourcesPropertyResolver  : Found key 'file.upload-dir' in PropertySource 'environmentProperties' with value of type String
2025-07-04T13:04:32.708+08:00 DEBUG 21012 --- [shopping] [main] o.s.b.f.s.DefaultListableBeanFactory     : Creating shared instance of singleton bean 'adminBrowseHistoryController'
2025-07-04T13:04:32.710+08:00 DEBUG 21012 --- [shopping] [main] o.s.b.f.s.DefaultListableBeanFactory     : Creating shared instance of singleton bean 'adminRecentlyViewedServiceImpl'
2025-07-04T13:04:32.710+08:00 DEBUG 21012 --- [shopping] [main] o.s.b.f.s.DefaultListableBeanFactory     : Creating shared instance of singleton bean 'recentlyViewedRepository'
2025-07-04T13:04:32.711+08:00 DEBUG 21012 --- [shopping] [main] o.s.b.f.s.DefaultListableBeanFactory     : Creating shared instance of singleton bean 'jpa.named-queries#15'
2025-07-04T13:04:32.712+08:00 DEBUG 21012 --- [shopping] [main] o.s.b.f.s.DefaultListableBeanFactory     : Creating shared instance of singleton bean 'jpa.RecentlyViewedRepository.fragments#0'
2025-07-04T13:04:32.712+08:00 DEBUG 21012 --- [shopping] [main] tor$SharedEntityManagerInvocationHandler : Creating new EntityManager for shared EntityManager invocation
2025-07-04T13:04:32.713+08:00 DEBUG 21012 --- [shopping] [main] o.s.d.r.c.s.RepositoryFactorySupport     : Initializing repository instance for com.example.demo.repository.RecentlyViewedRepository…
2025-07-04T13:04:32.714+08:00 DEBUG 21012 --- [shopping] [main] tor$SharedEntityManagerInvocationHandler : Creating new EntityManager for shared EntityManager invocation
2025-07-04T13:04:32.716+08:00 DEBUG 21012 --- [shopping] [main] o.s.d.jpa.repository.query.NamedQuery    : Did not find named query RecentlyViewed.findByUserIdOrderByViewTimeDescWithUserAndproductAndproductImage.count
2025-07-04T13:04:32.716+08:00 DEBUG 21012 --- [shopping] [main] tor$SharedEntityManagerInvocationHandler : Creating new EntityManager for shared EntityManager invocation
2025-07-04T13:04:32.724+08:00 DEBUG 21012 --- [shopping] [main] o.s.d.jpa.repository.query.NamedQuery    : Looking up named query 'RecentlyViewed.findByUserIdAndProductId'
2025-07-04T13:04:32.725+08:00 DEBUG 21012 --- [shopping] [main] o.s.d.jpa.repository.query.NamedQuery    : Did not find named query RecentlyViewed.findByUserIdAndProductId
2025-07-04T13:04:32.725+08:00 DEBUG 21012 --- [shopping] [main] tor$SharedEntityManagerInvocationHandler : Creating new EntityManager for shared EntityManager invocation
2025-07-04T13:04:32.726+08:00 DEBUG 21012 --- [shopping] [main] o.s.d.jpa.repository.query.NamedQuery    : Looking up named query 'RecentlyViewed.findAllByOrderByViewedAtDesc'
2025-07-04T13:04:32.726+08:00 DEBUG 21012 --- [shopping] [main] o.s.d.jpa.repository.query.NamedQuery    : Did not find named query RecentlyViewed.findAllByOrderByViewedAtDesc
2025-07-04T13:04:32.726+08:00 DEBUG 21012 --- [shopping] [main] tor$SharedEntityManagerInvocationHandler : Creating new EntityManager for shared EntityManager invocation
2025-07-04T13:04:32.729+08:00 DEBUG 21012 --- [shopping] [main] o.s.d.r.c.s.RepositoryFactorySupport     : Finished creation of repository instance for com.example.demo.repository.RecentlyViewedRepository.
2025-07-04T13:04:32.730+08:00 DEBUG 21012 --- [shopping] [main] o.s.b.f.s.DefaultListableBeanFactory     : Creating shared instance of singleton bean 'adminCategoryController'
2025-07-04T13:04:32.732+08:00 DEBUG 21012 --- [shopping] [main] o.s.b.f.s.DefaultListableBeanFactory     : Creating shared instance of singleton bean 'categoryServiceImpl'
2025-07-04T13:04:32.733+08:00 DEBUG 21012 --- [shopping] [main] o.s.b.f.s.DefaultListableBeanFactory     : Creating shared instance of singleton bean 'categoryRepository'
2025-07-04T13:04:32.734+08:00 DEBUG 21012 --- [shopping] [main] o.s.b.f.s.DefaultListableBeanFactory     : Creating shared instance of singleton bean 'jpa.named-queries#13'
2025-07-04T13:04:32.735+08:00 DEBUG 21012 --- [shopping] [main] o.s.b.f.s.DefaultListableBeanFactory     : Creating shared instance of singleton bean 'jpa.CategoryRepository.fragments#0'
2025-07-04T13:04:32.735+08:00 DEBUG 21012 --- [shopping] [main] tor$SharedEntityManagerInvocationHandler : Creating new EntityManager for shared EntityManager invocation
2025-07-04T13:04:32.736+08:00 DEBUG 21012 --- [shopping] [main] o.s.d.r.c.s.RepositoryFactorySupport     : Initializing repository instance for com.example.demo.repository.CategoryRepository…
2025-07-04T13:04:32.736+08:00 DEBUG 21012 --- [shopping] [main] tor$SharedEntityManagerInvocationHandler : Creating new EntityManager for shared EntityManager invocation
2025-07-04T13:04:32.737+08:00 DEBUG 21012 --- [shopping] [main] o.s.d.jpa.repository.query.NamedQuery    : Did not find named query Category.findLeafCategories.count
2025-07-04T13:04:32.739+08:00 DEBUG 21012 --- [shopping] [main] tor$SharedEntityManagerInvocationHandler : Creating new EntityManager for shared EntityManager invocation
2025-07-04T13:04:32.744+08:00 DEBUG 21012 --- [shopping] [main] o.s.d.jpa.repository.query.NamedQuery    : Did not find named query Category.findChildrenBySlug.count
2025-07-04T13:04:32.744+08:00 DEBUG 21012 --- [shopping] [main] tor$SharedEntityManagerInvocationHandler : Creating new EntityManager for shared EntityManager invocation
2025-07-04T13:04:32.745+08:00 DEBUG 21012 --- [shopping] [main] o.s.d.jpa.repository.query.NamedQuery    : Looking up named query 'Category.findByParentId'
2025-07-04T13:04:32.745+08:00 DEBUG 21012 --- [shopping] [main] o.s.d.jpa.repository.query.NamedQuery    : Did not find named query Category.findByParentId
2025-07-04T13:04:32.745+08:00 DEBUG 21012 --- [shopping] [main] tor$SharedEntityManagerInvocationHandler : Creating new EntityManager for shared EntityManager invocation
2025-07-04T13:04:32.746+08:00 DEBUG 21012 --- [shopping] [main] o.s.d.jpa.repository.query.NamedQuery    : Did not find named query Category.findAllWithParent.count
2025-07-04T13:04:32.746+08:00 DEBUG 21012 --- [shopping] [main] tor$SharedEntityManagerInvocationHandler : Creating new EntityManager for shared EntityManager invocation
2025-07-04T13:04:32.746+08:00 DEBUG 21012 --- [shopping] [main] o.s.d.jpa.repository.query.NamedQuery    : Looking up named query 'Category.findBySlug'
2025-07-04T13:04:32.746+08:00 DEBUG 21012 --- [shopping] [main] o.s.d.jpa.repository.query.NamedQuery    : Did not find named query Category.findBySlug
2025-07-04T13:04:32.746+08:00 DEBUG 21012 --- [shopping] [main] tor$SharedEntityManagerInvocationHandler : Creating new EntityManager for shared EntityManager invocation
2025-07-04T13:04:32.747+08:00 DEBUG 21012 --- [shopping] [main] o.s.d.jpa.repository.query.NamedQuery    : Did not find named query Category.findByIdWithChildren.count
2025-07-04T13:04:32.747+08:00 DEBUG 21012 --- [shopping] [main] tor$SharedEntityManagerInvocationHandler : Creating new EntityManager for shared EntityManager invocation
2025-07-04T13:04:32.762+08:00 DEBUG 21012 --- [shopping] [main] o.s.d.r.c.s.RepositoryFactorySupport     : Finished creation of repository instance for com.example.demo.repository.CategoryRepository.
2025-07-04T13:04:32.763+08:00 DEBUG 21012 --- [shopping] [main] o.s.b.f.s.DefaultListableBeanFactory     : Creating shared instance of singleton bean 'adminDashboard'
2025-07-04T13:04:32.764+08:00 DEBUG 21012 --- [shopping] [main] o.s.b.f.s.DefaultListableBeanFactory     : Creating shared instance of singleton bean 'adminOrderServiceImpl'
2025-07-04T13:04:32.765+08:00 DEBUG 21012 --- [shopping] [main] o.s.b.f.s.DefaultListableBeanFactory     : Creating shared instance of singleton bean 'orderRepository'
2025-07-04T13:04:32.766+08:00 DEBUG 21012 --- [shopping] [main] o.s.b.f.s.DefaultListableBeanFactory     : Creating shared instance of singleton bean 'jpa.named-queries#0'
2025-07-04T13:04:32.766+08:00 DEBUG 21012 --- [shopping] [main] o.s.b.f.s.DefaultListableBeanFactory     : Creating shared instance of singleton bean 'jpa.OrderRepository.fragments#0'
2025-07-04T13:04:32.766+08:00 DEBUG 21012 --- [shopping] [main] tor$SharedEntityManagerInvocationHandler : Creating new EntityManager for shared EntityManager invocation
2025-07-04T13:04:32.772+08:00 DEBUG 21012 --- [shopping] [main] o.s.d.r.c.s.RepositoryFactorySupport     : Initializing repository instance for com.example.demo.repository.OrderRepository…
2025-07-04T13:04:32.772+08:00 DEBUG 21012 --- [shopping] [main] tor$SharedEntityManagerInvocationHandler : Creating new EntityManager for shared EntityManager invocation
2025-07-04T13:04:32.774+08:00 DEBUG 21012 --- [shopping] [main] o.s.d.jpa.repository.query.NamedQuery    : Did not find named query Order.searchOrdersNoPage.count
2025-07-04T13:04:32.774+08:00 DEBUG 21012 --- [shopping] [main] tor$SharedEntityManagerInvocationHandler : Creating new EntityManager for shared EntityManager invocation
2025-07-04T13:04:33.012+08:00 DEBUG 21012 --- [shopping] [main] o.s.d.jpa.repository.query.NamedQuery    : Did not find named query Order.sumTotalSalesOfCompletedOrders.count
2025-07-04T13:04:33.013+08:00 DEBUG 21012 --- [shopping] [main] tor$SharedEntityManagerInvocationHandler : Creating new EntityManager for shared EntityManager invocation
2025-07-04T13:04:33.033+08:00 DEBUG 21012 --- [shopping] [main] o.s.d.jpa.repository.query.NamedQuery    : Did not find named query Order.findBySellerIdWithOrderItemAndBuyerAndSeller.count
2025-07-04T13:04:33.033+08:00 DEBUG 21012 --- [shopping] [main] tor$SharedEntityManagerInvocationHandler : Creating new EntityManager for shared EntityManager invocation
2025-07-04T13:04:33.035+08:00 DEBUG 21012 --- [shopping] [main] o.s.d.jpa.repository.query.NamedQuery    : Did not find named query Order.findByBuyerIdWithOrderItemAndBuyerAndSeller.count
2025-07-04T13:04:33.035+08:00 DEBUG 21012 --- [shopping] [main] tor$SharedEntityManagerInvocationHandler : Creating new EntityManager for shared EntityManager invocation
2025-07-04T13:04:33.036+08:00 DEBUG 21012 --- [shopping] [main] o.s.d.jpa.repository.query.NamedQuery    : Did not find named query Order.findByIdWithItemsAndSeller.count
2025-07-04T13:04:33.037+08:00 DEBUG 21012 --- [shopping] [main] tor$SharedEntityManagerInvocationHandler : Creating new EntityManager for shared EntityManager invocation
2025-07-04T13:04:33.039+08:00 DEBUG 21012 --- [shopping] [main] o.s.d.r.c.s.RepositoryFactorySupport     : Finished creation of repository instance for com.example.demo.repository.OrderRepository.
2025-07-04T13:04:33.041+08:00 DEBUG 21012 --- [shopping] [main] o.s.b.f.s.DefaultListableBeanFactory     : Creating shared instance of singleton bean 'adminLoginController'
2025-07-04T13:04:33.041+08:00 DEBUG 21012 --- [shopping] [main] o.s.b.f.s.DefaultListableBeanFactory     : Creating shared instance of singleton bean 'authenticationManager'
2025-07-04T13:04:33.042+08:00 DEBUG 21012 --- [shopping] [main] o.s.b.f.s.DefaultListableBeanFactory     : Creating shared instance of singleton bean 'org.springframework.security.config.annotation.web.configuration.HttpSecurityConfiguration'
2025-07-04T13:04:33.045+08:00 DEBUG 21012 --- [shopping] [main] o.s.b.f.s.DefaultListableBeanFactory     : Creating shared instance of singleton bean 'objectPostProcessor'
2025-07-04T13:04:33.046+08:00 DEBUG 21012 --- [shopping] [main] o.s.b.f.s.DefaultListableBeanFactory     : Creating shared instance of singleton bean 'org.springframework.security.config.annotation.configuration.ObjectPostProcessorConfiguration'
2025-07-04T13:04:33.046+08:00 DEBUG 21012 --- [shopping] [main] o.s.b.f.s.DefaultListableBeanFactory     : Autowiring by type from bean name 'objectPostProcessor' via factory method to bean named 'org.springframework.beans.factory.support.DefaultListableBeanFactory@7bb3a9fe'
2025-07-04T13:04:33.047+08:00 DEBUG 21012 --- [shopping] [main] o.s.b.f.s.DefaultListableBeanFactory     : Creating shared instance of singleton bean 'org.springframework.security.config.annotation.authentication.configuration.AuthenticationConfiguration'
2025-07-04T13:04:33.048+08:00 DEBUG 21012 --- [shopping] [main] o.s.b.f.s.DefaultListableBeanFactory     : Creating shared instance of singleton bean 'enableGlobalAuthenticationAutowiredConfigurer'
2025-07-04T13:04:33.048+08:00 DEBUG 21012 --- [shopping] [main] o.s.b.f.s.DefaultListableBeanFactory     : Autowiring by type from bean name 'enableGlobalAuthenticationAutowiredConfigurer' via factory method to bean named 'org.springframework.boot.web.servlet.context.AnnotationConfigServletWebServerApplicationContext@13f17eb4'
2025-07-04T13:04:33.049+08:00 DEBUG 21012 --- [shopping] [main] o.s.b.f.s.DefaultListableBeanFactory     : Creating shared instance of singleton bean 'initializeUserDetailsBeanManagerConfigurer'
2025-07-04T13:04:33.049+08:00 DEBUG 21012 --- [shopping] [main] o.s.b.f.s.DefaultListableBeanFactory     : Autowiring by type from bean name 'initializeUserDetailsBeanManagerConfigurer' via factory method to bean named 'org.springframework.boot.web.servlet.context.AnnotationConfigServletWebServerApplicationContext@13f17eb4'
2025-07-04T13:04:33.049+08:00 DEBUG 21012 --- [shopping] [main] o.s.b.f.s.DefaultListableBeanFactory     : Creating shared instance of singleton bean 'initializeAuthenticationProviderBeanManagerConfigurer'
2025-07-04T13:04:33.050+08:00 DEBUG 21012 --- [shopping] [main] o.s.b.f.s.DefaultListableBeanFactory     : Autowiring by type from bean name 'initializeAuthenticationProviderBeanManagerConfigurer' via factory method to bean named 'org.springframework.boot.web.servlet.context.AnnotationConfigServletWebServerApplicationContext@13f17eb4'
2025-07-04T13:04:33.051+08:00 DEBUG 21012 --- [shopping] [main] o.s.b.f.s.DefaultListableBeanFactory     : Creating shared instance of singleton bean 'mvcContentNegotiationManager'
2025-07-04T13:04:33.051+08:00 DEBUG 21012 --- [shopping] [main] o.s.b.f.s.DefaultListableBeanFactory     : Creating shared instance of singleton bean 'org.springframework.boot.autoconfigure.web.servlet.WebMvcAutoConfiguration$EnableWebMvcConfiguration'
2025-07-04T13:04:33.053+08:00 DEBUG 21012 --- [shopping] [main] o.s.b.f.s.DefaultListableBeanFactory     : Creating shared instance of singleton bean 'spring.web-org.springframework.boot.autoconfigure.web.WebProperties'
2025-07-04T13:04:33.055+08:00 DEBUG 21012 --- [shopping] [main] o.s.b.f.s.DefaultListableBeanFactory     : Autowiring by type from bean name 'org.springframework.boot.autoconfigure.web.servlet.WebMvcAutoConfiguration$EnableWebMvcConfiguration' via constructor to bean named 'spring.mvc-org.springframework.boot.autoconfigure.web.servlet.WebMvcProperties'
2025-07-04T13:04:33.055+08:00 DEBUG 21012 --- [shopping] [main] o.s.b.f.s.DefaultListableBeanFactory     : Autowiring by type from bean name 'org.springframework.boot.autoconfigure.web.servlet.WebMvcAutoConfiguration$EnableWebMvcConfiguration' via constructor to bean named 'spring.web-org.springframework.boot.autoconfigure.web.WebProperties'
2025-07-04T13:04:33.055+08:00 DEBUG 21012 --- [shopping] [main] o.s.b.f.s.DefaultListableBeanFactory     : Autowiring by type from bean name 'org.springframework.boot.autoconfigure.web.servlet.WebMvcAutoConfiguration$EnableWebMvcConfiguration' via constructor to bean named 'org.springframework.beans.factory.support.DefaultListableBeanFactory@7bb3a9fe'
2025-07-04T13:04:33.059+08:00 DEBUG 21012 --- [shopping] [main] o.s.b.f.s.DefaultListableBeanFactory     : Creating shared instance of singleton bean 'org.springframework.boot.autoconfigure.web.servlet.WebMvcAutoConfiguration$WebMvcAutoConfigurationAdapter'
2025-07-04T13:04:33.060+08:00 DEBUG 21012 --- [shopping] [main] o.s.b.f.s.DefaultListableBeanFactory     : Autowiring by type from bean name 'org.springframework.boot.autoconfigure.web.servlet.WebMvcAutoConfiguration$WebMvcAutoConfigurationAdapter' via constructor to bean named 'spring.web-org.springframework.boot.autoconfigure.web.WebProperties'
2025-07-04T13:04:33.060+08:00 DEBUG 21012 --- [shopping] [main] o.s.b.f.s.DefaultListableBeanFactory     : Autowiring by type from bean name 'org.springframework.boot.autoconfigure.web.servlet.WebMvcAutoConfiguration$WebMvcAutoConfigurationAdapter' via constructor to bean named 'spring.mvc-org.springframework.boot.autoconfigure.web.servlet.WebMvcProperties'
2025-07-04T13:04:33.060+08:00 DEBUG 21012 --- [shopping] [main] o.s.b.f.s.DefaultListableBeanFactory     : Autowiring by type from bean name 'org.springframework.boot.autoconfigure.web.servlet.WebMvcAutoConfiguration$WebMvcAutoConfigurationAdapter' via constructor to bean named 'org.springframework.beans.factory.support.DefaultListableBeanFactory@7bb3a9fe'
2025-07-04T13:04:33.061+08:00 DEBUG 21012 --- [shopping] [main] o.s.b.f.s.DefaultListableBeanFactory     : Creating shared instance of singleton bean 'openEntityManagerInViewInterceptorConfigurer'
2025-07-04T13:04:33.061+08:00 DEBUG 21012 --- [shopping] [main] o.s.b.f.s.DefaultListableBeanFactory     : Creating shared instance of singleton bean 'org.springframework.boot.autoconfigure.orm.jpa.JpaBaseConfiguration$JpaWebConfiguration'
2025-07-04T13:04:33.062+08:00 DEBUG 21012 --- [shopping] [main] o.s.b.f.s.DefaultListableBeanFactory     : Autowiring by type from bean name 'org.springframework.boot.autoconfigure.orm.jpa.JpaBaseConfiguration$JpaWebConfiguration' via constructor to bean named 'spring.jpa-org.springframework.boot.autoconfigure.orm.jpa.JpaProperties'
2025-07-04T13:04:33.062+08:00 DEBUG 21012 --- [shopping] [main] o.s.b.f.s.DefaultListableBeanFactory     : Creating shared instance of singleton bean 'openEntityManagerInViewInterceptor'
2025-07-04T13:04:33.062+08:00  WARN 21012 --- [shopping] [main] JpaBaseConfiguration$JpaWebConfiguration : spring.jpa.open-in-view is enabled by default. Therefore, database queries may be performed during view rendering. Explicitly configure spring.jpa.open-in-view to disable this warning
2025-07-04T13:04:33.064+08:00 DEBUG 21012 --- [shopping] [main] o.s.b.f.s.DefaultListableBeanFactory     : Autowiring by type from bean name 'openEntityManagerInViewInterceptorConfigurer' via factory method to bean named 'openEntityManagerInViewInterceptor'
2025-07-04T13:04:33.065+08:00 DEBUG 21012 --- [shopping] [main] o.s.b.f.s.DefaultListableBeanFactory     : Creating shared instance of singleton bean 'org.springframework.data.web.config.SpringDataWebConfiguration'
2025-07-04T13:04:33.066+08:00 DEBUG 21012 --- [shopping] [main] o.s.b.f.s.DefaultListableBeanFactory     : Autowiring by type from bean name 'org.springframework.data.web.config.SpringDataWebConfiguration' via constructor to bean named 'org.springframework.boot.web.servlet.context.AnnotationConfigServletWebServerApplicationContext@13f17eb4'
2025-07-04T13:04:33.067+08:00 DEBUG 21012 --- [shopping] [main] o.s.b.f.s.DefaultListableBeanFactory     : Creating shared instance of singleton bean 'org.springframework.security.config.annotation.web.configuration.WebMvcSecurityConfiguration'
2025-07-04T13:04:33.076+08:00 DEBUG 21012 --- [shopping] [main] o.s.b.f.s.DefaultListableBeanFactory     : Creating shared instance of singleton bean 'authenticationManagerBuilder'
2025-07-04T13:04:33.076+08:00 DEBUG 21012 --- [shopping] [main] o.s.b.f.s.DefaultListableBeanFactory     : Autowiring by type from bean name 'authenticationManagerBuilder' via factory method to bean named 'objectPostProcessor'
2025-07-04T13:04:33.076+08:00 DEBUG 21012 --- [shopping] [main] o.s.b.f.s.DefaultListableBeanFactory     : Autowiring by type from bean name 'authenticationManagerBuilder' via factory method to bean named 'org.springframework.boot.web.servlet.context.AnnotationConfigServletWebServerApplicationContext@13f17eb4'
2025-07-04T13:04:33.077+08:00 DEBUG 21012 --- [shopping] [main] o.s.b.f.s.DefaultListableBeanFactory     : Creating shared instance of singleton bean 'authenticationEventPublisher'
2025-07-04T13:04:33.077+08:00 DEBUG 21012 --- [shopping] [main] o.s.b.f.s.DefaultListableBeanFactory     : Creating shared instance of singleton bean 'org.springframework.boot.autoconfigure.security.servlet.SecurityAutoConfiguration'
2025-07-04T13:04:33.077+08:00 DEBUG 21012 --- [shopping] [main] o.s.b.f.s.DefaultListableBeanFactory     : Autowiring by type from bean name 'authenticationEventPublisher' via factory method to bean named 'org.springframework.boot.web.servlet.context.AnnotationConfigServletWebServerApplicationContext@13f17eb4'
2025-07-04T13:04:33.083+08:00 DEBUG 21012 --- [shopping] [main] o.s.b.f.s.DefaultListableBeanFactory     : Creating shared instance of singleton bean 'org.springframework.boot.autoconfigure.security.servlet.SpringBootWebSecurityConfiguration$WebSecurityEnablerConfiguration'
2025-07-04T13:04:33.086+08:00 DEBUG 21012 --- [shopping] [main] o.s.b.f.s.DefaultListableBeanFactory     : Creating shared instance of singleton bean 'passwordEncoder'
2025-07-04T13:04:33.094+08:00  INFO 21012 --- [shopping] [main] r$InitializeUserDetailsManagerConfigurer : Global AuthenticationManager configured with UserDetailsService bean with name customUserDetailsService
2025-07-04T13:04:33.160+08:00 DEBUG 21012 --- [shopping] [main] o.s.b.f.s.DefaultListableBeanFactory     : Autowiring by type from bean name 'authenticationManager' via factory method to bean named 'org.springframework.security.config.annotation.web.configuration.HttpSecurityConfiguration.httpSecurity'
2025-07-04T13:04:33.168+08:00 DEBUG 21012 --- [shopping] [main] o.s.b.f.s.DefaultListableBeanFactory     : Creating shared instance of singleton bean 'adminUserServiceImpl'
2025-07-04T13:04:33.168+08:00 DEBUG 21012 --- [shopping] [main] o.s.b.f.s.DefaultListableBeanFactory     : Creating shared instance of singleton bean 'roleRepository'
2025-07-04T13:04:33.169+08:00 DEBUG 21012 --- [shopping] [main] o.s.b.f.s.DefaultListableBeanFactory     : Creating shared instance of singleton bean 'jpa.named-queries#12'
2025-07-04T13:04:33.170+08:00 DEBUG 21012 --- [shopping] [main] o.s.b.f.s.DefaultListableBeanFactory     : Creating shared instance of singleton bean 'jpa.RoleRepository.fragments#0'
2025-07-04T13:04:33.171+08:00 DEBUG 21012 --- [shopping] [main] tor$SharedEntityManagerInvocationHandler : Creating new EntityManager for shared EntityManager invocation
2025-07-04T13:04:33.171+08:00 DEBUG 21012 --- [shopping] [main] o.s.d.r.c.s.RepositoryFactorySupport     : Initializing repository instance for com.example.demo.repository.RoleRepository…
2025-07-04T13:04:33.171+08:00 DEBUG 21012 --- [shopping] [main] tor$SharedEntityManagerInvocationHandler : Creating new EntityManager for shared EntityManager invocation
2025-07-04T13:04:33.173+08:00 DEBUG 21012 --- [shopping] [main] o.s.d.jpa.repository.query.NamedQuery    : Looking up named query 'Role.findById'
2025-07-04T13:04:33.173+08:00 DEBUG 21012 --- [shopping] [main] o.s.d.jpa.repository.query.NamedQuery    : Did not find named query Role.findById
2025-07-04T13:04:33.173+08:00 DEBUG 21012 --- [shopping] [main] tor$SharedEntityManagerInvocationHandler : Creating new EntityManager for shared EntityManager invocation
2025-07-04T13:04:33.176+08:00 DEBUG 21012 --- [shopping] [main] o.s.d.r.c.s.RepositoryFactorySupport     : Finished creation of repository instance for com.example.demo.repository.RoleRepository.
2025-07-04T13:04:33.177+08:00 DEBUG 21012 --- [shopping] [main] o.s.b.f.s.DefaultListableBeanFactory     : Creating shared instance of singleton bean 'adminLoginLogServiceImpl'
2025-07-04T13:04:33.177+08:00 DEBUG 21012 --- [shopping] [main] o.s.b.f.s.DefaultListableBeanFactory     : Creating shared instance of singleton bean 'loginLogRepository'
2025-07-04T13:04:33.178+08:00 DEBUG 21012 --- [shopping] [main] o.s.b.f.s.DefaultListableBeanFactory     : Creating shared instance of singleton bean 'jpa.named-queries#3'
2025-07-04T13:04:33.178+08:00 DEBUG 21012 --- [shopping] [main] o.s.b.f.s.DefaultListableBeanFactory     : Creating shared instance of singleton bean 'jpa.LoginLogRepository.fragments#0'
2025-07-04T13:04:33.179+08:00 DEBUG 21012 --- [shopping] [main] tor$SharedEntityManagerInvocationHandler : Creating new EntityManager for shared EntityManager invocation
2025-07-04T13:04:33.181+08:00 DEBUG 21012 --- [shopping] [main] o.s.d.r.c.s.RepositoryFactorySupport     : Initializing repository instance for com.example.demo.repository.LoginLogRepository…
2025-07-04T13:04:33.181+08:00 DEBUG 21012 --- [shopping] [main] tor$SharedEntityManagerInvocationHandler : Creating new EntityManager for shared EntityManager invocation
2025-07-04T13:04:33.183+08:00 DEBUG 21012 --- [shopping] [main] o.s.d.r.c.s.RepositoryFactorySupport     : Finished creation of repository instance for com.example.demo.repository.LoginLogRepository.
2025-07-04T13:04:33.184+08:00 DEBUG 21012 --- [shopping] [main] o.s.b.f.s.DefaultListableBeanFactory     : Creating shared instance of singleton bean 'jwtService'
2025-07-04T13:04:33.185+08:00 DEBUG 21012 --- [shopping] [main] o.s.b.f.s.DefaultListableBeanFactory     : Creating shared instance of singleton bean 'adminLogoutController'
2025-07-04T13:04:33.186+08:00 DEBUG 21012 --- [shopping] [main] o.s.b.f.s.DefaultListableBeanFactory     : Creating shared instance of singleton bean 'adminNotificationController'
2025-07-04T13:04:33.187+08:00 DEBUG 21012 --- [shopping] [main] o.s.b.f.s.DefaultListableBeanFactory     : Creating shared instance of singleton bean 'adminNotificationServiceImpl'
2025-07-04T13:04:33.188+08:00 DEBUG 21012 --- [shopping] [main] o.s.b.f.s.DefaultListableBeanFactory     : Creating shared instance of singleton bean 'notificationRepository'
2025-07-04T13:04:33.189+08:00 DEBUG 21012 --- [shopping] [main] o.s.b.f.s.DefaultListableBeanFactory     : Creating shared instance of singleton bean 'jpa.named-queries#4'
2025-07-04T13:04:33.189+08:00 DEBUG 21012 --- [shopping] [main] o.s.b.f.s.DefaultListableBeanFactory     : Creating shared instance of singleton bean 'jpa.NotificationRepository.fragments#0'
2025-07-04T13:04:33.190+08:00 DEBUG 21012 --- [shopping] [main] tor$SharedEntityManagerInvocationHandler : Creating new EntityManager for shared EntityManager invocation
2025-07-04T13:04:33.190+08:00 DEBUG 21012 --- [shopping] [main] o.s.d.r.c.s.RepositoryFactorySupport     : Initializing repository instance for com.example.demo.repository.NotificationRepository…
2025-07-04T13:04:33.191+08:00 DEBUG 21012 --- [shopping] [main] tor$SharedEntityManagerInvocationHandler : Creating new EntityManager for shared EntityManager invocation
2025-07-04T13:04:33.193+08:00 DEBUG 21012 --- [shopping] [main] o.s.d.jpa.repository.query.NamedQuery    : Did not find named query Notification.findByUserIdOrGlobalWithUser.count
2025-07-04T13:04:33.193+08:00 DEBUG 21012 --- [shopping] [main] tor$SharedEntityManagerInvocationHandler : Creating new EntityManager for shared EntityManager invocation
2025-07-04T13:04:33.204+08:00 DEBUG 21012 --- [shopping] [main] o.s.d.jpa.repository.query.NamedQuery    : Did not find named query Notification.markAsReadByNotificationId.count
2025-07-04T13:04:33.204+08:00 DEBUG 21012 --- [shopping] [main] tor$SharedEntityManagerInvocationHandler : Creating new EntityManager for shared EntityManager invocation
2025-07-04T13:04:33.205+08:00 DEBUG 21012 --- [shopping] [main] o.s.d.jpa.repository.query.NamedQuery    : Did not find named query Notification.findByNotificationId.count
2025-07-04T13:04:33.205+08:00 DEBUG 21012 --- [shopping] [main] tor$SharedEntityManagerInvocationHandler : Creating new EntityManager for shared EntityManager invocation
2025-07-04T13:04:33.206+08:00 DEBUG 21012 --- [shopping] [main] o.s.d.jpa.repository.query.NamedQuery    : Looking up named query 'Notification.findByUserId'
2025-07-04T13:04:33.206+08:00 DEBUG 21012 --- [shopping] [main] o.s.d.jpa.repository.query.NamedQuery    : Did not find named query Notification.findByUserId
2025-07-04T13:04:33.206+08:00 DEBUG 21012 --- [shopping] [main] tor$SharedEntityManagerInvocationHandler : Creating new EntityManager for shared EntityManager invocation
2025-07-04T13:04:33.208+08:00 DEBUG 21012 --- [shopping] [main] o.s.d.r.c.s.RepositoryFactorySupport     : Finished creation of repository instance for com.example.demo.repository.NotificationRepository.
2025-07-04T13:04:33.231+08:00 DEBUG 21012 --- [shopping] [main] o.s.b.f.s.DefaultListableBeanFactory     : Creating shared instance of singleton bean 'adminOrderController'
2025-07-04T13:04:33.232+08:00 DEBUG 21012 --- [shopping] [main] o.s.b.f.s.DefaultListableBeanFactory     : Creating shared instance of singleton bean 'adminProductController'
2025-07-04T13:04:33.233+08:00 DEBUG 21012 --- [shopping] [main] o.s.b.f.s.DefaultListableBeanFactory     : Creating shared instance of singleton bean 'productServiceImpl'
2025-07-04T13:04:33.235+08:00 DEBUG 21012 --- [shopping] [main] o.s.b.f.s.DefaultListableBeanFactory     : Creating shared instance of singleton bean 'recentlyViewedServiceImpl'
2025-07-04T13:04:33.236+08:00 DEBUG 21012 --- [shopping] [main] o.s.b.f.s.DefaultListableBeanFactory     : Creating shared instance of singleton bean 'productRepository'
2025-07-04T13:04:33.237+08:00 DEBUG 21012 --- [shopping] [main] o.s.b.f.s.DefaultListableBeanFactory     : Creating shared instance of singleton bean 'jpa.named-queries#7'
2025-07-04T13:04:33.237+08:00 DEBUG 21012 --- [shopping] [main] o.s.b.f.s.DefaultListableBeanFactory     : Creating shared instance of singleton bean 'jpa.ProductRepository.fragments#0'
2025-07-04T13:04:33.238+08:00 DEBUG 21012 --- [shopping] [main] tor$SharedEntityManagerInvocationHandler : Creating new EntityManager for shared EntityManager invocation
2025-07-04T13:04:33.239+08:00 DEBUG 21012 --- [shopping] [main] o.s.d.r.c.s.RepositoryFactorySupport     : Initializing repository instance for com.example.demo.repository.ProductRepository…
2025-07-04T13:04:33.239+08:00 DEBUG 21012 --- [shopping] [main] tor$SharedEntityManagerInvocationHandler : Creating new EntityManager for shared EntityManager invocation
2025-07-04T13:04:33.240+08:00 DEBUG 21012 --- [shopping] [main] o.s.d.jpa.repository.query.NamedQuery    : Did not find named query Product.findBySellerIdAndProductIdWithSellerAndCategoryAndProductImage.count
2025-07-04T13:04:33.240+08:00 DEBUG 21012 --- [shopping] [main] tor$SharedEntityManagerInvocationHandler : Creating new EntityManager for shared EntityManager invocation
2025-07-04T13:04:33.255+08:00 DEBUG 21012 --- [shopping] [main] o.s.d.jpa.repository.query.NamedQuery    : Did not find named query Product.findBySellerIdWithSellerAndCategoryAndProductImage.count
2025-07-04T13:04:33.256+08:00 DEBUG 21012 --- [shopping] [main] tor$SharedEntityManagerInvocationHandler : Creating new EntityManager for shared EntityManager invocation
2025-07-04T13:04:33.256+08:00 DEBUG 21012 --- [shopping] [main] o.s.d.jpa.repository.query.NamedQuery    : Did not find named query Product.findAllByCategoryIdsWithCategoryAndProductImage.count
2025-07-04T13:04:33.256+08:00 DEBUG 21012 --- [shopping] [main] tor$SharedEntityManagerInvocationHandler : Creating new EntityManager for shared EntityManager invocation
2025-07-04T13:04:33.270+08:00 DEBUG 21012 --- [shopping] [main] o.s.d.jpa.repository.query.NamedQuery    : Did not find named query Product.findByIdWithSeller.count
2025-07-04T13:04:33.270+08:00 DEBUG 21012 --- [shopping] [main] tor$SharedEntityManagerInvocationHandler : Creating new EntityManager for shared EntityManager invocation
2025-07-04T13:04:33.272+08:00 DEBUG 21012 --- [shopping] [main] o.s.d.jpa.repository.query.NamedQuery    : Did not find named query Product.findByKeywordFullTextPostgres.count
2025-07-04T13:04:33.272+08:00 DEBUG 21012 --- [shopping] [main] tor$SharedEntityManagerInvocationHandler : Creating new EntityManager for shared EntityManager invocation
2025-07-04T13:04:33.272+08:00 DEBUG 21012 --- [shopping] [main] o.s.d.jpa.repository.query.NamedQuery    : Did not find named query Product.minusByIdIfEnoughStock.count
2025-07-04T13:04:33.272+08:00 DEBUG 21012 --- [shopping] [main] tor$SharedEntityManagerInvocationHandler : Creating new EntityManager for shared EntityManager invocation
2025-07-04T13:04:33.273+08:00 DEBUG 21012 --- [shopping] [main] o.s.d.jpa.repository.query.NamedQuery    : Did not find named query Product.findVisibleWithCategory.count
2025-07-04T13:04:33.273+08:00 DEBUG 21012 --- [shopping] [main] tor$SharedEntityManagerInvocationHandler : Creating new EntityManager for shared EntityManager invocation
2025-07-04T13:04:33.274+08:00 DEBUG 21012 --- [shopping] [main] o.s.d.jpa.repository.query.NamedQuery    : Did not find named query Product.findByIdWithCategoryAndProductImage.count
2025-07-04T13:04:33.274+08:00 DEBUG 21012 --- [shopping] [main] tor$SharedEntityManagerInvocationHandler : Creating new EntityManager for shared EntityManager invocation
2025-07-04T13:04:33.275+08:00 DEBUG 21012 --- [shopping] [main] o.s.d.jpa.repository.query.NamedQuery    : Looking up named query 'Product.findByCategoryId'
2025-07-04T13:04:33.275+08:00 DEBUG 21012 --- [shopping] [main] o.s.d.jpa.repository.query.NamedQuery    : Did not find named query Product.findByCategoryId
2025-07-04T13:04:33.275+08:00 DEBUG 21012 --- [shopping] [main] tor$SharedEntityManagerInvocationHandler : Creating new EntityManager for shared EntityManager invocation
2025-07-04T13:04:33.275+08:00 DEBUG 21012 --- [shopping] [main] o.s.d.jpa.repository.query.NamedQuery    : Did not find named query Product.findAllWithCategory.count
2025-07-04T13:04:33.276+08:00 DEBUG 21012 --- [shopping] [main] tor$SharedEntityManagerInvocationHandler : Creating new EntityManager for shared EntityManager invocation
2025-07-04T13:04:33.278+08:00 DEBUG 21012 --- [shopping] [main] o.s.d.r.c.s.RepositoryFactorySupport     : Finished creation of repository instance for com.example.demo.repository.ProductRepository.
2025-07-04T13:04:33.284+08:00 DEBUG 21012 --- [shopping] [main] o.s.b.f.s.DefaultListableBeanFactory     : Creating shared instance of singleton bean 'productImageServiceImpl'
2025-07-04T13:04:33.284+08:00 DEBUG 21012 --- [shopping] [main] o.s.b.f.s.DefaultListableBeanFactory     : Creating shared instance of singleton bean 'productImageRepository'
2025-07-04T13:04:33.286+08:00 DEBUG 21012 --- [shopping] [main] o.s.b.f.s.DefaultListableBeanFactory     : Creating shared instance of singleton bean 'jpa.named-queries#1'
2025-07-04T13:04:33.287+08:00 DEBUG 21012 --- [shopping] [main] o.s.b.f.s.DefaultListableBeanFactory     : Creating shared instance of singleton bean 'jpa.ProductImageRepository.fragments#0'
2025-07-04T13:04:33.287+08:00 DEBUG 21012 --- [shopping] [main] tor$SharedEntityManagerInvocationHandler : Creating new EntityManager for shared EntityManager invocation
2025-07-04T13:04:33.288+08:00 DEBUG 21012 --- [shopping] [main] o.s.d.r.c.s.RepositoryFactorySupport     : Initializing repository instance for com.example.demo.repository.ProductImageRepository…
2025-07-04T13:04:33.288+08:00 DEBUG 21012 --- [shopping] [main] tor$SharedEntityManagerInvocationHandler : Creating new EntityManager for shared EntityManager invocation
2025-07-04T13:04:33.289+08:00 DEBUG 21012 --- [shopping] [main] o.s.d.jpa.repository.query.NamedQuery    : Did not find named query ProductImage.findByProductIdOrderByNumberAscWithProduct.count
2025-07-04T13:04:33.289+08:00 DEBUG 21012 --- [shopping] [main] tor$SharedEntityManagerInvocationHandler : Creating new EntityManager for shared EntityManager invocation
2025-07-04T13:04:33.290+08:00 DEBUG 21012 --- [shopping] [main] o.s.d.jpa.repository.query.NamedQuery    : Did not find named query ProductImage.findByIdAndProductIdWithProduct.count
2025-07-04T13:04:33.290+08:00 DEBUG 21012 --- [shopping] [main] tor$SharedEntityManagerInvocationHandler : Creating new EntityManager for shared EntityManager invocation
2025-07-04T13:04:33.292+08:00 DEBUG 21012 --- [shopping] [main] o.s.d.jpa.repository.query.NamedQuery    : Looking up named query 'ProductImage.deleteByIdAndProductId'
2025-07-04T13:04:33.292+08:00 DEBUG 21012 --- [shopping] [main] o.s.d.jpa.repository.query.NamedQuery    : Did not find named query ProductImage.deleteByIdAndProductId
2025-07-04T13:04:33.292+08:00 DEBUG 21012 --- [shopping] [main] tor$SharedEntityManagerInvocationHandler : Creating new EntityManager for shared EntityManager invocation
2025-07-04T13:04:33.294+08:00 DEBUG 21012 --- [shopping] [main] o.s.d.r.c.s.RepositoryFactorySupport     : Finished creation of repository instance for com.example.demo.repository.ProductImageRepository.
2025-07-04T13:04:33.295+08:00 DEBUG 21012 --- [shopping] [main] o.s.c.e.PropertySourcesPropertyResolver  : Found key 'file.upload-dir' in PropertySource 'environmentProperties' with value of type String
2025-07-04T13:04:33.296+08:00 DEBUG 21012 --- [shopping] [main] o.s.b.f.s.DefaultListableBeanFactory     : Creating shared instance of singleton bean 'searchHistoryServiceImpl'
2025-07-04T13:04:33.296+08:00 DEBUG 21012 --- [shopping] [main] o.s.b.f.s.DefaultListableBeanFactory     : Creating shared instance of singleton bean 'searchHistoryRepository'
2025-07-04T13:04:33.296+08:00 DEBUG 21012 --- [shopping] [main] o.s.b.f.s.DefaultListableBeanFactory     : Creating shared instance of singleton bean 'jpa.named-queries#14'
2025-07-04T13:04:33.297+08:00 DEBUG 21012 --- [shopping] [main] o.s.b.f.s.DefaultListableBeanFactory     : Creating shared instance of singleton bean 'jpa.SearchHistoryRepository.fragments#0'
2025-07-04T13:04:33.297+08:00 DEBUG 21012 --- [shopping] [main] tor$SharedEntityManagerInvocationHandler : Creating new EntityManager for shared EntityManager invocation
2025-07-04T13:04:33.298+08:00 DEBUG 21012 --- [shopping] [main] o.s.d.r.c.s.RepositoryFactorySupport     : Initializing repository instance for com.example.demo.repository.SearchHistoryRepository…
2025-07-04T13:04:33.298+08:00 DEBUG 21012 --- [shopping] [main] tor$SharedEntityManagerInvocationHandler : Creating new EntityManager for shared EntityManager invocation
2025-07-04T13:04:33.300+08:00 DEBUG 21012 --- [shopping] [main] o.s.d.r.c.s.RepositoryFactorySupport     : Finished creation of repository instance for com.example.demo.repository.SearchHistoryRepository.
2025-07-04T13:04:33.301+08:00 DEBUG 21012 --- [shopping] [main] o.s.b.f.s.DefaultListableBeanFactory     : Creating shared instance of singleton bean 'adminRecommendContentController'
2025-07-04T13:04:33.303+08:00 DEBUG 21012 --- [shopping] [main] o.s.b.f.s.DefaultListableBeanFactory     : Creating shared instance of singleton bean 'adminRecommendContentServiceImpl'
2025-07-04T13:04:33.303+08:00 DEBUG 21012 --- [shopping] [main] o.s.b.f.s.DefaultListableBeanFactory     : Creating shared instance of singleton bean 'recommendedProductRepository'
2025-07-04T13:04:33.304+08:00 DEBUG 21012 --- [shopping] [main] o.s.b.f.s.DefaultListableBeanFactory     : Creating shared instance of singleton bean 'jpa.named-queries#8'
2025-07-04T13:04:33.305+08:00 DEBUG 21012 --- [shopping] [main] o.s.b.f.s.DefaultListableBeanFactory     : Creating shared instance of singleton bean 'jpa.RecommendedProductRepository.fragments#0'
2025-07-04T13:04:33.305+08:00 DEBUG 21012 --- [shopping] [main] tor$SharedEntityManagerInvocationHandler : Creating new EntityManager for shared EntityManager invocation
2025-07-04T13:04:33.308+08:00 DEBUG 21012 --- [shopping] [main] o.s.d.r.c.s.RepositoryFactorySupport     : Initializing repository instance for com.example.demo.repository.RecommendedProductRepository…
2025-07-04T13:04:33.308+08:00 DEBUG 21012 --- [shopping] [main] tor$SharedEntityManagerInvocationHandler : Creating new EntityManager for shared EntityManager invocation
2025-07-04T13:04:33.309+08:00 DEBUG 21012 --- [shopping] [main] o.s.d.jpa.repository.query.NamedQuery    : Did not find named query RecommendedProduct.findAllWithRelations.count
2025-07-04T13:04:33.309+08:00 DEBUG 21012 --- [shopping] [main] tor$SharedEntityManagerInvocationHandler : Creating new EntityManager for shared EntityManager invocation
2025-07-04T13:04:33.311+08:00 DEBUG 21012 --- [shopping] [main] o.s.d.jpa.repository.query.NamedQuery    : Did not find named query RecommendedProduct.findByUserIsNullAndActiveTrueOrderByScoreDesc.count
2025-07-04T13:04:33.311+08:00 DEBUG 21012 --- [shopping] [main] tor$SharedEntityManagerInvocationHandler : Creating new EntityManager for shared EntityManager invocation
2025-07-04T13:04:33.313+08:00 DEBUG 21012 --- [shopping] [main] o.s.d.jpa.repository.query.NamedQuery    : Did not find named query RecommendedProduct.findByUserIdAndActiveTrueOrderByScoreDesc.count
2025-07-04T13:04:33.313+08:00 DEBUG 21012 --- [shopping] [main] tor$SharedEntityManagerInvocationHandler : Creating new EntityManager for shared EntityManager invocation
2025-07-04T13:04:33.315+08:00 DEBUG 21012 --- [shopping] [main] o.s.d.jpa.repository.query.NamedQuery    : Did not find named query RecommendedProduct.findByActiveTrueOrderByScoreDesc.count
2025-07-04T13:04:33.315+08:00 DEBUG 21012 --- [shopping] [main] tor$SharedEntityManagerInvocationHandler : Creating new EntityManager for shared EntityManager invocation
2025-07-04T13:04:33.317+08:00 DEBUG 21012 --- [shopping] [main] o.s.d.r.c.s.RepositoryFactorySupport     : Finished creation of repository instance for com.example.demo.repository.RecommendedProductRepository.
2025-07-04T13:04:33.318+08:00 DEBUG 21012 --- [shopping] [main] o.s.b.f.s.DefaultListableBeanFactory     : Creating shared instance of singleton bean 'recommendRuleRepository'
2025-07-04T13:04:33.318+08:00 DEBUG 21012 --- [shopping] [main] o.s.b.f.s.DefaultListableBeanFactory     : Creating shared instance of singleton bean 'jpa.named-queries#11'
2025-07-04T13:04:33.319+08:00 DEBUG 21012 --- [shopping] [main] o.s.b.f.s.DefaultListableBeanFactory     : Creating shared instance of singleton bean 'jpa.RecommendRuleRepository.fragments#0'
2025-07-04T13:04:33.320+08:00 DEBUG 21012 --- [shopping] [main] tor$SharedEntityManagerInvocationHandler : Creating new EntityManager for shared EntityManager invocation
2025-07-04T13:04:33.320+08:00 DEBUG 21012 --- [shopping] [main] o.s.d.r.c.s.RepositoryFactorySupport     : Initializing repository instance for com.example.demo.repository.RecommendRuleRepository…
2025-07-04T13:04:33.320+08:00 DEBUG 21012 --- [shopping] [main] tor$SharedEntityManagerInvocationHandler : Creating new EntityManager for shared EntityManager invocation
2025-07-04T13:04:33.321+08:00 DEBUG 21012 --- [shopping] [main] o.s.d.jpa.repository.query.NamedQuery    : Looking up named query 'RecommendRule.findByActiveTrueOrderByWeightDesc'
2025-07-04T13:04:33.321+08:00 DEBUG 21012 --- [shopping] [main] o.s.d.jpa.repository.query.NamedQuery    : Did not find named query RecommendRule.findByActiveTrueOrderByWeightDesc
2025-07-04T13:04:33.321+08:00 DEBUG 21012 --- [shopping] [main] tor$SharedEntityManagerInvocationHandler : Creating new EntityManager for shared EntityManager invocation
2025-07-04T13:04:33.324+08:00 DEBUG 21012 --- [shopping] [main] o.s.d.r.c.s.RepositoryFactorySupport     : Finished creation of repository instance for com.example.demo.repository.RecommendRuleRepository.
2025-07-04T13:04:33.325+08:00 DEBUG 21012 --- [shopping] [main] o.s.b.f.s.DefaultListableBeanFactory     : Creating shared instance of singleton bean 'adminRecommendRulesController'
2025-07-04T13:04:33.326+08:00 DEBUG 21012 --- [shopping] [main] o.s.b.f.s.DefaultListableBeanFactory     : Creating shared instance of singleton bean 'adminRecommendRuleServiceImpl'
2025-07-04T13:04:33.326+08:00 DEBUG 21012 --- [shopping] [main] o.s.b.f.s.DefaultListableBeanFactory     : Creating shared instance of singleton bean 'adminReviewController'
2025-07-04T13:04:33.328+08:00 DEBUG 21012 --- [shopping] [main] o.s.b.f.s.DefaultListableBeanFactory     : Creating shared instance of singleton bean 'productReviewServiceImpl'
2025-07-04T13:04:33.329+08:00 DEBUG 21012 --- [shopping] [main] o.s.b.f.s.DefaultListableBeanFactory     : Creating shared instance of singleton bean 'productReviewRepository'
2025-07-04T13:04:33.329+08:00 DEBUG 21012 --- [shopping] [main] o.s.b.f.s.DefaultListableBeanFactory     : Creating shared instance of singleton bean 'jpa.named-queries#6'
2025-07-04T13:04:33.330+08:00 DEBUG 21012 --- [shopping] [main] o.s.b.f.s.DefaultListableBeanFactory     : Creating shared instance of singleton bean 'jpa.ProductReviewRepository.fragments#0'
2025-07-04T13:04:33.330+08:00 DEBUG 21012 --- [shopping] [main] tor$SharedEntityManagerInvocationHandler : Creating new EntityManager for shared EntityManager invocation
2025-07-04T13:04:33.332+08:00 DEBUG 21012 --- [shopping] [main] o.s.d.r.c.s.RepositoryFactorySupport     : Initializing repository instance for com.example.demo.repository.ProductReviewRepository…
2025-07-04T13:04:33.332+08:00 DEBUG 21012 --- [shopping] [main] tor$SharedEntityManagerInvocationHandler : Creating new EntityManager for shared EntityManager invocation
2025-07-04T13:04:33.333+08:00 DEBUG 21012 --- [shopping] [main] o.s.d.jpa.repository.query.NamedQuery    : Looking up named query 'ProductReview.findByUserIdAndProductId'
2025-07-04T13:04:33.333+08:00 DEBUG 21012 --- [shopping] [main] o.s.d.jpa.repository.query.NamedQuery    : Did not find named query ProductReview.findByUserIdAndProductId
2025-07-04T13:04:33.333+08:00 DEBUG 21012 --- [shopping] [main] tor$SharedEntityManagerInvocationHandler : Creating new EntityManager for shared EntityManager invocation
2025-07-04T13:04:33.334+08:00 DEBUG 21012 --- [shopping] [main] o.s.d.jpa.repository.query.NamedQuery    : Looking up named query 'ProductReview.existsByUserAndProduct'
2025-07-04T13:04:33.334+08:00 DEBUG 21012 --- [shopping] [main] o.s.d.jpa.repository.query.NamedQuery    : Did not find named query ProductReview.existsByUserAndProduct
2025-07-04T13:04:33.334+08:00 DEBUG 21012 --- [shopping] [main] tor$SharedEntityManagerInvocationHandler : Creating new EntityManager for shared EntityManager invocation
2025-07-04T13:04:33.335+08:00 DEBUG 21012 --- [shopping] [main] o.s.d.jpa.repository.query.NamedQuery    : Looking up named query 'ProductReview.findByApprovedByAiFalse'
2025-07-04T13:04:33.335+08:00 DEBUG 21012 --- [shopping] [main] o.s.d.jpa.repository.query.NamedQuery    : Did not find named query ProductReview.findByApprovedByAiFalse
2025-07-04T13:04:33.335+08:00 DEBUG 21012 --- [shopping] [main] tor$SharedEntityManagerInvocationHandler : Creating new EntityManager for shared EntityManager invocation
2025-07-04T13:04:33.336+08:00 DEBUG 21012 --- [shopping] [main] o.s.d.jpa.repository.query.NamedQuery    : Looking up named query 'ProductReview.findByUserId'
2025-07-04T13:04:33.336+08:00 DEBUG 21012 --- [shopping] [main] o.s.d.jpa.repository.query.NamedQuery    : Did not find named query ProductReview.findByUserId
2025-07-04T13:04:33.336+08:00 DEBUG 21012 --- [shopping] [main] tor$SharedEntityManagerInvocationHandler : Creating new EntityManager for shared EntityManager invocation
2025-07-04T13:04:33.336+08:00 DEBUG 21012 --- [shopping] [main] o.s.d.jpa.repository.query.NamedQuery    : Did not find named query ProductReview.findByProductIdAndIsVisibleTrue.count
2025-07-04T13:04:33.336+08:00 DEBUG 21012 --- [shopping] [main] tor$SharedEntityManagerInvocationHandler : Creating new EntityManager for shared EntityManager invocation
2025-07-04T13:04:33.339+08:00 DEBUG 21012 --- [shopping] [main] o.s.d.r.c.s.RepositoryFactorySupport     : Finished creation of repository instance for com.example.demo.repository.ProductReviewRepository.
2025-07-04T13:04:33.344+08:00 DEBUG 21012 --- [shopping] [main] o.s.b.f.s.DefaultListableBeanFactory     : Creating shared instance of singleton bean 'adminSearchHistoryController'
2025-07-04T13:04:33.345+08:00 DEBUG 21012 --- [shopping] [main] o.s.b.f.s.DefaultListableBeanFactory     : Creating shared instance of singleton bean 'adminSearchHistoryServiceImpl'
2025-07-04T13:04:33.345+08:00 DEBUG 21012 --- [shopping] [main] o.s.b.f.s.DefaultListableBeanFactory     : Creating shared instance of singleton bean 'adminUserController'
2025-07-04T13:04:33.346+08:00 DEBUG 21012 --- [shopping] [main] o.s.b.f.s.DefaultListableBeanFactory     : Creating shared instance of singleton bean 'authcodeController'
2025-07-04T13:04:33.348+08:00 DEBUG 21012 --- [shopping] [main] o.s.b.f.s.DefaultListableBeanFactory     : Creating shared instance of singleton bean 'cartItemController'
2025-07-04T13:04:33.348+08:00 DEBUG 21012 --- [shopping] [main] o.s.b.f.s.DefaultListableBeanFactory     : Creating shared instance of singleton bean 'cartItemServiceImpl'
2025-07-04T13:04:33.349+08:00 DEBUG 21012 --- [shopping] [main] o.s.b.f.s.DefaultListableBeanFactory     : Creating shared instance of singleton bean 'cartItemRepository'
2025-07-04T13:04:33.349+08:00 DEBUG 21012 --- [shopping] [main] o.s.b.f.s.DefaultListableBeanFactory     : Creating shared instance of singleton bean 'jpa.named-queries#10'
2025-07-04T13:04:33.350+08:00 DEBUG 21012 --- [shopping] [main] o.s.b.f.s.DefaultListableBeanFactory     : Creating shared instance of singleton bean 'jpa.CartItemRepository.fragments#0'
2025-07-04T13:04:33.350+08:00 DEBUG 21012 --- [shopping] [main] tor$SharedEntityManagerInvocationHandler : Creating new EntityManager for shared EntityManager invocation
2025-07-04T13:04:33.351+08:00 DEBUG 21012 --- [shopping] [main] o.s.d.r.c.s.RepositoryFactorySupport     : Initializing repository instance for com.example.demo.repository.CartItemRepository…
2025-07-04T13:04:33.351+08:00 DEBUG 21012 --- [shopping] [main] tor$SharedEntityManagerInvocationHandler : Creating new EntityManager for shared EntityManager invocation
2025-07-04T13:04:33.352+08:00 DEBUG 21012 --- [shopping] [main] o.s.d.jpa.repository.query.NamedQuery    : Looking up named query 'CartItem.findByUserIdAndProductId'
2025-07-04T13:04:33.352+08:00 DEBUG 21012 --- [shopping] [main] o.s.d.jpa.repository.query.NamedQuery    : Did not find named query CartItem.findByUserIdAndProductId
2025-07-04T13:04:33.352+08:00 DEBUG 21012 --- [shopping] [main] tor$SharedEntityManagerInvocationHandler : Creating new EntityManager for shared EntityManager invocation
2025-07-04T13:04:33.353+08:00 DEBUG 21012 --- [shopping] [main] o.s.d.jpa.repository.query.NamedQuery    : Did not find named query CartItem.addCartItemIfExist.count
2025-07-04T13:04:33.353+08:00 DEBUG 21012 --- [shopping] [main] tor$SharedEntityManagerInvocationHandler : Creating new EntityManager for shared EntityManager invocation
2025-07-04T13:04:33.354+08:00 DEBUG 21012 --- [shopping] [main] o.s.d.jpa.repository.query.NamedQuery    : Did not find named query CartItem.addCartItem.count
2025-07-04T13:04:33.354+08:00 DEBUG 21012 --- [shopping] [main] tor$SharedEntityManagerInvocationHandler : Creating new EntityManager for shared EntityManager invocation
2025-07-04T13:04:33.354+08:00 DEBUG 21012 --- [shopping] [main] o.s.d.jpa.repository.query.NamedQuery    : Looking up named query 'CartItem.deleteByUserId'
2025-07-04T13:04:33.354+08:00 DEBUG 21012 --- [shopping] [main] o.s.d.jpa.repository.query.NamedQuery    : Did not find named query CartItem.deleteByUserId
2025-07-04T13:04:33.354+08:00 DEBUG 21012 --- [shopping] [main] tor$SharedEntityManagerInvocationHandler : Creating new EntityManager for shared EntityManager invocation
2025-07-04T13:04:33.355+08:00 DEBUG 21012 --- [shopping] [main] o.s.d.jpa.repository.query.NamedQuery    : Did not find named query CartItem.findByUserIdWithProduct.count
2025-07-04T13:04:33.355+08:00 DEBUG 21012 --- [shopping] [main] tor$SharedEntityManagerInvocationHandler : Creating new EntityManager for shared EntityManager invocation
2025-07-04T13:04:33.356+08:00 DEBUG 21012 --- [shopping] [main] o.s.d.jpa.repository.query.NamedQuery    : Looking up named query 'CartItem.deleteByUserIdAndProductId'
2025-07-04T13:04:33.356+08:00 DEBUG 21012 --- [shopping] [main] o.s.d.jpa.repository.query.NamedQuery    : Did not find named query CartItem.deleteByUserIdAndProductId
2025-07-04T13:04:33.356+08:00 DEBUG 21012 --- [shopping] [main] tor$SharedEntityManagerInvocationHandler : Creating new EntityManager for shared EntityManager invocation
2025-07-04T13:04:33.356+08:00 DEBUG 21012 --- [shopping] [main] o.s.d.jpa.repository.query.NamedQuery    : Did not find named query CartItem.findByUserIdWithProductAndProductImageItems.count
2025-07-04T13:04:33.356+08:00 DEBUG 21012 --- [shopping] [main] tor$SharedEntityManagerInvocationHandler : Creating new EntityManager for shared EntityManager invocation
2025-07-04T13:04:33.357+08:00 DEBUG 21012 --- [shopping] [main] o.s.d.jpa.repository.query.NamedQuery    : Looking up named query 'CartItem.findByUserId'
2025-07-04T13:04:33.357+08:00 DEBUG 21012 --- [shopping] [main] o.s.d.jpa.repository.query.NamedQuery    : Did not find named query CartItem.findByUserId
2025-07-04T13:04:33.357+08:00 DEBUG 21012 --- [shopping] [main] tor$SharedEntityManagerInvocationHandler : Creating new EntityManager for shared EntityManager invocation
2025-07-04T13:04:33.359+08:00 DEBUG 21012 --- [shopping] [main] o.s.d.r.c.s.RepositoryFactorySupport     : Finished creation of repository instance for com.example.demo.repository.CartItemRepository.
2025-07-04T13:04:33.360+08:00 DEBUG 21012 --- [shopping] [main] o.s.b.f.s.DefaultListableBeanFactory     : Creating shared instance of singleton bean 'orderItemServiceImpl'
2025-07-04T13:04:33.360+08:00 DEBUG 21012 --- [shopping] [main] o.s.b.f.s.DefaultListableBeanFactory     : Creating shared instance of singleton bean 'orderItemRepository'
2025-07-04T13:04:33.361+08:00 DEBUG 21012 --- [shopping] [main] o.s.b.f.s.DefaultListableBeanFactory     : Creating shared instance of singleton bean 'jpa.named-queries#9'
2025-07-04T13:04:33.361+08:00 DEBUG 21012 --- [shopping] [main] o.s.b.f.s.DefaultListableBeanFactory     : Creating shared instance of singleton bean 'jpa.OrderItemRepository.fragments#0'
2025-07-04T13:04:33.362+08:00 DEBUG 21012 --- [shopping] [main] tor$SharedEntityManagerInvocationHandler : Creating new EntityManager for shared EntityManager invocation
2025-07-04T13:04:33.362+08:00 DEBUG 21012 --- [shopping] [main] o.s.d.r.c.s.RepositoryFactorySupport     : Initializing repository instance for com.example.demo.repository.OrderItemRepository…
2025-07-04T13:04:33.362+08:00 DEBUG 21012 --- [shopping] [main] tor$SharedEntityManagerInvocationHandler : Creating new EntityManager for shared EntityManager invocation
2025-07-04T13:04:33.364+08:00 DEBUG 21012 --- [shopping] [main] o.s.d.r.c.s.RepositoryFactorySupport     : Finished creation of repository instance for com.example.demo.repository.OrderItemRepository.
2025-07-04T13:04:33.365+08:00 DEBUG 21012 --- [shopping] [main] o.s.b.f.s.DefaultListableBeanFactory     : Creating shared instance of singleton bean 'categoryController'
2025-07-04T13:04:33.366+08:00 DEBUG 21012 --- [shopping] [main] o.s.b.f.s.DefaultListableBeanFactory     : Creating shared instance of singleton bean 'favoriteController'
2025-07-04T13:04:33.367+08:00 DEBUG 21012 --- [shopping] [main] o.s.b.f.s.DefaultListableBeanFactory     : Creating shared instance of singleton bean 'favoriteServiceImpl'
2025-07-04T13:04:33.367+08:00 DEBUG 21012 --- [shopping] [main] o.s.b.f.s.DefaultListableBeanFactory     : Creating shared instance of singleton bean 'favoriteRepository'
2025-07-04T13:04:33.367+08:00 DEBUG 21012 --- [shopping] [main] o.s.b.f.s.DefaultListableBeanFactory     : Creating shared instance of singleton bean 'jpa.named-queries#5'
2025-07-04T13:04:33.368+08:00 DEBUG 21012 --- [shopping] [main] o.s.b.f.s.DefaultListableBeanFactory     : Creating shared instance of singleton bean 'jpa.FavoriteRepository.fragments#0'
2025-07-04T13:04:33.369+08:00 DEBUG 21012 --- [shopping] [main] tor$SharedEntityManagerInvocationHandler : Creating new EntityManager for shared EntityManager invocation
2025-07-04T13:04:33.369+08:00 DEBUG 21012 --- [shopping] [main] o.s.d.r.c.s.RepositoryFactorySupport     : Initializing repository instance for com.example.demo.repository.FavoriteRepository…
2025-07-04T13:04:33.369+08:00 DEBUG 21012 --- [shopping] [main] tor$SharedEntityManagerInvocationHandler : Creating new EntityManager for shared EntityManager invocation
2025-07-04T13:04:33.370+08:00 DEBUG 21012 --- [shopping] [main] o.s.d.jpa.repository.query.NamedQuery    : Looking up named query 'Favorite.findByUserIdAndProductId'
2025-07-04T13:04:33.370+08:00 DEBUG 21012 --- [shopping] [main] o.s.d.jpa.repository.query.NamedQuery    : Did not find named query Favorite.findByUserIdAndProductId
2025-07-04T13:04:33.371+08:00 DEBUG 21012 --- [shopping] [main] tor$SharedEntityManagerInvocationHandler : Creating new EntityManager for shared EntityManager invocation
2025-07-04T13:04:33.371+08:00 DEBUG 21012 --- [shopping] [main] o.s.d.jpa.repository.query.NamedQuery    : Looking up named query 'Favorite.findByUserId'
2025-07-04T13:04:33.371+08:00 DEBUG 21012 --- [shopping] [main] o.s.d.jpa.repository.query.NamedQuery    : Did not find named query Favorite.findByUserId
2025-07-04T13:04:33.371+08:00 DEBUG 21012 --- [shopping] [main] tor$SharedEntityManagerInvocationHandler : Creating new EntityManager for shared EntityManager invocation
2025-07-04T13:04:33.372+08:00 DEBUG 21012 --- [shopping] [main] o.s.d.jpa.repository.query.NamedQuery    : Did not find named query Favorite.findByUserIdWithUserAndProductAndImages.count
2025-07-04T13:04:33.372+08:00 DEBUG 21012 --- [shopping] [main] tor$SharedEntityManagerInvocationHandler : Creating new EntityManager for shared EntityManager invocation
2025-07-04T13:04:33.374+08:00 DEBUG 21012 --- [shopping] [main] o.s.d.r.c.s.RepositoryFactorySupport     : Finished creation of repository instance for com.example.demo.repository.FavoriteRepository.
2025-07-04T13:04:33.375+08:00 DEBUG 21012 --- [shopping] [main] o.s.b.f.s.DefaultListableBeanFactory     : Creating shared instance of singleton bean 'loginController'
2025-07-04T13:04:33.376+08:00 DEBUG 21012 --- [shopping] [main] o.s.b.f.s.DefaultListableBeanFactory     : Creating shared instance of singleton bean 'userServiceImpl'
2025-07-04T13:04:33.377+08:00 DEBUG 21012 --- [shopping] [main] o.s.b.f.s.DefaultListableBeanFactory     : Creating shared instance of singleton bean 'loginLogServiceImpl'
2025-07-04T13:04:33.377+08:00 DEBUG 21012 --- [shopping] [main] o.s.b.f.s.DefaultListableBeanFactory     : Creating shared instance of singleton bean 'emailService'
2025-07-04T13:04:33.377+08:00 DEBUG 21012 --- [shopping] [main] o.s.b.f.s.DefaultListableBeanFactory     : Creating shared instance of singleton bean 'mailSender'
2025-07-04T13:04:33.377+08:00 DEBUG 21012 --- [shopping] [main] o.s.b.f.s.DefaultListableBeanFactory     : Creating shared instance of singleton bean 'org.springframework.boot.autoconfigure.mail.MailSenderPropertiesConfiguration'
2025-07-04T13:04:33.379+08:00 DEBUG 21012 --- [shopping] [main] o.s.b.f.s.DefaultListableBeanFactory     : Creating shared instance of singleton bean 'spring.mail-org.springframework.boot.autoconfigure.mail.MailProperties'
2025-07-04T13:04:33.381+08:00 DEBUG 21012 --- [shopping] [main] o.s.b.f.s.DefaultListableBeanFactory     : Autowiring by type from bean name 'mailSender' via factory method to bean named 'spring.mail-org.springframework.boot.autoconfigure.mail.MailProperties'
2025-07-04T13:04:33.391+08:00 DEBUG 21012 --- [shopping] [main] o.s.b.f.s.DefaultListableBeanFactory     : Autowiring by type from bean name 'emailService' via constructor to bean named 'mailSender'
2025-07-04T13:04:33.392+08:00 DEBUG 21012 --- [shopping] [main] o.s.c.e.PropertySourcesPropertyResolver  : Found key 'spring.mail.username' in PropertySource 'environmentProperties' with value of type String
2025-07-04T13:04:33.392+08:00 DEBUG 21012 --- [shopping] [main] o.s.b.f.s.DefaultListableBeanFactory     : Creating shared instance of singleton bean 'notificationController'
2025-07-04T13:04:33.393+08:00 DEBUG 21012 --- [shopping] [main] o.s.b.f.s.DefaultListableBeanFactory     : Creating shared instance of singleton bean 'notificationServiceImpl'
2025-07-04T13:04:33.397+08:00 DEBUG 21012 --- [shopping] [main] o.s.b.f.s.DefaultListableBeanFactory     : Creating shared instance of singleton bean 'orderController'
2025-07-04T13:04:33.398+08:00 DEBUG 21012 --- [shopping] [main] o.s.b.f.s.DefaultListableBeanFactory     : Creating shared instance of singleton bean 'orderServiceImpl'
2025-07-04T13:04:33.402+08:00 DEBUG 21012 --- [shopping] [main] o.s.b.f.s.DefaultListableBeanFactory     : Creating shared instance of singleton bean 'productController'
2025-07-04T13:04:33.402+08:00 DEBUG 21012 --- [shopping] [main] o.s.b.f.s.DefaultListableBeanFactory     : Creating shared instance of singleton bean 'productImageController'
2025-07-04T13:04:33.403+08:00 DEBUG 21012 --- [shopping] [main] o.s.b.f.s.DefaultListableBeanFactory     : Creating shared instance of singleton bean 'productReviewController'
2025-07-04T13:04:33.404+08:00 DEBUG 21012 --- [shopping] [main] o.s.b.f.s.DefaultListableBeanFactory     : Creating shared instance of singleton bean 'recentlyViewedController'
2025-07-04T13:04:33.404+08:00 DEBUG 21012 --- [shopping] [main] o.s.b.f.s.DefaultListableBeanFactory     : Creating shared instance of singleton bean 'recommendProductController'
2025-07-04T13:04:33.404+08:00 DEBUG 21012 --- [shopping] [main] o.s.b.f.s.DefaultListableBeanFactory     : Creating shared instance of singleton bean 'recommendProductServiceImpl'
2025-07-04T13:04:33.405+08:00 DEBUG 21012 --- [shopping] [main] o.s.b.f.s.DefaultListableBeanFactory     : Creating shared instance of singleton bean 'sellerProductController'
2025-07-04T13:04:33.406+08:00 DEBUG 21012 --- [shopping] [main] o.s.b.f.s.DefaultListableBeanFactory     : Creating shared instance of singleton bean 'userController'
2025-07-04T13:04:33.406+08:00 DEBUG 21012 --- [shopping] [main] o.s.b.f.s.DefaultListableBeanFactory     : Creating shared instance of singleton bean 'globalExceptionHandler'
2025-07-04T13:04:33.407+08:00 DEBUG 21012 --- [shopping] [main] o.s.b.f.s.DefaultListableBeanFactory     : Creating shared instance of singleton bean 'recommendRuleDtoMapper'
2025-07-04T13:04:33.407+08:00 DEBUG 21012 --- [shopping] [main] o.s.b.f.s.DefaultListableBeanFactory     : Creating shared instance of singleton bean 'reviewController'
2025-07-04T13:04:33.407+08:00 DEBUG 21012 --- [shopping] [main] o.s.b.f.s.DefaultListableBeanFactory     : Creating shared instance of singleton bean 'aiReviewService'
2025-07-04T13:04:33.408+08:00 DEBUG 21012 --- [shopping] [main] o.s.b.f.s.DefaultListableBeanFactory     : Creating shared instance of singleton bean 'org.springframework.ai.autoconfigure.chat.client.ChatClientAutoConfiguration'
2025-07-04T13:04:33.408+08:00 DEBUG 21012 --- [shopping] [main] o.s.b.f.s.DefaultListableBeanFactory     : Creating shared instance of singleton bean 'chatClientBuilderConfigurer'
2025-07-04T13:04:33.410+08:00 DEBUG 21012 --- [shopping] [main] o.s.b.f.s.DefaultListableBeanFactory     : Creating shared instance of singleton bean 'ollamaChatModel'
2025-07-04T13:04:33.410+08:00 DEBUG 21012 --- [shopping] [main] o.s.b.f.s.DefaultListableBeanFactory     : Creating shared instance of singleton bean 'org.springframework.ai.autoconfigure.ollama.OllamaAutoConfiguration'
2025-07-04T13:04:33.410+08:00 DEBUG 21012 --- [shopping] [main] o.s.b.f.s.DefaultListableBeanFactory     : Creating shared instance of singleton bean 'ollamaApi'
2025-07-04T13:04:33.410+08:00 DEBUG 21012 --- [shopping] [main] o.s.b.f.s.DefaultListableBeanFactory     : Creating shared instance of singleton bean 'ollamaConnectionDetails'
2025-07-04T13:04:33.411+08:00 DEBUG 21012 --- [shopping] [main] o.s.b.f.s.DefaultListableBeanFactory     : Creating shared instance of singleton bean 'spring.ai.ollama-org.springframework.ai.autoconfigure.ollama.OllamaConnectionProperties'
2025-07-04T13:04:33.411+08:00 DEBUG 21012 --- [shopping] [main] o.s.b.f.s.DefaultListableBeanFactory     : Autowiring by type from bean name 'ollamaConnectionDetails' via factory method to bean named 'spring.ai.ollama-org.springframework.ai.autoconfigure.ollama.OllamaConnectionProperties'
2025-07-04T13:04:33.411+08:00 DEBUG 21012 --- [shopping] [main] o.s.b.f.s.DefaultListableBeanFactory     : Autowiring by type from bean name 'ollamaApi' via factory method to bean named 'ollamaConnectionDetails'
2025-07-04T13:04:33.412+08:00 DEBUG 21012 --- [shopping] [main] o.s.b.f.s.DefaultListableBeanFactory     : Creating shared instance of singleton bean 'org.springframework.boot.autoconfigure.web.client.RestClientAutoConfiguration'
2025-07-04T13:04:33.413+08:00 DEBUG 21012 --- [shopping] [main] o.s.b.f.s.DefaultListableBeanFactory     : Creating shared instance of singleton bean 'restClientBuilderConfigurer'
2025-07-04T13:04:33.413+08:00 DEBUG 21012 --- [shopping] [main] o.s.b.f.s.DefaultListableBeanFactory     : Creating shared instance of singleton bean 'clientHttpRequestFactoryBuilder'
2025-07-04T13:04:33.414+08:00 DEBUG 21012 --- [shopping] [main] o.s.b.f.s.DefaultListableBeanFactory     : Creating shared instance of singleton bean 'org.springframework.boot.autoconfigure.http.client.HttpClientAutoConfiguration'
2025-07-04T13:04:33.414+08:00 DEBUG 21012 --- [shopping] [main] o.s.b.f.s.DefaultListableBeanFactory     : Creating shared instance of singleton bean 'spring.http.client-org.springframework.boot.autoconfigure.http.client.HttpClientProperties'
2025-07-04T13:04:33.415+08:00 DEBUG 21012 --- [shopping] [main] o.s.b.f.s.DefaultListableBeanFactory     : Autowiring by type from bean name 'clientHttpRequestFactoryBuilder' via factory method to bean named 'spring.http.client-org.springframework.boot.autoconfigure.http.client.HttpClientProperties'
2025-07-04T13:04:33.420+08:00 DEBUG 21012 --- [shopping] [main] o.s.b.f.s.DefaultListableBeanFactory     : Creating shared instance of singleton bean 'clientHttpRequestFactorySettings'
2025-07-04T13:04:33.420+08:00 DEBUG 21012 --- [shopping] [main] o.s.b.f.s.DefaultListableBeanFactory     : Autowiring by type from bean name 'clientHttpRequestFactorySettings' via factory method to bean named 'spring.http.client-org.springframework.boot.autoconfigure.http.client.HttpClientProperties'
2025-07-04T13:04:33.422+08:00 DEBUG 21012 --- [shopping] [main] o.s.b.f.s.DefaultListableBeanFactory     : Creating shared instance of singleton bean 'httpMessageConvertersRestClientCustomizer'
2025-07-04T13:04:33.422+08:00 DEBUG 21012 --- [shopping] [main] o.s.b.f.s.DefaultListableBeanFactory     : Creating shared instance of singleton bean 'messageConverters'
2025-07-04T13:04:33.422+08:00 DEBUG 21012 --- [shopping] [main] o.s.b.f.s.DefaultListableBeanFactory     : Creating shared instance of singleton bean 'org.springframework.boot.autoconfigure.http.HttpMessageConvertersAutoConfiguration'
2025-07-04T13:04:33.424+08:00 DEBUG 21012 --- [shopping] [main] o.s.b.f.s.DefaultListableBeanFactory     : Creating shared instance of singleton bean 'stringHttpMessageConverter'
2025-07-04T13:04:33.424+08:00 DEBUG 21012 --- [shopping] [main] o.s.b.f.s.DefaultListableBeanFactory     : Creating shared instance of singleton bean 'org.springframework.boot.autoconfigure.http.HttpMessageConvertersAutoConfiguration$StringHttpMessageConverterConfiguration'
2025-07-04T13:04:33.424+08:00 DEBUG 21012 --- [shopping] [main] o.s.b.f.s.DefaultListableBeanFactory     : Autowiring by type from bean name 'stringHttpMessageConverter' via factory method to bean named 'environment'
2025-07-04T13:04:33.427+08:00 DEBUG 21012 --- [shopping] [main] o.s.b.f.s.DefaultListableBeanFactory     : Creating shared instance of singleton bean 'mappingJackson2HttpMessageConverter'
2025-07-04T13:04:33.427+08:00 DEBUG 21012 --- [shopping] [main] o.s.b.f.s.DefaultListableBeanFactory     : Creating shared instance of singleton bean 'org.springframework.boot.autoconfigure.http.JacksonHttpMessageConvertersConfiguration$MappingJackson2HttpMessageConverterConfiguration'
2025-07-04T13:04:33.428+08:00 DEBUG 21012 --- [shopping] [main] o.s.b.f.s.DefaultListableBeanFactory     : Creating shared instance of singleton bean 'jacksonObjectMapper'
2025-07-04T13:04:33.428+08:00 DEBUG 21012 --- [shopping] [main] o.s.b.f.s.DefaultListableBeanFactory     : Creating shared instance of singleton bean 'org.springframework.boot.autoconfigure.jackson.JacksonAutoConfiguration$JacksonObjectMapperConfiguration'
2025-07-04T13:04:33.428+08:00 DEBUG 21012 --- [shopping] [main] o.s.b.f.s.DefaultListableBeanFactory     : Creating shared instance of singleton bean 'org.springframework.boot.autoconfigure.jackson.JacksonAutoConfiguration$JacksonObjectMapperBuilderConfiguration'
2025-07-04T13:04:33.428+08:00 DEBUG 21012 --- [shopping] [main] o.s.b.f.s.DefaultListableBeanFactory     : Creating shared instance of singleton bean 'standardJacksonObjectMapperBuilderCustomizer'
2025-07-04T13:04:33.429+08:00 DEBUG 21012 --- [shopping] [main] o.s.b.f.s.DefaultListableBeanFactory     : Creating shared instance of singleton bean 'org.springframework.boot.autoconfigure.jackson.JacksonAutoConfiguration$Jackson2ObjectMapperBuilderCustomizerConfiguration'
2025-07-04T13:04:33.429+08:00 DEBUG 21012 --- [shopping] [main] o.s.b.f.s.DefaultListableBeanFactory     : Creating shared instance of singleton bean 'spring.jackson-org.springframework.boot.autoconfigure.jackson.JacksonProperties'
2025-07-04T13:04:33.430+08:00 DEBUG 21012 --- [shopping] [main] o.s.b.f.s.DefaultListableBeanFactory     : Autowiring by type from bean name 'standardJacksonObjectMapperBuilderCustomizer' via factory method to bean named 'spring.jackson-org.springframework.boot.autoconfigure.jackson.JacksonProperties'
2025-07-04T13:04:33.431+08:00 DEBUG 21012 --- [shopping] [main] o.s.b.f.s.DefaultListableBeanFactory     : Creating shared instance of singleton bean 'parameterNamesModule'
2025-07-04T13:04:33.431+08:00 DEBUG 21012 --- [shopping] [main] o.s.b.f.s.DefaultListableBeanFactory     : Creating shared instance of singleton bean 'org.springframework.boot.autoconfigure.jackson.JacksonAutoConfiguration$ParameterNamesModuleConfiguration'
2025-07-04T13:04:33.432+08:00 DEBUG 21012 --- [shopping] [main] o.s.b.f.s.DefaultListableBeanFactory     : Creating shared instance of singleton bean 'jsonMixinModule'
2025-07-04T13:04:33.433+08:00 DEBUG 21012 --- [shopping] [main] o.s.b.f.s.DefaultListableBeanFactory     : Creating shared instance of singleton bean 'org.springframework.boot.autoconfigure.jackson.JacksonAutoConfiguration$JacksonMixinConfiguration'
2025-07-04T13:04:33.433+08:00 DEBUG 21012 --- [shopping] [main] o.s.b.f.s.DefaultListableBeanFactory     : Creating shared instance of singleton bean 'jsonMixinModuleEntries'
2025-07-04T13:04:33.433+08:00 DEBUG 21012 --- [shopping] [main] o.s.b.f.s.DefaultListableBeanFactory     : Autowiring by type from bean name 'jsonMixinModuleEntries' via factory method to bean named 'org.springframework.boot.web.servlet.context.AnnotationConfigServletWebServerApplicationContext@13f17eb4'
2025-07-04T13:04:33.441+08:00 DEBUG 21012 --- [shopping] [main] o.s.b.f.s.DefaultListableBeanFactory     : Autowiring by type from bean name 'jsonMixinModule' via factory method to bean named 'org.springframework.boot.web.servlet.context.AnnotationConfigServletWebServerApplicationContext@13f17eb4'
2025-07-04T13:04:33.441+08:00 DEBUG 21012 --- [shopping] [main] o.s.b.f.s.DefaultListableBeanFactory     : Autowiring by type from bean name 'jsonMixinModule' via factory method to bean named 'jsonMixinModuleEntries'
2025-07-04T13:04:33.443+08:00 DEBUG 21012 --- [shopping] [main] o.s.b.f.s.DefaultListableBeanFactory     : Creating shared instance of singleton bean 'jsonComponentModule'
2025-07-04T13:04:33.443+08:00 DEBUG 21012 --- [shopping] [main] o.s.b.f.s.DefaultListableBeanFactory     : Creating shared instance of singleton bean 'org.springframework.boot.autoconfigure.jackson.JacksonAutoConfiguration'
2025-07-04T13:04:33.446+08:00 DEBUG 21012 --- [shopping] [main] o.s.b.f.s.DefaultListableBeanFactory     : Creating shared instance of singleton bean 'jacksonGeoModule'
2025-07-04T13:04:33.446+08:00 DEBUG 21012 --- [shopping] [main] o.s.b.f.s.DefaultListableBeanFactory     : Creating shared instance of singleton bean 'org.springframework.data.web.config.SpringDataJacksonConfiguration'
2025-07-04T13:04:33.446+08:00 DEBUG 21012 --- [shopping] [main] o.s.b.f.s.DefaultListableBeanFactory     : Creating shared instance of singleton bean 'springDataWebSettings'
2025-07-04T13:04:33.446+08:00 DEBUG 21012 --- [shopping] [main] o.s.b.f.s.DefaultListableBeanFactory     : Creating shared instance of singleton bean 'org.springframework.boot.autoconfigure.data.web.SpringDataWebAutoConfiguration'
2025-07-04T13:04:33.447+08:00 DEBUG 21012 --- [shopping] [main] o.s.b.f.s.DefaultListableBeanFactory     : Creating shared instance of singleton bean 'spring.data.web-org.springframework.boot.autoconfigure.data.web.SpringDataWebProperties'
2025-07-04T13:04:33.447+08:00 DEBUG 21012 --- [shopping] [main] o.s.b.f.s.DefaultListableBeanFactory     : Autowiring by type from bean name 'org.springframework.boot.autoconfigure.data.web.SpringDataWebAutoConfiguration' via constructor to bean named 'spring.data.web-org.springframework.boot.autoconfigure.data.web.SpringDataWebProperties'
2025-07-04T13:04:33.450+08:00 DEBUG 21012 --- [shopping] [main] o.s.b.f.s.DefaultListableBeanFactory     : Creating shared instance of singleton bean 'pageModule'
2025-07-04T13:04:33.452+08:00 DEBUG 21012 --- [shopping] [main] o.s.b.f.s.DefaultListableBeanFactory     : Autowiring by type from bean name 'jacksonObjectMapperBuilder' via factory method to bean named 'org.springframework.boot.web.servlet.context.AnnotationConfigServletWebServerApplicationContext@13f17eb4'
2025-07-04T13:04:33.452+08:00 DEBUG 21012 --- [shopping] [main] o.s.b.f.s.DefaultListableBeanFactory     : Autowiring by type from bean name 'jacksonObjectMapperBuilder' via factory method to bean named 'standardJacksonObjectMapperBuilderCustomizer'
2025-07-04T13:04:33.453+08:00 DEBUG 21012 --- [shopping] [main] o.s.b.f.s.DefaultListableBeanFactory     : Autowiring by type from bean name 'jacksonObjectMapper' via factory method to bean named 'jacksonObjectMapperBuilder'
2025-07-04T13:04:33.462+08:00 DEBUG 21012 --- [shopping] [main] o.s.b.f.s.DefaultListableBeanFactory     : Autowiring by type from bean name 'mappingJackson2HttpMessageConverter' via factory method to bean named 'jacksonObjectMapper'
2025-07-04T13:04:33.473+08:00 DEBUG 21012 --- [shopping] [main] o.s.b.f.s.DefaultListableBeanFactory     : Autowiring by type from bean name 'restClientBuilder' via factory method to bean named 'restClientBuilderConfigurer'
2025-07-04T13:04:33.526+08:00 DEBUG 21012 --- [shopping] [main] o.s.b.f.s.DefaultListableBeanFactory     : Creating shared instance of singleton bean 'org.springframework.boot.autoconfigure.web.reactive.function.client.WebClientAutoConfiguration'
2025-07-04T13:04:33.528+08:00 DEBUG 21012 --- [shopping] [main] o.s.b.f.s.DefaultListableBeanFactory     : Creating shared instance of singleton bean 'exchangeStrategiesCustomizer'
2025-07-04T13:04:33.528+08:00 DEBUG 21012 --- [shopping] [main] o.s.b.f.s.DefaultListableBeanFactory     : Creating shared instance of singleton bean 'org.springframework.boot.autoconfigure.web.reactive.function.client.WebClientAutoConfiguration$WebClientCodecsConfiguration'
2025-07-04T13:04:33.528+08:00 DEBUG 21012 --- [shopping] [main] o.s.b.f.s.DefaultListableBeanFactory     : Creating shared instance of singleton bean 'defaultCodecCustomizer'
2025-07-04T13:04:33.528+08:00 DEBUG 21012 --- [shopping] [main] o.s.b.f.s.DefaultListableBeanFactory     : Creating shared instance of singleton bean 'org.springframework.boot.autoconfigure.http.codec.CodecsAutoConfiguration$DefaultCodecsConfiguration'
2025-07-04T13:04:33.529+08:00 DEBUG 21012 --- [shopping] [main] o.s.b.f.s.DefaultListableBeanFactory     : Creating shared instance of singleton bean 'spring.codec-org.springframework.boot.autoconfigure.codec.CodecProperties'
2025-07-04T13:04:33.529+08:00 DEBUG 21012 --- [shopping] [main] o.s.b.f.s.DefaultListableBeanFactory     : Autowiring by type from bean name 'defaultCodecCustomizer' via factory method to bean named 'spring.codec-org.springframework.boot.autoconfigure.codec.CodecProperties'
2025-07-04T13:04:33.529+08:00 DEBUG 21012 --- [shopping] [main] o.s.b.f.s.DefaultListableBeanFactory     : Creating shared instance of singleton bean 'jacksonCodecCustomizer'
2025-07-04T13:04:33.530+08:00 DEBUG 21012 --- [shopping] [main] o.s.b.f.s.DefaultListableBeanFactory     : Creating shared instance of singleton bean 'org.springframework.boot.autoconfigure.http.codec.CodecsAutoConfiguration$JacksonCodecConfiguration'
2025-07-04T13:04:33.530+08:00 DEBUG 21012 --- [shopping] [main] o.s.b.f.s.DefaultListableBeanFactory     : Autowiring by type from bean name 'jacksonCodecCustomizer' via factory method to bean named 'jacksonObjectMapper'
2025-07-04T13:04:33.530+08:00 DEBUG 21012 --- [shopping] [main] o.s.b.f.s.DefaultListableBeanFactory     : Creating shared instance of singleton bean 'webClientHttpConnectorCustomizer'
2025-07-04T13:04:33.530+08:00 DEBUG 21012 --- [shopping] [main] o.s.b.f.s.DefaultListableBeanFactory     : Creating shared instance of singleton bean 'org.springframework.boot.autoconfigure.web.reactive.function.client.ClientHttpConnectorAutoConfiguration'
2025-07-04T13:04:33.531+08:00 DEBUG 21012 --- [shopping] [main] o.s.b.f.s.DefaultListableBeanFactory     : Creating shared instance of singleton bean 'webClientHttpConnector'
2025-07-04T13:04:33.532+08:00 DEBUG 21012 --- [shopping] [main] o.s.b.f.s.DefaultListableBeanFactory     : Creating shared instance of singleton bean 'jdkClientHttpConnectorFactory'
2025-07-04T13:04:33.532+08:00 DEBUG 21012 --- [shopping] [main] o.s.b.f.s.DefaultListableBeanFactory     : Creating shared instance of singleton bean 'org.springframework.boot.autoconfigure.web.reactive.function.client.ClientHttpConnectorFactoryConfiguration$JdkClient'
2025-07-04T13:04:33.532+08:00 DEBUG 21012 --- [shopping] [main] o.s.b.f.s.DefaultListableBeanFactory     : Autowiring by type from bean name 'webClientHttpConnector' via factory method to bean named 'jdkClientHttpConnectorFactory'
2025-07-04T13:04:33.538+08:00 DEBUG 21012 --- [shopping] [main] o.s.b.f.s.DefaultListableBeanFactory     : Autowiring by type from bean name 'webClientHttpConnectorCustomizer' via factory method to bean named 'webClientHttpConnector'
2025-07-04T13:04:33.610+08:00 DEBUG 21012 --- [shopping] [main] o.s.b.f.s.DefaultListableBeanFactory     : Creating shared instance of singleton bean 'spring.ai.ollama.chat-org.springframework.ai.autoconfigure.ollama.OllamaChatProperties'
2025-07-04T13:04:33.615+08:00 DEBUG 21012 --- [shopping] [main] o.s.b.f.s.DefaultListableBeanFactory     : Creating shared instance of singleton bean 'spring.ai.ollama.init-org.springframework.ai.autoconfigure.ollama.OllamaInitializationProperties'
2025-07-04T13:04:33.616+08:00 DEBUG 21012 --- [shopping] [main] o.s.b.f.s.DefaultListableBeanFactory     : Creating shared instance of singleton bean 'toolCallingManager'
2025-07-04T13:04:33.616+08:00 DEBUG 21012 --- [shopping] [main] o.s.b.f.s.DefaultListableBeanFactory     : Creating shared instance of singleton bean 'org.springframework.ai.autoconfigure.chat.model.ToolCallingAutoConfiguration'
2025-07-04T13:04:33.616+08:00 DEBUG 21012 --- [shopping] [main] o.s.b.f.s.DefaultListableBeanFactory     : Creating shared instance of singleton bean 'toolCallbackResolver'
2025-07-04T13:04:33.619+08:00 DEBUG 21012 --- [shopping] [main] o.s.b.f.s.DefaultListableBeanFactory     : Autowiring by type from bean name 'toolCallbackResolver' via factory method to bean named 'org.springframework.boot.web.servlet.context.AnnotationConfigServletWebServerApplicationContext@13f17eb4'
2025-07-04T13:04:33.622+08:00 DEBUG 21012 --- [shopping] [main] o.s.b.f.s.DefaultListableBeanFactory     : Creating shared instance of singleton bean 'toolExecutionExceptionProcessor'
2025-07-04T13:04:33.623+08:00 DEBUG 21012 --- [shopping] [main] o.s.b.f.s.DefaultListableBeanFactory     : Autowiring by type from bean name 'toolCallingManager' via factory method to bean named 'toolCallbackResolver'
2025-07-04T13:04:33.623+08:00 DEBUG 21012 --- [shopping] [main] o.s.b.f.s.DefaultListableBeanFactory     : Autowiring by type from bean name 'toolCallingManager' via factory method to bean named 'toolExecutionExceptionProcessor'
2025-07-04T13:04:33.626+08:00 DEBUG 21012 --- [shopping] [main] o.s.b.f.s.DefaultListableBeanFactory     : Autowiring by type from bean name 'ollamaChatModel' via factory method to bean named 'ollamaApi'
2025-07-04T13:04:33.626+08:00 DEBUG 21012 --- [shopping] [main] o.s.b.f.s.DefaultListableBeanFactory     : Autowiring by type from bean name 'ollamaChatModel' via factory method to bean named 'spring.ai.ollama.chat-org.springframework.ai.autoconfigure.ollama.OllamaChatProperties'
2025-07-04T13:04:33.626+08:00 DEBUG 21012 --- [shopping] [main] o.s.b.f.s.DefaultListableBeanFactory     : Autowiring by type from bean name 'ollamaChatModel' via factory method to bean named 'spring.ai.ollama.init-org.springframework.ai.autoconfigure.ollama.OllamaInitializationProperties'
2025-07-04T13:04:33.626+08:00 DEBUG 21012 --- [shopping] [main] o.s.b.f.s.DefaultListableBeanFactory     : Autowiring by type from bean name 'ollamaChatModel' via factory method to bean named 'toolCallingManager'
2025-07-04T13:04:33.636+08:00 DEBUG 21012 --- [shopping] [main] o.s.b.f.s.DefaultListableBeanFactory     : Autowiring by type from bean name 'chatClientBuilder' via factory method to bean named 'chatClientBuilderConfigurer'
2025-07-04T13:04:33.637+08:00 DEBUG 21012 --- [shopping] [main] o.s.b.f.s.DefaultListableBeanFactory     : Autowiring by type from bean name 'chatClientBuilder' via factory method to bean named 'ollamaChatModel'
2025-07-04T13:04:33.646+08:00 DEBUG 21012 --- [shopping] [main] o.s.b.f.s.DefaultListableBeanFactory     : Autowiring by type from bean name 'aiReviewService' via constructor to bean named 'chatClientBuilder'
2025-07-04T13:04:33.646+08:00 DEBUG 21012 --- [shopping] [main] o.s.b.f.s.DefaultListableBeanFactory     : Creating shared instance of singleton bean 'passwordHash'
2025-07-04T13:04:33.646+08:00 DEBUG 21012 --- [shopping] [main] o.s.b.f.s.DefaultListableBeanFactory     : Creating shared instance of singleton bean 'roleServiceImpl'
2025-07-04T13:04:33.646+08:00 DEBUG 21012 --- [shopping] [main] o.s.b.f.s.DefaultListableBeanFactory     : Creating shared instance of singleton bean 'captchaProducer'
2025-07-04T13:04:33.648+08:00 DEBUG 21012 --- [shopping] [main] o.s.b.f.s.DefaultListableBeanFactory     : Creating shared instance of singleton bean 'securityFilterChain'
2025-07-04T13:04:33.649+08:00 DEBUG 21012 --- [shopping] [main] o.s.b.f.s.DefaultListableBeanFactory     : Autowiring by type from bean name 'securityFilterChain' via factory method to bean named 'org.springframework.security.config.annotation.web.configuration.HttpSecurityConfiguration.httpSecurity'
2025-07-04T13:04:33.649+08:00 DEBUG 21012 --- [shopping] [main] o.s.b.f.s.DefaultListableBeanFactory     : Creating shared instance of singleton bean 'corsConfigurationSource'
2025-07-04T13:04:33.663+08:00 DEBUG 21012 --- [shopping] [main] o.s.b.f.s.DefaultListableBeanFactory     : Creating shared instance of singleton bean 'webAuthorizationManagerPostProcessor'
2025-07-04T13:04:33.665+08:00 DEBUG 21012 --- [shopping] [main] o.s.b.f.s.DefaultListableBeanFactory     : Creating shared instance of singleton bean 'mvcHandlerMappingIntrospector'
2025-07-04T13:04:33.668+08:00 DEBUG 21012 --- [shopping] [main] o.s.b.f.s.DefaultListableBeanFactory     : Creating shared instance of singleton bean 'welcomePageHandlerMapping'
2025-07-04T13:04:33.668+08:00 DEBUG 21012 --- [shopping] [main] o.s.b.f.s.DefaultListableBeanFactory     : Creating shared instance of singleton bean 'mvcConversionService'
2025-07-04T13:04:33.674+08:00 DEBUG 21012 --- [shopping] [main] o.s.b.f.s.DefaultListableBeanFactory     : Creating shared instance of singleton bean 'mvcResourceUrlProvider'
2025-07-04T13:04:33.675+08:00 DEBUG 21012 --- [shopping] [main] o.s.b.f.s.DefaultListableBeanFactory     : Autowiring by type from bean name 'welcomePageHandlerMapping' via factory method to bean named 'org.springframework.boot.web.servlet.context.AnnotationConfigServletWebServerApplicationContext@13f17eb4'
2025-07-04T13:04:33.675+08:00 DEBUG 21012 --- [shopping] [main] o.s.b.f.s.DefaultListableBeanFactory     : Autowiring by type from bean name 'welcomePageHandlerMapping' via factory method to bean named 'mvcConversionService'
2025-07-04T13:04:33.675+08:00 DEBUG 21012 --- [shopping] [main] o.s.b.f.s.DefaultListableBeanFactory     : Autowiring by type from bean name 'welcomePageHandlerMapping' via factory method to bean named 'mvcResourceUrlProvider'
2025-07-04T13:04:33.682+08:00 DEBUG 21012 --- [shopping] [main] o.s.b.f.s.DefaultListableBeanFactory     : Creating shared instance of singleton bean 'welcomePageNotAcceptableHandlerMapping'
2025-07-04T13:04:33.683+08:00 DEBUG 21012 --- [shopping] [main] o.s.b.f.s.DefaultListableBeanFactory     : Autowiring by type from bean name 'welcomePageNotAcceptableHandlerMapping' via factory method to bean named 'org.springframework.boot.web.servlet.context.AnnotationConfigServletWebServerApplicationContext@13f17eb4'
2025-07-04T13:04:33.683+08:00 DEBUG 21012 --- [shopping] [main] o.s.b.f.s.DefaultListableBeanFactory     : Autowiring by type from bean name 'welcomePageNotAcceptableHandlerMapping' via factory method to bean named 'mvcConversionService'
2025-07-04T13:04:33.683+08:00 DEBUG 21012 --- [shopping] [main] o.s.b.f.s.DefaultListableBeanFactory     : Autowiring by type from bean name 'welcomePageNotAcceptableHandlerMapping' via factory method to bean named 'mvcResourceUrlProvider'
2025-07-04T13:04:33.684+08:00 DEBUG 21012 --- [shopping] [main] o.s.b.f.s.DefaultListableBeanFactory     : Creating shared instance of singleton bean 'requestMappingHandlerMapping'
2025-07-04T13:04:33.686+08:00 DEBUG 21012 --- [shopping] [main] o.s.b.f.s.DefaultListableBeanFactory     : Autowiring by type from bean name 'requestMappingHandlerMapping' via factory method to bean named 'mvcContentNegotiationManager'
2025-07-04T13:04:33.686+08:00 DEBUG 21012 --- [shopping] [main] o.s.b.f.s.DefaultListableBeanFactory     : Autowiring by type from bean name 'requestMappingHandlerMapping' via factory method to bean named 'mvcConversionService'
2025-07-04T13:04:33.686+08:00 DEBUG 21012 --- [shopping] [main] o.s.b.f.s.DefaultListableBeanFactory     : Autowiring by type from bean name 'requestMappingHandlerMapping' via factory method to bean named 'mvcResourceUrlProvider'
2025-07-04T13:04:33.733+08:00 DEBUG 21012 --- [shopping] [main] s.w.s.m.m.a.RequestMappingHandlerMapping : 94 mappings in 'requestMappingHandlerMapping'
2025-07-04T13:04:33.734+08:00 DEBUG 21012 --- [shopping] [main] o.s.b.f.s.DefaultListableBeanFactory     : Creating shared instance of singleton bean 'viewControllerHandlerMapping'
2025-07-04T13:04:33.734+08:00 DEBUG 21012 --- [shopping] [main] o.s.b.f.s.DefaultListableBeanFactory     : Autowiring by type from bean name 'viewControllerHandlerMapping' via factory method to bean named 'mvcConversionService'
2025-07-04T13:04:33.734+08:00 DEBUG 21012 --- [shopping] [main] o.s.b.f.s.DefaultListableBeanFactory     : Autowiring by type from bean name 'viewControllerHandlerMapping' via factory method to bean named 'mvcResourceUrlProvider'
2025-07-04T13:04:33.735+08:00 DEBUG 21012 --- [shopping] [main] o.s.b.f.s.DefaultListableBeanFactory     : Creating shared instance of singleton bean 'beanNameHandlerMapping'
2025-07-04T13:04:33.735+08:00 DEBUG 21012 --- [shopping] [main] o.s.b.f.s.DefaultListableBeanFactory     : Autowiring by type from bean name 'beanNameHandlerMapping' via factory method to bean named 'mvcConversionService'
2025-07-04T13:04:33.735+08:00 DEBUG 21012 --- [shopping] [main] o.s.b.f.s.DefaultListableBeanFactory     : Autowiring by type from bean name 'beanNameHandlerMapping' via factory method to bean named 'mvcResourceUrlProvider'
2025-07-04T13:04:33.738+08:00 DEBUG 21012 --- [shopping] [main] o.s.b.f.s.DefaultListableBeanFactory     : Creating shared instance of singleton bean 'routerFunctionMapping'
2025-07-04T13:04:33.738+08:00 DEBUG 21012 --- [shopping] [main] o.s.b.f.s.DefaultListableBeanFactory     : Autowiring by type from bean name 'routerFunctionMapping' via factory method to bean named 'mvcConversionService'
2025-07-04T13:04:33.738+08:00 DEBUG 21012 --- [shopping] [main] o.s.b.f.s.DefaultListableBeanFactory     : Autowiring by type from bean name 'routerFunctionMapping' via factory method to bean named 'mvcResourceUrlProvider'
2025-07-04T13:04:33.742+08:00 DEBUG 21012 --- [shopping] [main] o.s.b.f.s.DefaultListableBeanFactory     : Creating shared instance of singleton bean 'resourceHandlerMapping'
2025-07-04T13:04:33.742+08:00 DEBUG 21012 --- [shopping] [main] o.s.b.f.s.DefaultListableBeanFactory     : Autowiring by type from bean name 'resourceHandlerMapping' via factory method to bean named 'mvcContentNegotiationManager'
2025-07-04T13:04:33.742+08:00 DEBUG 21012 --- [shopping] [main] o.s.b.f.s.DefaultListableBeanFactory     : Autowiring by type from bean name 'resourceHandlerMapping' via factory method to bean named 'mvcConversionService'
2025-07-04T13:04:33.742+08:00 DEBUG 21012 --- [shopping] [main] o.s.b.f.s.DefaultListableBeanFactory     : Autowiring by type from bean name 'resourceHandlerMapping' via factory method to bean named 'mvcResourceUrlProvider'
2025-07-04T13:04:33.752+08:00 DEBUG 21012 --- [shopping] [main] o.s.w.s.handler.SimpleUrlHandlerMapping  : Patterns [/webjars/**, /**, /uploads/**] in 'resourceHandlerMapping'
2025-07-04T13:04:33.753+08:00 DEBUG 21012 --- [shopping] [main] o.s.b.f.s.DefaultListableBeanFactory     : Creating shared instance of singleton bean 'defaultServletHandlerMapping'
2025-07-04T13:04:33.779+08:00 DEBUG 21012 --- [shopping] [main] o.s.b.f.s.DefaultListableBeanFactory     : Creating shared instance of singleton bean 'authenticationManagerPostProcessor'
2025-07-04T13:04:33.787+08:00 DEBUG 21012 --- [shopping] [main] o.s.s.web.DefaultSecurityFilterChain     : Will secure any request with filters: DisableEncodeUrlFilter, WebAsyncManagerIntegrationFilter, SecurityContextPersistenceFilter, HeaderWriterFilter, CorsFilter, LogoutFilter, JwtAuthenticationFilter, RequestCacheAwareFilter, SecurityContextHolderAwareRequestFilter, AnonymousAuthenticationFilter, SessionManagementFilter, ExceptionTranslationFilter, AuthorizationFilter
2025-07-04T13:04:33.787+08:00 DEBUG 21012 --- [shopping] [main] o.s.b.f.s.DefaultListableBeanFactory     : Creating shared instance of singleton bean 'org.springframework.boot.autoconfigure.context.PropertyPlaceholderAutoConfiguration'
2025-07-04T13:04:33.788+08:00 DEBUG 21012 --- [shopping] [main] o.s.b.f.s.DefaultListableBeanFactory     : Creating shared instance of singleton bean 'org.springframework.boot.autoconfigure.websocket.servlet.WebSocketServletAutoConfiguration'
2025-07-04T13:04:33.788+08:00 DEBUG 21012 --- [shopping] [main] o.s.b.f.s.DefaultListableBeanFactory     : Creating shared instance of singleton bean 'org.springframework.boot.autoconfigure.web.servlet.DispatcherServletAutoConfiguration'
2025-07-04T13:04:33.788+08:00 DEBUG 21012 --- [shopping] [main] o.s.b.f.s.DefaultListableBeanFactory     : Creating shared instance of singleton bean 'org.springframework.boot.autoconfigure.http.codec.CodecsAutoConfiguration'
2025-07-04T13:04:33.788+08:00 DEBUG 21012 --- [shopping] [main] o.s.b.f.s.DefaultListableBeanFactory     : Creating shared instance of singleton bean 'org.springframework.boot.autoconfigure.validation.ValidationAutoConfiguration'
2025-07-04T13:04:33.788+08:00 DEBUG 21012 --- [shopping] [main] o.s.b.f.s.DefaultListableBeanFactory     : Creating shared instance of singleton bean 'defaultValidator'
2025-07-04T13:04:33.788+08:00 DEBUG 21012 --- [shopping] [main] o.s.b.f.s.DefaultListableBeanFactory     : Autowiring by type from bean name 'defaultValidator' via factory method to bean named 'org.springframework.boot.web.servlet.context.AnnotationConfigServletWebServerApplicationContext@13f17eb4'
2025-07-04T13:04:33.794+08:00 DEBUG 21012 --- [shopping] [main] o.s.b.f.s.DefaultListableBeanFactory     : Creating shared instance of singleton bean 'org.springframework.boot.autoconfigure.task.TaskExecutorConfigurations$ThreadPoolTaskExecutorBuilderConfiguration'
2025-07-04T13:04:33.794+08:00 DEBUG 21012 --- [shopping] [main] o.s.b.f.s.DefaultListableBeanFactory     : Creating shared instance of singleton bean 'threadPoolTaskExecutorBuilder'
2025-07-04T13:04:33.795+08:00 DEBUG 21012 --- [shopping] [main] o.s.b.f.s.DefaultListableBeanFactory     : Creating shared instance of singleton bean 'spring.task.execution-org.springframework.boot.autoconfigure.task.TaskExecutionProperties'
2025-07-04T13:04:33.796+08:00 DEBUG 21012 --- [shopping] [main] o.s.b.f.s.DefaultListableBeanFactory     : Autowiring by type from bean name 'threadPoolTaskExecutorBuilder' via factory method to bean named 'spring.task.execution-org.springframework.boot.autoconfigure.task.TaskExecutionProperties'
2025-07-04T13:04:33.799+08:00 DEBUG 21012 --- [shopping] [main] o.s.b.f.s.DefaultListableBeanFactory     : Creating shared instance of singleton bean 'org.springframework.boot.autoconfigure.task.TaskExecutorConfigurations$SimpleAsyncTaskExecutorBuilderConfiguration'
2025-07-04T13:04:33.799+08:00 DEBUG 21012 --- [shopping] [main] o.s.b.f.s.DefaultListableBeanFactory     : Autowiring by type from bean name 'org.springframework.boot.autoconfigure.task.TaskExecutorConfigurations$SimpleAsyncTaskExecutorBuilderConfiguration' via constructor to bean named 'spring.task.execution-org.springframework.boot.autoconfigure.task.TaskExecutionProperties'
2025-07-04T13:04:33.799+08:00 DEBUG 21012 --- [shopping] [main] o.s.b.f.s.DefaultListableBeanFactory     : Creating shared instance of singleton bean 'simpleAsyncTaskExecutorBuilder'
2025-07-04T13:04:33.800+08:00 DEBUG 21012 --- [shopping] [main] o.s.b.f.s.DefaultListableBeanFactory     : Creating shared instance of singleton bean 'org.springframework.boot.autoconfigure.task.TaskExecutorConfigurations$TaskExecutorConfiguration'
2025-07-04T13:04:33.800+08:00 DEBUG 21012 --- [shopping] [main] o.s.b.f.s.DefaultListableBeanFactory     : Creating shared instance of singleton bean 'org.springframework.boot.autoconfigure.task.TaskExecutionAutoConfiguration'
2025-07-04T13:04:33.800+08:00 DEBUG 21012 --- [shopping] [main] o.s.b.f.s.DefaultListableBeanFactory     : Creating shared instance of singleton bean 'org.springframework.boot.autoconfigure.web.servlet.error.ErrorMvcAutoConfiguration$WhitelabelErrorViewConfiguration'
2025-07-04T13:04:33.801+08:00 DEBUG 21012 --- [shopping] [main] o.s.b.f.s.DefaultListableBeanFactory     : Creating shared instance of singleton bean 'error'
2025-07-04T13:04:33.801+08:00 DEBUG 21012 --- [shopping] [main] o.s.b.f.s.DefaultListableBeanFactory     : Creating shared instance of singleton bean 'beanNameViewResolver'
2025-07-04T13:04:33.801+08:00 DEBUG 21012 --- [shopping] [main] o.s.b.f.s.DefaultListableBeanFactory     : Creating shared instance of singleton bean 'org.springframework.boot.autoconfigure.web.servlet.error.ErrorMvcAutoConfiguration$DefaultErrorViewResolverConfiguration'
2025-07-04T13:04:33.802+08:00 DEBUG 21012 --- [shopping] [main] o.s.b.f.s.DefaultListableBeanFactory     : Autowiring by type from bean name 'org.springframework.boot.autoconfigure.web.servlet.error.ErrorMvcAutoConfiguration$DefaultErrorViewResolverConfiguration' via constructor to bean named 'org.springframework.boot.web.servlet.context.AnnotationConfigServletWebServerApplicationContext@13f17eb4'
2025-07-04T13:04:33.802+08:00 DEBUG 21012 --- [shopping] [main] o.s.b.f.s.DefaultListableBeanFactory     : Autowiring by type from bean name 'org.springframework.boot.autoconfigure.web.servlet.error.ErrorMvcAutoConfiguration$DefaultErrorViewResolverConfiguration' via constructor to bean named 'spring.web-org.springframework.boot.autoconfigure.web.WebProperties'
2025-07-04T13:04:33.802+08:00 DEBUG 21012 --- [shopping] [main] o.s.b.f.s.DefaultListableBeanFactory     : Creating shared instance of singleton bean 'conventionErrorViewResolver'
2025-07-04T13:04:33.802+08:00 DEBUG 21012 --- [shopping] [main] o.s.b.f.s.DefaultListableBeanFactory     : Creating shared instance of singleton bean 'errorAttributes'
2025-07-04T13:04:33.802+08:00 DEBUG 21012 --- [shopping] [main] o.s.b.f.s.DefaultListableBeanFactory     : Creating shared instance of singleton bean 'basicErrorController'
2025-07-04T13:04:33.803+08:00 DEBUG 21012 --- [shopping] [main] o.s.b.f.s.DefaultListableBeanFactory     : Autowiring by type from bean name 'basicErrorController' via factory method to bean named 'errorAttributes'
2025-07-04T13:04:33.803+08:00 DEBUG 21012 --- [shopping] [main] o.s.b.f.s.DefaultListableBeanFactory     : Creating shared instance of singleton bean 'localeResolver'
2025-07-04T13:04:33.805+08:00 DEBUG 21012 --- [shopping] [main] o.s.b.f.s.DefaultListableBeanFactory     : Creating shared instance of singleton bean 'themeResolver'
2025-07-04T13:04:33.805+08:00 DEBUG 21012 --- [shopping] [main] o.s.b.f.s.DefaultListableBeanFactory     : Creating shared instance of singleton bean 'flashMapManager'
2025-07-04T13:04:33.807+08:00 DEBUG 21012 --- [shopping] [main] o.s.b.f.s.DefaultListableBeanFactory     : Creating shared instance of singleton bean 'viewNameTranslator'
2025-07-04T13:04:33.808+08:00 DEBUG 21012 --- [shopping] [main] o.s.b.f.s.DefaultListableBeanFactory     : Creating shared instance of singleton bean 'mvcValidator'
2025-07-04T13:04:33.809+08:00 DEBUG 21012 --- [shopping] [main] o.s.b.f.s.DefaultListableBeanFactory     : Creating shared instance of singleton bean 'mvcPatternParser'
2025-07-04T13:04:33.809+08:00 DEBUG 21012 --- [shopping] [main] o.s.b.f.s.DefaultListableBeanFactory     : Creating shared instance of singleton bean 'mvcUrlPathHelper'
2025-07-04T13:04:33.810+08:00 DEBUG 21012 --- [shopping] [main] o.s.b.f.s.DefaultListableBeanFactory     : Creating shared instance of singleton bean 'mvcPathMatcher'
2025-07-04T13:04:33.810+08:00 DEBUG 21012 --- [shopping] [main] o.s.b.f.s.DefaultListableBeanFactory     : Creating shared instance of singleton bean 'requestMappingHandlerAdapter'
2025-07-04T13:04:33.811+08:00 DEBUG 21012 --- [shopping] [main] o.s.b.f.s.DefaultListableBeanFactory     : Autowiring by type from bean name 'requestMappingHandlerAdapter' via factory method to bean named 'mvcContentNegotiationManager'
2025-07-04T13:04:33.811+08:00 DEBUG 21012 --- [shopping] [main] o.s.b.f.s.DefaultListableBeanFactory     : Autowiring by type from bean name 'requestMappingHandlerAdapter' via factory method to bean named 'mvcConversionService'
2025-07-04T13:04:33.811+08:00 DEBUG 21012 --- [shopping] [main] o.s.b.f.s.DefaultListableBeanFactory     : Autowiring by type from bean name 'requestMappingHandlerAdapter' via factory method to bean named 'mvcValidator'
2025-07-04T13:04:33.815+08:00 DEBUG 21012 --- [shopping] [main] o.s.b.f.s.DefaultListableBeanFactory     : Creating shared instance of singleton bean 'sortResolver'
2025-07-04T13:04:33.816+08:00 DEBUG 21012 --- [shopping] [main] o.s.b.f.s.DefaultListableBeanFactory     : Creating shared instance of singleton bean 'sortCustomizer'
2025-07-04T13:04:33.817+08:00 DEBUG 21012 --- [shopping] [main] o.s.b.f.s.DefaultListableBeanFactory     : Creating shared instance of singleton bean 'pageableResolver'
2025-07-04T13:04:33.818+08:00 DEBUG 21012 --- [shopping] [main] o.s.b.f.s.DefaultListableBeanFactory     : Creating shared instance of singleton bean 'pageableCustomizer'
2025-07-04T13:04:33.823+08:00 DEBUG 21012 --- [shopping] [main] o.s.b.f.s.DefaultListableBeanFactory     : Creating shared instance of singleton bean 'applicationTaskExecutor'
2025-07-04T13:04:33.824+08:00 DEBUG 21012 --- [shopping] [main] o.s.b.f.s.DefaultListableBeanFactory     : Autowiring by type from bean name 'applicationTaskExecutor' via factory method to bean named 'threadPoolTaskExecutorBuilder'
2025-07-04T13:04:33.826+08:00 DEBUG 21012 --- [shopping] [main] o.s.s.concurrent.ThreadPoolTaskExecutor  : Initializing ExecutorService 'applicationTaskExecutor'
2025-07-04T13:04:33.837+08:00 DEBUG 21012 --- [shopping] [main] s.w.s.m.m.a.RequestMappingHandlerAdapter : ControllerAdvice beans: 0 @ModelAttribute, 0 @InitBinder, 1 RequestBodyAdvice, 1 ResponseBodyAdvice
2025-07-04T13:04:33.859+08:00 DEBUG 21012 --- [shopping] [main] o.s.b.f.s.DefaultListableBeanFactory     : Creating shared instance of singleton bean 'mvcViewResolver'
2025-07-04T13:04:33.860+08:00 DEBUG 21012 --- [shopping] [main] o.s.b.f.s.DefaultListableBeanFactory     : Autowiring by type from bean name 'mvcViewResolver' via factory method to bean named 'mvcContentNegotiationManager'
2025-07-04T13:04:33.862+08:00 DEBUG 21012 --- [shopping] [main] o.s.b.f.s.DefaultListableBeanFactory     : Creating shared instance of singleton bean 'defaultViewResolver'
2025-07-04T13:04:33.867+08:00 DEBUG 21012 --- [shopping] [main] o.s.b.f.s.DefaultListableBeanFactory     : Creating shared instance of singleton bean 'viewResolver'
2025-07-04T13:04:33.868+08:00 DEBUG 21012 --- [shopping] [main] o.s.b.f.s.DefaultListableBeanFactory     : Autowiring by type from bean name 'viewResolver' via factory method to bean named 'org.springframework.beans.factory.support.DefaultListableBeanFactory@7bb3a9fe'
2025-07-04T13:04:33.869+08:00 DEBUG 21012 --- [shopping] [main] o.s.b.f.s.DefaultListableBeanFactory     : Creating shared instance of singleton bean 'viewResolver'
2025-07-04T13:04:33.882+08:00 DEBUG 21012 --- [shopping] [main] o.s.b.f.s.DefaultListableBeanFactory     : Creating shared instance of singleton bean 'handlerFunctionAdapter'
2025-07-04T13:04:33.884+08:00 DEBUG 21012 --- [shopping] [main] o.s.b.f.s.DefaultListableBeanFactory     : Creating shared instance of singleton bean 'mvcUriComponentsContributor'
2025-07-04T13:04:33.884+08:00 DEBUG 21012 --- [shopping] [main] o.s.b.f.s.DefaultListableBeanFactory     : Autowiring by type from bean name 'mvcUriComponentsContributor' via factory method to bean named 'mvcConversionService'
2025-07-04T13:04:33.884+08:00 DEBUG 21012 --- [shopping] [main] o.s.b.f.s.DefaultListableBeanFactory     : Autowiring by type from bean name 'mvcUriComponentsContributor' via factory method to bean named 'requestMappingHandlerAdapter'
2025-07-04T13:04:33.884+08:00 DEBUG 21012 --- [shopping] [main] o.s.b.f.s.DefaultListableBeanFactory     : Creating shared instance of singleton bean 'httpRequestHandlerAdapter'
2025-07-04T13:04:33.884+08:00 DEBUG 21012 --- [shopping] [main] o.s.b.f.s.DefaultListableBeanFactory     : Creating shared instance of singleton bean 'simpleControllerHandlerAdapter'
2025-07-04T13:04:33.884+08:00 DEBUG 21012 --- [shopping] [main] o.s.b.f.s.DefaultListableBeanFactory     : Creating shared instance of singleton bean 'handlerExceptionResolver'
2025-07-04T13:04:33.884+08:00 DEBUG 21012 --- [shopping] [main] o.s.b.f.s.DefaultListableBeanFactory     : Autowiring by type from bean name 'handlerExceptionResolver' via factory method to bean named 'mvcContentNegotiationManager'
2025-07-04T13:04:33.891+08:00 DEBUG 21012 --- [shopping] [main] .m.m.a.ExceptionHandlerExceptionResolver : ControllerAdvice beans: 1 @ExceptionHandler, 1 ResponseBodyAdvice
2025-07-04T13:04:33.893+08:00 DEBUG 21012 --- [shopping] [main] o.s.b.f.s.DefaultListableBeanFactory     : Creating shared instance of singleton bean 'org.springframework.ai.autoconfigure.retry.SpringAiRetryAutoConfiguration'
2025-07-04T13:04:33.893+08:00 DEBUG 21012 --- [shopping] [main] o.s.b.f.s.DefaultListableBeanFactory     : Creating shared instance of singleton bean 'retryTemplate'
2025-07-04T13:04:33.894+08:00 DEBUG 21012 --- [shopping] [main] o.s.b.f.s.DefaultListableBeanFactory     : Creating shared instance of singleton bean 'spring.ai.retry-org.springframework.ai.autoconfigure.retry.SpringAiRetryProperties'
2025-07-04T13:04:33.895+08:00 DEBUG 21012 --- [shopping] [main] o.s.b.f.s.DefaultListableBeanFactory     : Autowiring by type from bean name 'retryTemplate' via factory method to bean named 'spring.ai.retry-org.springframework.ai.autoconfigure.retry.SpringAiRetryProperties'
2025-07-04T13:04:33.900+08:00 DEBUG 21012 --- [shopping] [main] o.s.b.f.s.DefaultListableBeanFactory     : Creating shared instance of singleton bean 'responseErrorHandler'
2025-07-04T13:04:33.900+08:00 DEBUG 21012 --- [shopping] [main] o.s.b.f.s.DefaultListableBeanFactory     : Autowiring by type from bean name 'responseErrorHandler' via factory method to bean named 'spring.ai.retry-org.springframework.ai.autoconfigure.retry.SpringAiRetryProperties'
2025-07-04T13:04:33.901+08:00 DEBUG 21012 --- [shopping] [main] o.s.b.f.s.DefaultListableBeanFactory     : Creating shared instance of singleton bean 'org.springframework.boot.autoconfigure.http.JacksonHttpMessageConvertersConfiguration'
2025-07-04T13:04:33.901+08:00 DEBUG 21012 --- [shopping] [main] o.s.b.f.s.DefaultListableBeanFactory     : Creating shared instance of singleton bean 'restClientSsl'
2025-07-04T13:04:33.901+08:00 DEBUG 21012 --- [shopping] [main] o.s.b.f.s.DefaultListableBeanFactory     : Autowiring by type from bean name 'restClientSsl' via factory method to bean named 'sslBundleRegistry'
2025-07-04T13:04:33.902+08:00 DEBUG 21012 --- [shopping] [main] o.s.b.f.s.DefaultListableBeanFactory     : Creating shared instance of singleton bean 'spring.ai.chat.client-org.springframework.ai.autoconfigure.chat.client.ChatClientBuilderProperties'
2025-07-04T13:04:33.902+08:00 DEBUG 21012 --- [shopping] [main] o.s.b.f.s.DefaultListableBeanFactory     : Creating shared instance of singleton bean 'org.springframework.ai.autoconfigure.chat.observation.ChatObservationAutoConfiguration$FallbackChatContentObservationConfiguration'
2025-07-04T13:04:33.903+08:00 DEBUG 21012 --- [shopping] [main] o.s.b.f.s.DefaultListableBeanFactory     : Creating shared instance of singleton bean 'org.springframework.ai.autoconfigure.chat.observation.ChatObservationAutoConfiguration'
2025-07-04T13:04:33.904+08:00 DEBUG 21012 --- [shopping] [main] o.s.b.f.s.DefaultListableBeanFactory     : Creating shared instance of singleton bean 'spring.ai.chat.observations-org.springframework.ai.autoconfigure.chat.observation.ChatObservationProperties'
2025-07-04T13:04:33.905+08:00 DEBUG 21012 --- [shopping] [main] o.s.b.f.s.DefaultListableBeanFactory     : Creating shared instance of singleton bean 'org.springframework.ai.autoconfigure.embedding.observation.EmbeddingObservationAutoConfiguration'
2025-07-04T13:04:33.905+08:00 DEBUG 21012 --- [shopping] [main] o.s.b.f.s.DefaultListableBeanFactory     : Creating shared instance of singleton bean 'org.springframework.ai.autoconfigure.image.observation.ImageObservationAutoConfiguration'
2025-07-04T13:04:33.906+08:00 DEBUG 21012 --- [shopping] [main] o.s.b.f.s.DefaultListableBeanFactory     : Creating shared instance of singleton bean 'spring.ai.image.observations-org.springframework.ai.autoconfigure.image.observation.ImageObservationProperties'
2025-07-04T13:04:33.906+08:00 DEBUG 21012 --- [shopping] [main] o.s.b.f.s.DefaultListableBeanFactory     : Creating shared instance of singleton bean 'webClientSsl'
2025-07-04T13:04:33.907+08:00 DEBUG 21012 --- [shopping] [main] o.s.b.f.s.DefaultListableBeanFactory     : Autowiring by type from bean name 'webClientSsl' via factory method to bean named 'jdkClientHttpConnectorFactory'
2025-07-04T13:04:33.907+08:00 DEBUG 21012 --- [shopping] [main] o.s.b.f.s.DefaultListableBeanFactory     : Autowiring by type from bean name 'webClientSsl' via factory method to bean named 'sslBundleRegistry'
2025-07-04T13:04:33.907+08:00 DEBUG 21012 --- [shopping] [main] o.s.b.f.s.DefaultListableBeanFactory     : Creating shared instance of singleton bean 'ollamaEmbeddingModel'
2025-07-04T13:04:33.909+08:00 DEBUG 21012 --- [shopping] [main] o.s.b.f.s.DefaultListableBeanFactory     : Creating shared instance of singleton bean 'spring.ai.ollama.embedding-org.springframework.ai.autoconfigure.ollama.OllamaEmbeddingProperties'
2025-07-04T13:04:33.909+08:00 DEBUG 21012 --- [shopping] [main] o.s.b.f.s.DefaultListableBeanFactory     : Autowiring by type from bean name 'ollamaEmbeddingModel' via factory method to bean named 'ollamaApi'
2025-07-04T13:04:33.909+08:00 DEBUG 21012 --- [shopping] [main] o.s.b.f.s.DefaultListableBeanFactory     : Autowiring by type from bean name 'ollamaEmbeddingModel' via factory method to bean named 'spring.ai.ollama.embedding-org.springframework.ai.autoconfigure.ollama.OllamaEmbeddingProperties'
2025-07-04T13:04:33.909+08:00 DEBUG 21012 --- [shopping] [main] o.s.b.f.s.DefaultListableBeanFactory     : Autowiring by type from bean name 'ollamaEmbeddingModel' via factory method to bean named 'spring.ai.ollama.init-org.springframework.ai.autoconfigure.ollama.OllamaInitializationProperties'
2025-07-04T13:04:33.915+08:00 DEBUG 21012 --- [shopping] [main] o.s.b.f.s.DefaultListableBeanFactory     : Creating shared instance of singleton bean 'springAiFunctionManager'
2025-07-04T13:04:33.915+08:00 DEBUG 21012 --- [shopping] [main] o.s.b.f.s.DefaultListableBeanFactory     : Autowiring by type from bean name 'springAiFunctionManager' via factory method to bean named 'org.springframework.boot.web.servlet.context.AnnotationConfigServletWebServerApplicationContext@13f17eb4'
2025-07-04T13:04:33.916+08:00 DEBUG 21012 --- [shopping] [main] o.s.b.f.s.DefaultListableBeanFactory     : Creating shared instance of singleton bean 'org.springframework.boot.autoconfigure.transaction.jta.JtaAutoConfiguration'
2025-07-04T13:04:33.916+08:00 DEBUG 21012 --- [shopping] [main] o.s.b.f.s.DefaultListableBeanFactory     : Creating shared instance of singleton bean 'org.springframework.boot.autoconfigure.jdbc.DataSourceJmxConfiguration$Hikari'
2025-07-04T13:04:33.916+08:00 DEBUG 21012 --- [shopping] [main] o.s.b.f.s.DefaultListableBeanFactory     : Autowiring by type from bean name 'org.springframework.boot.autoconfigure.jdbc.DataSourceJmxConfiguration$Hikari' via constructor to bean named 'dataSource'
2025-07-04T13:04:33.916+08:00 DEBUG 21012 --- [shopping] [main] o.s.b.f.s.DefaultListableBeanFactory     : Creating shared instance of singleton bean 'org.springframework.boot.autoconfigure.jdbc.DataSourceJmxConfiguration'
2025-07-04T13:04:33.916+08:00 DEBUG 21012 --- [shopping] [main] o.s.b.f.s.DefaultListableBeanFactory     : Creating shared instance of singleton bean 'org.springframework.boot.autoconfigure.jdbc.metadata.DataSourcePoolMetadataProvidersConfiguration'
2025-07-04T13:04:33.916+08:00 DEBUG 21012 --- [shopping] [main] o.s.b.f.s.DefaultListableBeanFactory     : Creating shared instance of singleton bean 'org.springframework.boot.autoconfigure.jdbc.DataSourceAutoConfiguration'
2025-07-04T13:04:33.916+08:00 DEBUG 21012 --- [shopping] [main] o.s.b.f.s.DefaultListableBeanFactory     : Creating shared instance of singleton bean 'org.springframework.boot.autoconfigure.jdbc.JdbcTemplateConfiguration'
2025-07-04T13:04:33.917+08:00 DEBUG 21012 --- [shopping] [main] o.s.b.f.s.DefaultListableBeanFactory     : Creating shared instance of singleton bean 'jdbcTemplate'
2025-07-04T13:04:33.917+08:00 DEBUG 21012 --- [shopping] [main] o.s.b.f.s.DefaultListableBeanFactory     : Creating shared instance of singleton bean 'spring.jdbc-org.springframework.boot.autoconfigure.jdbc.JdbcProperties'
2025-07-04T13:04:33.918+08:00 DEBUG 21012 --- [shopping] [main] o.s.b.f.s.DefaultListableBeanFactory     : Autowiring by type from bean name 'jdbcTemplate' via factory method to bean named 'dataSource'
2025-07-04T13:04:33.918+08:00 DEBUG 21012 --- [shopping] [main] o.s.b.f.s.DefaultListableBeanFactory     : Autowiring by type from bean name 'jdbcTemplate' via factory method to bean named 'spring.jdbc-org.springframework.boot.autoconfigure.jdbc.JdbcProperties'
2025-07-04T13:04:33.925+08:00 DEBUG 21012 --- [shopping] [main] o.s.b.f.s.DefaultListableBeanFactory     : Creating shared instance of singleton bean 'org.springframework.boot.autoconfigure.jdbc.NamedParameterJdbcTemplateConfiguration'
2025-07-04T13:04:33.925+08:00 DEBUG 21012 --- [shopping] [main] o.s.b.f.s.DefaultListableBeanFactory     : Creating shared instance of singleton bean 'namedParameterJdbcTemplate'
2025-07-04T13:04:33.926+08:00 DEBUG 21012 --- [shopping] [main] o.s.b.f.s.DefaultListableBeanFactory     : Autowiring by type from bean name 'namedParameterJdbcTemplate' via factory method to bean named 'jdbcTemplate'
2025-07-04T13:04:33.929+08:00 DEBUG 21012 --- [shopping] [main] o.s.b.f.s.DefaultListableBeanFactory     : Creating shared instance of singleton bean 'org.springframework.boot.autoconfigure.jdbc.JdbcTemplateAutoConfiguration'
2025-07-04T13:04:33.929+08:00 DEBUG 21012 --- [shopping] [main] o.s.b.f.s.DefaultListableBeanFactory     : Creating shared instance of singleton bean 'org.springframework.boot.autoconfigure.transaction.TransactionManagerCustomizationAutoConfiguration'
2025-07-04T13:04:33.929+08:00 DEBUG 21012 --- [shopping] [main] o.s.b.f.s.DefaultListableBeanFactory     : Creating shared instance of singleton bean 'platformTransactionManagerCustomizers'
2025-07-04T13:04:33.930+08:00 DEBUG 21012 --- [shopping] [main] o.s.b.f.s.DefaultListableBeanFactory     : Creating shared instance of singleton bean 'transactionExecutionListeners'
2025-07-04T13:04:33.930+08:00 DEBUG 21012 --- [shopping] [main] o.s.b.f.s.DefaultListableBeanFactory     : Creating shared instance of singleton bean 'spring.transaction-org.springframework.boot.autoconfigure.transaction.TransactionProperties'
2025-07-04T13:04:33.932+08:00 DEBUG 21012 --- [shopping] [main] o.s.b.f.s.DefaultListableBeanFactory     : Creating shared instance of singleton bean 'org.springframework.boot.autoconfigure.orm.jpa.JpaBaseConfiguration$PersistenceManagedTypesConfiguration'
2025-07-04T13:04:33.932+08:00 DEBUG 21012 --- [shopping] [main] o.s.b.f.s.DefaultListableBeanFactory     : Creating shared instance of singleton bean 'transactionManager'
2025-07-04T13:04:33.938+08:00 DEBUG 21012 --- [shopping] [main] o.s.b.f.s.DefaultListableBeanFactory     : Creating shared instance of singleton bean 'org.springframework.boot.autoconfigure.orm.jpa.HibernateJpaAutoConfiguration'
2025-07-04T13:04:33.938+08:00 DEBUG 21012 --- [shopping] [main] o.s.b.f.s.DefaultListableBeanFactory     : Creating shared instance of singleton bean 'org.springframework.boot.autoconfigure.data.jpa.JpaRepositoriesAutoConfiguration'
2025-07-04T13:04:33.938+08:00 DEBUG 21012 --- [shopping] [main] o.s.b.f.s.DefaultListableBeanFactory     : Creating shared instance of singleton bean 'org.springframework.data.jpa.util.JpaMetamodelCacheCleanup'
2025-07-04T13:04:33.938+08:00 DEBUG 21012 --- [shopping] [main] o.s.b.f.s.DefaultListableBeanFactory     : Creating shared instance of singleton bean 'org.springframework.data.jpa.repository.support.JpaEvaluationContextExtension'
2025-07-04T13:04:33.939+08:00 DEBUG 21012 --- [shopping] [main] o.s.b.f.s.DefaultListableBeanFactory     : Creating shared instance of singleton bean 'data-jpa.repository-aot-processor#0'
2025-07-04T13:04:33.941+08:00 DEBUG 21012 --- [shopping] [main] o.s.b.f.s.DefaultListableBeanFactory     : Creating shared instance of singleton bean 'org.springframework.ai.autoconfigure.vectorstore.observation.VectorStoreObservationAutoConfiguration$FallbackVectorStoreQueryResponseContentObservationConfiguration'
2025-07-04T13:04:33.942+08:00 DEBUG 21012 --- [shopping] [main] o.s.b.f.s.DefaultListableBeanFactory     : Creating shared instance of singleton bean 'org.springframework.ai.autoconfigure.vectorstore.observation.VectorStoreObservationAutoConfiguration'
2025-07-04T13:04:33.942+08:00 DEBUG 21012 --- [shopping] [main] o.s.b.f.s.DefaultListableBeanFactory     : Creating shared instance of singleton bean 'spring.ai.vectorstore.observations-org.springframework.ai.autoconfigure.vectorstore.observation.VectorStoreObservationProperties'
2025-07-04T13:04:33.943+08:00 DEBUG 21012 --- [shopping] [main] o.s.b.f.s.DefaultListableBeanFactory     : Creating shared instance of singleton bean 'org.springframework.boot.autoconfigure.data.redis.LettuceConnectionConfiguration'
2025-07-04T13:04:33.944+08:00 DEBUG 21012 --- [shopping] [main] o.s.b.f.s.DefaultListableBeanFactory     : Creating shared instance of singleton bean 'spring.data.redis-org.springframework.boot.autoconfigure.data.redis.RedisProperties'
2025-07-04T13:04:33.946+08:00 DEBUG 21012 --- [shopping] [main] o.s.b.f.s.DefaultListableBeanFactory     : Creating shared instance of singleton bean 'redisConnectionDetails'
2025-07-04T13:04:33.946+08:00 DEBUG 21012 --- [shopping] [main] o.s.b.f.s.DefaultListableBeanFactory     : Creating shared instance of singleton bean 'org.springframework.boot.autoconfigure.data.redis.RedisAutoConfiguration'
2025-07-04T13:04:33.946+08:00 DEBUG 21012 --- [shopping] [main] o.s.b.f.s.DefaultListableBeanFactory     : Autowiring by type from bean name 'redisConnectionDetails' via factory method to bean named 'spring.data.redis-org.springframework.boot.autoconfigure.data.redis.RedisProperties'
2025-07-04T13:04:33.946+08:00 DEBUG 21012 --- [shopping] [main] o.s.b.f.s.DefaultListableBeanFactory     : Autowiring by type from bean name 'org.springframework.boot.autoconfigure.data.redis.LettuceConnectionConfiguration' via constructor to bean named 'spring.data.redis-org.springframework.boot.autoconfigure.data.redis.RedisProperties'
2025-07-04T13:04:33.946+08:00 DEBUG 21012 --- [shopping] [main] o.s.b.f.s.DefaultListableBeanFactory     : Autowiring by type from bean name 'org.springframework.boot.autoconfigure.data.redis.LettuceConnectionConfiguration' via constructor to bean named 'redisConnectionDetails'
2025-07-04T13:04:33.948+08:00 DEBUG 21012 --- [shopping] [main] o.s.b.f.s.DefaultListableBeanFactory     : Creating shared instance of singleton bean 'lettuceClientResources'
2025-07-04T13:04:34.040+08:00 DEBUG 21012 --- [shopping] [main] o.s.b.f.s.DefaultListableBeanFactory     : Creating shared instance of singleton bean 'redisConnectionFactory'
2025-07-04T13:04:34.041+08:00 DEBUG 21012 --- [shopping] [main] o.s.b.f.s.DefaultListableBeanFactory     : Autowiring by type from bean name 'redisConnectionFactory' via factory method to bean named 'lettuceClientResources'
2025-07-04T13:04:34.123+08:00 DEBUG 21012 --- [shopping] [main] o.s.b.f.s.DefaultListableBeanFactory     : Creating shared instance of singleton bean 'redisTemplate'
2025-07-04T13:04:34.124+08:00 DEBUG 21012 --- [shopping] [main] o.s.b.f.s.DefaultListableBeanFactory     : Autowiring by type from bean name 'redisTemplate' via factory method to bean named 'redisConnectionFactory'
2025-07-04T13:04:34.152+08:00 DEBUG 21012 --- [shopping] [main] o.s.data.convert.CustomConversions       : Adding converter from class java.lang.String to class [B as writing converter
2025-07-04T13:04:34.152+08:00 DEBUG 21012 --- [shopping] [main] o.s.data.convert.CustomConversions       : Adding converter from class [B to class java.lang.String as reading converter
2025-07-04T13:04:34.152+08:00 DEBUG 21012 --- [shopping] [main] o.s.data.convert.CustomConversions       : Adding converter from class java.lang.Number to class [B as writing converter
2025-07-04T13:04:34.152+08:00 DEBUG 21012 --- [shopping] [main] o.s.data.convert.CustomConversions       : Adding converter from class [B to class java.lang.Number as reading converter
2025-07-04T13:04:34.152+08:00 DEBUG 21012 --- [shopping] [main] o.s.data.convert.CustomConversions       : Adding converter from class java.lang.Enum to class [B as writing converter
2025-07-04T13:04:34.152+08:00 DEBUG 21012 --- [shopping] [main] o.s.data.convert.CustomConversions       : Adding converter from class [B to class java.lang.Enum as reading converter
2025-07-04T13:04:34.152+08:00 DEBUG 21012 --- [shopping] [main] o.s.data.convert.CustomConversions       : Adding converter from class java.lang.Boolean to class [B as writing converter
2025-07-04T13:04:34.152+08:00 DEBUG 21012 --- [shopping] [main] o.s.data.convert.CustomConversions       : Adding converter from class [B to class java.lang.Boolean as reading converter
2025-07-04T13:04:34.152+08:00 DEBUG 21012 --- [shopping] [main] o.s.data.convert.CustomConversions       : Adding converter from class java.util.Date to class [B as writing converter
2025-07-04T13:04:34.152+08:00 DEBUG 21012 --- [shopping] [main] o.s.data.convert.CustomConversions       : Adding converter from class [B to class java.util.Date as reading converter
2025-07-04T13:04:34.152+08:00 DEBUG 21012 --- [shopping] [main] o.s.data.convert.CustomConversions       : Adding converter from class java.util.UUID to class [B as writing converter
2025-07-04T13:04:34.152+08:00 DEBUG 21012 --- [shopping] [main] o.s.data.convert.CustomConversions       : Adding converter from class [B to class java.util.UUID as reading converter
2025-07-04T13:04:34.152+08:00 DEBUG 21012 --- [shopping] [main] o.s.data.convert.CustomConversions       : Adding converter from class java.time.LocalDateTime to class [B as reading converter
2025-07-04T13:04:34.152+08:00 DEBUG 21012 --- [shopping] [main] o.s.data.convert.CustomConversions       : Adding converter from class [B to class java.time.LocalDateTime as reading converter
2025-07-04T13:04:34.152+08:00 DEBUG 21012 --- [shopping] [main] o.s.data.convert.CustomConversions       : Adding converter from class java.time.LocalDate to class [B as reading converter
2025-07-04T13:04:34.152+08:00 DEBUG 21012 --- [shopping] [main] o.s.data.convert.CustomConversions       : Adding converter from class [B to class java.time.LocalDate as reading converter
2025-07-04T13:04:34.152+08:00 DEBUG 21012 --- [shopping] [main] o.s.data.convert.CustomConversions       : Adding converter from class java.time.LocalTime to class [B as reading converter
2025-07-04T13:04:34.152+08:00 DEBUG 21012 --- [shopping] [main] o.s.data.convert.CustomConversions       : Adding converter from class [B to class java.time.LocalTime as reading converter
2025-07-04T13:04:34.152+08:00 DEBUG 21012 --- [shopping] [main] o.s.data.convert.CustomConversions       : Adding converter from class java.time.ZonedDateTime to class [B as reading converter
2025-07-04T13:04:34.152+08:00 DEBUG 21012 --- [shopping] [main] o.s.data.convert.CustomConversions       : Adding converter from class [B to class java.time.ZonedDateTime as reading converter
2025-07-04T13:04:34.152+08:00 DEBUG 21012 --- [shopping] [main] o.s.data.convert.CustomConversions       : Adding converter from class java.time.Instant to class [B as reading converter
2025-07-04T13:04:34.152+08:00 DEBUG 21012 --- [shopping] [main] o.s.data.convert.CustomConversions       : Adding converter from class [B to class java.time.Instant as reading converter
2025-07-04T13:04:34.152+08:00 DEBUG 21012 --- [shopping] [main] o.s.data.convert.CustomConversions       : Adding converter from class java.time.ZoneId to class [B as reading converter
2025-07-04T13:04:34.152+08:00 DEBUG 21012 --- [shopping] [main] o.s.data.convert.CustomConversions       : Adding converter from class [B to class java.time.ZoneId as reading converter
2025-07-04T13:04:34.152+08:00 DEBUG 21012 --- [shopping] [main] o.s.data.convert.CustomConversions       : Adding converter from class java.time.Period to class [B as reading converter
2025-07-04T13:04:34.152+08:00 DEBUG 21012 --- [shopping] [main] o.s.data.convert.CustomConversions       : Adding converter from class [B to class java.time.Period as reading converter
2025-07-04T13:04:34.152+08:00 DEBUG 21012 --- [shopping] [main] o.s.data.convert.CustomConversions       : Adding converter from class java.time.Duration to class [B as reading converter
2025-07-04T13:04:34.152+08:00 DEBUG 21012 --- [shopping] [main] o.s.data.convert.CustomConversions       : Adding converter from class [B to class java.time.Duration as reading converter
2025-07-04T13:04:34.152+08:00 DEBUG 21012 --- [shopping] [main] o.s.data.convert.CustomConversions       : Adding converter from class java.time.OffsetDateTime to class [B as reading converter
2025-07-04T13:04:34.152+08:00 DEBUG 21012 --- [shopping] [main] o.s.data.convert.CustomConversions       : Adding converter from class [B to class java.time.OffsetDateTime as reading converter
2025-07-04T13:04:34.152+08:00 DEBUG 21012 --- [shopping] [main] o.s.data.convert.CustomConversions       : Adding converter from class java.time.OffsetTime to class [B as reading converter
2025-07-04T13:04:34.152+08:00 DEBUG 21012 --- [shopping] [main] o.s.data.convert.CustomConversions       : Adding converter from class [B to class java.time.OffsetTime as reading converter
2025-07-04T13:04:34.152+08:00 DEBUG 21012 --- [shopping] [main] o.s.data.convert.CustomConversions       : Adding converter from class java.util.Date to class java.time.LocalDateTime as reading converter
2025-07-04T13:04:34.152+08:00 DEBUG 21012 --- [shopping] [main] o.s.data.convert.CustomConversions       : Adding converter from class java.time.LocalDateTime to class java.util.Date as writing converter
2025-07-04T13:04:34.152+08:00 DEBUG 21012 --- [shopping] [main] o.s.data.convert.CustomConversions       : Adding converter from class java.util.Date to class java.time.LocalDate as reading converter
2025-07-04T13:04:34.152+08:00 DEBUG 21012 --- [shopping] [main] o.s.data.convert.CustomConversions       : Adding converter from class java.time.LocalDate to class java.util.Date as writing converter
2025-07-04T13:04:34.152+08:00 DEBUG 21012 --- [shopping] [main] o.s.data.convert.CustomConversions       : Adding converter from class java.util.Date to class java.time.LocalTime as reading converter
2025-07-04T13:04:34.152+08:00 DEBUG 21012 --- [shopping] [main] o.s.data.convert.CustomConversions       : Adding converter from class java.time.LocalTime to class java.util.Date as writing converter
2025-07-04T13:04:34.152+08:00 DEBUG 21012 --- [shopping] [main] o.s.data.convert.CustomConversions       : Adding converter from class java.util.Date to class java.time.Instant as reading converter
2025-07-04T13:04:34.153+08:00 DEBUG 21012 --- [shopping] [main] o.s.data.convert.CustomConversions       : Adding converter from class java.time.Instant to class java.util.Date as writing converter
2025-07-04T13:04:34.153+08:00 DEBUG 21012 --- [shopping] [main] o.s.data.convert.CustomConversions       : Adding converter from class java.time.LocalDateTime to class java.time.Instant as reading converter
2025-07-04T13:04:34.153+08:00 DEBUG 21012 --- [shopping] [main] o.s.data.convert.CustomConversions       : Adding converter from class java.time.Instant to class java.time.LocalDateTime as reading converter
2025-07-04T13:04:34.153+08:00 DEBUG 21012 --- [shopping] [main] o.s.data.convert.CustomConversions       : Adding converter from class java.time.ZoneId to class java.lang.String as writing converter
2025-07-04T13:04:34.153+08:00 DEBUG 21012 --- [shopping] [main] o.s.data.convert.CustomConversions       : Adding converter from class java.lang.String to class java.time.ZoneId as reading converter
2025-07-04T13:04:34.153+08:00 DEBUG 21012 --- [shopping] [main] o.s.data.convert.CustomConversions       : Adding converter from class java.time.Duration to class java.lang.String as writing converter
2025-07-04T13:04:34.153+08:00 DEBUG 21012 --- [shopping] [main] o.s.data.convert.CustomConversions       : Adding converter from class java.lang.String to class java.time.Duration as reading converter
2025-07-04T13:04:34.153+08:00 DEBUG 21012 --- [shopping] [main] o.s.data.convert.CustomConversions       : Adding converter from class java.time.Period to class java.lang.String as writing converter
2025-07-04T13:04:34.153+08:00 DEBUG 21012 --- [shopping] [main] o.s.data.convert.CustomConversions       : Adding converter from class java.lang.String to class java.time.Period as reading converter
2025-07-04T13:04:34.153+08:00 DEBUG 21012 --- [shopping] [main] o.s.data.convert.CustomConversions       : Adding converter from class java.lang.String to class java.time.LocalDate as reading converter
2025-07-04T13:04:34.153+08:00 DEBUG 21012 --- [shopping] [main] o.s.data.convert.CustomConversions       : Adding converter from class java.lang.String to class java.time.LocalDateTime as reading converter
2025-07-04T13:04:34.153+08:00 DEBUG 21012 --- [shopping] [main] o.s.data.convert.CustomConversions       : Adding converter from class java.lang.String to class java.time.Instant as reading converter
2025-07-04T13:04:34.154+08:00 DEBUG 21012 --- [shopping] [main] o.s.data.convert.CustomConversions       : Adding converter from class java.lang.String to class [B as writing converter
2025-07-04T13:04:34.154+08:00 DEBUG 21012 --- [shopping] [main] o.s.data.convert.CustomConversions       : Adding converter from class [B to class java.lang.String as reading converter
2025-07-04T13:04:34.154+08:00 DEBUG 21012 --- [shopping] [main] o.s.data.convert.CustomConversions       : Adding converter from class java.lang.Number to class [B as writing converter
2025-07-04T13:04:34.154+08:00 DEBUG 21012 --- [shopping] [main] o.s.data.convert.CustomConversions       : Adding converter from class [B to class java.lang.Number as reading converter
2025-07-04T13:04:34.154+08:00 DEBUG 21012 --- [shopping] [main] o.s.data.convert.CustomConversions       : Adding converter from class java.lang.Enum to class [B as writing converter
2025-07-04T13:04:34.154+08:00 DEBUG 21012 --- [shopping] [main] o.s.data.convert.CustomConversions       : Adding converter from class [B to class java.lang.Enum as reading converter
2025-07-04T13:04:34.154+08:00 DEBUG 21012 --- [shopping] [main] o.s.data.convert.CustomConversions       : Adding converter from class java.lang.Boolean to class [B as writing converter
2025-07-04T13:04:34.154+08:00 DEBUG 21012 --- [shopping] [main] o.s.data.convert.CustomConversions       : Adding converter from class [B to class java.lang.Boolean as reading converter
2025-07-04T13:04:34.154+08:00 DEBUG 21012 --- [shopping] [main] o.s.data.convert.CustomConversions       : Adding converter from class java.util.Date to class [B as writing converter
2025-07-04T13:04:34.154+08:00 DEBUG 21012 --- [shopping] [main] o.s.data.convert.CustomConversions       : Adding converter from class [B to class java.util.Date as reading converter
2025-07-04T13:04:34.154+08:00 DEBUG 21012 --- [shopping] [main] o.s.data.convert.CustomConversions       : Adding converter from class java.util.UUID to class [B as writing converter
2025-07-04T13:04:34.154+08:00 DEBUG 21012 --- [shopping] [main] o.s.data.convert.CustomConversions       : Adding converter from class [B to class java.util.UUID as reading converter
2025-07-04T13:04:34.154+08:00 DEBUG 21012 --- [shopping] [main] o.s.data.convert.CustomConversions       : Adding converter from class java.time.LocalDateTime to class [B as reading converter
2025-07-04T13:04:34.154+08:00 DEBUG 21012 --- [shopping] [main] o.s.data.convert.CustomConversions       : Adding converter from class [B to class java.time.LocalDateTime as reading converter
2025-07-04T13:04:34.154+08:00 DEBUG 21012 --- [shopping] [main] o.s.data.convert.CustomConversions       : Adding converter from class java.time.LocalDate to class [B as reading converter
2025-07-04T13:04:34.154+08:00 DEBUG 21012 --- [shopping] [main] o.s.data.convert.CustomConversions       : Adding converter from class [B to class java.time.LocalDate as reading converter
2025-07-04T13:04:34.154+08:00 DEBUG 21012 --- [shopping] [main] o.s.data.convert.CustomConversions       : Adding converter from class java.time.LocalTime to class [B as reading converter
2025-07-04T13:04:34.154+08:00 DEBUG 21012 --- [shopping] [main] o.s.data.convert.CustomConversions       : Adding converter from class [B to class java.time.LocalTime as reading converter
2025-07-04T13:04:34.154+08:00 DEBUG 21012 --- [shopping] [main] o.s.data.convert.CustomConversions       : Adding converter from class java.time.ZonedDateTime to class [B as reading converter
2025-07-04T13:04:34.154+08:00 DEBUG 21012 --- [shopping] [main] o.s.data.convert.CustomConversions       : Adding converter from class [B to class java.time.ZonedDateTime as reading converter
2025-07-04T13:04:34.154+08:00 DEBUG 21012 --- [shopping] [main] o.s.data.convert.CustomConversions       : Adding converter from class java.time.Instant to class [B as reading converter
2025-07-04T13:04:34.154+08:00 DEBUG 21012 --- [shopping] [main] o.s.data.convert.CustomConversions       : Adding converter from class [B to class java.time.Instant as reading converter
2025-07-04T13:04:34.154+08:00 DEBUG 21012 --- [shopping] [main] o.s.data.convert.CustomConversions       : Adding converter from class java.time.ZoneId to class [B as reading converter
2025-07-04T13:04:34.154+08:00 DEBUG 21012 --- [shopping] [main] o.s.data.convert.CustomConversions       : Adding converter from class [B to class java.time.ZoneId as reading converter
2025-07-04T13:04:34.154+08:00 DEBUG 21012 --- [shopping] [main] o.s.data.convert.CustomConversions       : Adding converter from class java.time.Period to class [B as reading converter
2025-07-04T13:04:34.154+08:00 DEBUG 21012 --- [shopping] [main] o.s.data.convert.CustomConversions       : Adding converter from class [B to class java.time.Period as reading converter
2025-07-04T13:04:34.154+08:00 DEBUG 21012 --- [shopping] [main] o.s.data.convert.CustomConversions       : Adding converter from class java.time.Duration to class [B as reading converter
2025-07-04T13:04:34.154+08:00 DEBUG 21012 --- [shopping] [main] o.s.data.convert.CustomConversions       : Adding converter from class [B to class java.time.Duration as reading converter
2025-07-04T13:04:34.154+08:00 DEBUG 21012 --- [shopping] [main] o.s.data.convert.CustomConversions       : Adding converter from class java.time.OffsetDateTime to class [B as reading converter
2025-07-04T13:04:34.154+08:00 DEBUG 21012 --- [shopping] [main] o.s.data.convert.CustomConversions       : Adding converter from class [B to class java.time.OffsetDateTime as reading converter
2025-07-04T13:04:34.154+08:00 DEBUG 21012 --- [shopping] [main] o.s.data.convert.CustomConversions       : Adding converter from class java.time.OffsetTime to class [B as reading converter
2025-07-04T13:04:34.154+08:00 DEBUG 21012 --- [shopping] [main] o.s.data.convert.CustomConversions       : Adding converter from class [B to class java.time.OffsetTime as reading converter
2025-07-04T13:04:34.154+08:00 DEBUG 21012 --- [shopping] [main] o.s.data.convert.CustomConversions       : Adding converter from class java.util.Date to class java.time.LocalDateTime as reading converter
2025-07-04T13:04:34.154+08:00 DEBUG 21012 --- [shopping] [main] o.s.data.convert.CustomConversions       : Adding converter from class java.time.LocalDateTime to class java.util.Date as writing converter
2025-07-04T13:04:34.154+08:00 DEBUG 21012 --- [shopping] [main] o.s.data.convert.CustomConversions       : Adding converter from class java.util.Date to class java.time.LocalDate as reading converter
2025-07-04T13:04:34.154+08:00 DEBUG 21012 --- [shopping] [main] o.s.data.convert.CustomConversions       : Adding converter from class java.time.LocalDate to class java.util.Date as writing converter
2025-07-04T13:04:34.154+08:00 DEBUG 21012 --- [shopping] [main] o.s.data.convert.CustomConversions       : Adding converter from class java.util.Date to class java.time.LocalTime as reading converter
2025-07-04T13:04:34.154+08:00 DEBUG 21012 --- [shopping] [main] o.s.data.convert.CustomConversions       : Adding converter from class java.time.LocalTime to class java.util.Date as writing converter
2025-07-04T13:04:34.154+08:00 DEBUG 21012 --- [shopping] [main] o.s.data.convert.CustomConversions       : Adding converter from class java.util.Date to class java.time.Instant as reading converter
2025-07-04T13:04:34.154+08:00 DEBUG 21012 --- [shopping] [main] o.s.data.convert.CustomConversions       : Adding converter from class java.time.Instant to class java.util.Date as writing converter
2025-07-04T13:04:34.154+08:00 DEBUG 21012 --- [shopping] [main] o.s.data.convert.CustomConversions       : Adding converter from class java.time.LocalDateTime to class java.time.Instant as reading converter
2025-07-04T13:04:34.154+08:00 DEBUG 21012 --- [shopping] [main] o.s.data.convert.CustomConversions       : Adding converter from class java.time.Instant to class java.time.LocalDateTime as reading converter
2025-07-04T13:04:34.154+08:00 DEBUG 21012 --- [shopping] [main] o.s.data.convert.CustomConversions       : Adding converter from class java.time.ZoneId to class java.lang.String as writing converter
2025-07-04T13:04:34.154+08:00 DEBUG 21012 --- [shopping] [main] o.s.data.convert.CustomConversions       : Adding converter from class java.lang.String to class java.time.ZoneId as reading converter
2025-07-04T13:04:34.154+08:00 DEBUG 21012 --- [shopping] [main] o.s.data.convert.CustomConversions       : Adding converter from class java.time.Duration to class java.lang.String as writing converter
2025-07-04T13:04:34.154+08:00 DEBUG 21012 --- [shopping] [main] o.s.data.convert.CustomConversions       : Adding converter from class java.lang.String to class java.time.Duration as reading converter
2025-07-04T13:04:34.155+08:00 DEBUG 21012 --- [shopping] [main] o.s.data.convert.CustomConversions       : Adding converter from class java.time.Period to class java.lang.String as writing converter
2025-07-04T13:04:34.155+08:00 DEBUG 21012 --- [shopping] [main] o.s.data.convert.CustomConversions       : Adding converter from class java.lang.String to class java.time.Period as reading converter
2025-07-04T13:04:34.155+08:00 DEBUG 21012 --- [shopping] [main] o.s.data.convert.CustomConversions       : Adding converter from class java.lang.String to class java.time.LocalDate as reading converter
2025-07-04T13:04:34.155+08:00 DEBUG 21012 --- [shopping] [main] o.s.data.convert.CustomConversions       : Adding converter from class java.lang.String to class java.time.LocalDateTime as reading converter
2025-07-04T13:04:34.155+08:00 DEBUG 21012 --- [shopping] [main] o.s.data.convert.CustomConversions       : Adding converter from class java.lang.String to class java.time.Instant as reading converter
2025-07-04T13:04:34.158+08:00 DEBUG 21012 --- [shopping] [main] o.s.data.convert.CustomConversions       : Adding converter from class java.lang.String to class [B as writing converter
2025-07-04T13:04:34.159+08:00 DEBUG 21012 --- [shopping] [main] o.s.data.convert.CustomConversions       : Adding converter from class [B to class java.lang.String as reading converter
2025-07-04T13:04:34.159+08:00 DEBUG 21012 --- [shopping] [main] o.s.data.convert.CustomConversions       : Adding converter from class java.lang.Number to class [B as writing converter
2025-07-04T13:04:34.159+08:00 DEBUG 21012 --- [shopping] [main] o.s.data.convert.CustomConversions       : Adding converter from class [B to class java.lang.Number as reading converter
2025-07-04T13:04:34.159+08:00 DEBUG 21012 --- [shopping] [main] o.s.data.convert.CustomConversions       : Adding converter from class java.lang.Enum to class [B as writing converter
2025-07-04T13:04:34.159+08:00 DEBUG 21012 --- [shopping] [main] o.s.data.convert.CustomConversions       : Adding converter from class [B to class java.lang.Enum as reading converter
2025-07-04T13:04:34.159+08:00 DEBUG 21012 --- [shopping] [main] o.s.data.convert.CustomConversions       : Adding converter from class java.lang.Boolean to class [B as writing converter
2025-07-04T13:04:34.159+08:00 DEBUG 21012 --- [shopping] [main] o.s.data.convert.CustomConversions       : Adding converter from class [B to class java.lang.Boolean as reading converter
2025-07-04T13:04:34.159+08:00 DEBUG 21012 --- [shopping] [main] o.s.data.convert.CustomConversions       : Adding converter from class java.util.Date to class [B as writing converter
2025-07-04T13:04:34.159+08:00 DEBUG 21012 --- [shopping] [main] o.s.data.convert.CustomConversions       : Adding converter from class [B to class java.util.Date as reading converter
2025-07-04T13:04:34.159+08:00 DEBUG 21012 --- [shopping] [main] o.s.data.convert.CustomConversions       : Adding converter from class java.util.UUID to class [B as writing converter
2025-07-04T13:04:34.159+08:00 DEBUG 21012 --- [shopping] [main] o.s.data.convert.CustomConversions       : Adding converter from class [B to class java.util.UUID as reading converter
2025-07-04T13:04:34.159+08:00 DEBUG 21012 --- [shopping] [main] o.s.data.convert.CustomConversions       : Adding converter from class java.time.LocalDateTime to class [B as reading converter
2025-07-04T13:04:34.159+08:00 DEBUG 21012 --- [shopping] [main] o.s.data.convert.CustomConversions       : Adding converter from class [B to class java.time.LocalDateTime as reading converter
2025-07-04T13:04:34.159+08:00 DEBUG 21012 --- [shopping] [main] o.s.data.convert.CustomConversions       : Adding converter from class java.time.LocalDate to class [B as reading converter
2025-07-04T13:04:34.159+08:00 DEBUG 21012 --- [shopping] [main] o.s.data.convert.CustomConversions       : Adding converter from class [B to class java.time.LocalDate as reading converter
2025-07-04T13:04:34.159+08:00 DEBUG 21012 --- [shopping] [main] o.s.data.convert.CustomConversions       : Adding converter from class java.time.LocalTime to class [B as reading converter
2025-07-04T13:04:34.159+08:00 DEBUG 21012 --- [shopping] [main] o.s.data.convert.CustomConversions       : Adding converter from class [B to class java.time.LocalTime as reading converter
2025-07-04T13:04:34.159+08:00 DEBUG 21012 --- [shopping] [main] o.s.data.convert.CustomConversions       : Adding converter from class java.time.ZonedDateTime to class [B as reading converter
2025-07-04T13:04:34.159+08:00 DEBUG 21012 --- [shopping] [main] o.s.data.convert.CustomConversions       : Adding converter from class [B to class java.time.ZonedDateTime as reading converter
2025-07-04T13:04:34.159+08:00 DEBUG 21012 --- [shopping] [main] o.s.data.convert.CustomConversions       : Adding converter from class java.time.Instant to class [B as reading converter
2025-07-04T13:04:34.159+08:00 DEBUG 21012 --- [shopping] [main] o.s.data.convert.CustomConversions       : Adding converter from class [B to class java.time.Instant as reading converter
2025-07-04T13:04:34.159+08:00 DEBUG 21012 --- [shopping] [main] o.s.data.convert.CustomConversions       : Adding converter from class java.time.ZoneId to class [B as reading converter
2025-07-04T13:04:34.159+08:00 DEBUG 21012 --- [shopping] [main] o.s.data.convert.CustomConversions       : Adding converter from class [B to class java.time.ZoneId as reading converter
2025-07-04T13:04:34.159+08:00 DEBUG 21012 --- [shopping] [main] o.s.data.convert.CustomConversions       : Adding converter from class java.time.Period to class [B as reading converter
2025-07-04T13:04:34.159+08:00 DEBUG 21012 --- [shopping] [main] o.s.data.convert.CustomConversions       : Adding converter from class [B to class java.time.Period as reading converter
2025-07-04T13:04:34.159+08:00 DEBUG 21012 --- [shopping] [main] o.s.data.convert.CustomConversions       : Adding converter from class java.time.Duration to class [B as reading converter
2025-07-04T13:04:34.159+08:00 DEBUG 21012 --- [shopping] [main] o.s.data.convert.CustomConversions       : Adding converter from class [B to class java.time.Duration as reading converter
2025-07-04T13:04:34.159+08:00 DEBUG 21012 --- [shopping] [main] o.s.data.convert.CustomConversions       : Adding converter from class java.time.OffsetDateTime to class [B as reading converter
2025-07-04T13:04:34.159+08:00 DEBUG 21012 --- [shopping] [main] o.s.data.convert.CustomConversions       : Adding converter from class [B to class java.time.OffsetDateTime as reading converter
2025-07-04T13:04:34.159+08:00 DEBUG 21012 --- [shopping] [main] o.s.data.convert.CustomConversions       : Adding converter from class java.time.OffsetTime to class [B as reading converter
2025-07-04T13:04:34.159+08:00 DEBUG 21012 --- [shopping] [main] o.s.data.convert.CustomConversions       : Adding converter from class [B to class java.time.OffsetTime as reading converter
2025-07-04T13:04:34.159+08:00 DEBUG 21012 --- [shopping] [main] o.s.data.convert.CustomConversions       : Adding converter from class java.util.Date to class java.time.LocalDateTime as reading converter
2025-07-04T13:04:34.159+08:00 DEBUG 21012 --- [shopping] [main] o.s.data.convert.CustomConversions       : Adding converter from class java.time.LocalDateTime to class java.util.Date as writing converter
2025-07-04T13:04:34.159+08:00 DEBUG 21012 --- [shopping] [main] o.s.data.convert.CustomConversions       : Adding converter from class java.util.Date to class java.time.LocalDate as reading converter
2025-07-04T13:04:34.159+08:00 DEBUG 21012 --- [shopping] [main] o.s.data.convert.CustomConversions       : Adding converter from class java.time.LocalDate to class java.util.Date as writing converter
2025-07-04T13:04:34.159+08:00 DEBUG 21012 --- [shopping] [main] o.s.data.convert.CustomConversions       : Adding converter from class java.util.Date to class java.time.LocalTime as reading converter
2025-07-04T13:04:34.159+08:00 DEBUG 21012 --- [shopping] [main] o.s.data.convert.CustomConversions       : Adding converter from class java.time.LocalTime to class java.util.Date as writing converter
2025-07-04T13:04:34.159+08:00 DEBUG 21012 --- [shopping] [main] o.s.data.convert.CustomConversions       : Adding converter from class java.util.Date to class java.time.Instant as reading converter
2025-07-04T13:04:34.159+08:00 DEBUG 21012 --- [shopping] [main] o.s.data.convert.CustomConversions       : Adding converter from class java.time.Instant to class java.util.Date as writing converter
2025-07-04T13:04:34.159+08:00 DEBUG 21012 --- [shopping] [main] o.s.data.convert.CustomConversions       : Adding converter from class java.time.LocalDateTime to class java.time.Instant as reading converter
2025-07-04T13:04:34.159+08:00 DEBUG 21012 --- [shopping] [main] o.s.data.convert.CustomConversions       : Adding converter from class java.time.Instant to class java.time.LocalDateTime as reading converter
2025-07-04T13:04:34.159+08:00 DEBUG 21012 --- [shopping] [main] o.s.data.convert.CustomConversions       : Adding converter from class java.time.ZoneId to class java.lang.String as writing converter
2025-07-04T13:04:34.159+08:00 DEBUG 21012 --- [shopping] [main] o.s.data.convert.CustomConversions       : Adding converter from class java.lang.String to class java.time.ZoneId as reading converter
2025-07-04T13:04:34.159+08:00 DEBUG 21012 --- [shopping] [main] o.s.data.convert.CustomConversions       : Adding converter from class java.time.Duration to class java.lang.String as writing converter
2025-07-04T13:04:34.159+08:00 DEBUG 21012 --- [shopping] [main] o.s.data.convert.CustomConversions       : Adding converter from class java.lang.String to class java.time.Duration as reading converter
2025-07-04T13:04:34.159+08:00 DEBUG 21012 --- [shopping] [main] o.s.data.convert.CustomConversions       : Adding converter from class java.time.Period to class java.lang.String as writing converter
2025-07-04T13:04:34.159+08:00 DEBUG 21012 --- [shopping] [main] o.s.data.convert.CustomConversions       : Adding converter from class java.lang.String to class java.time.Period as reading converter
2025-07-04T13:04:34.159+08:00 DEBUG 21012 --- [shopping] [main] o.s.data.convert.CustomConversions       : Adding converter from class java.lang.String to class java.time.LocalDate as reading converter
2025-07-04T13:04:34.159+08:00 DEBUG 21012 --- [shopping] [main] o.s.data.convert.CustomConversions       : Adding converter from class java.lang.String to class java.time.LocalDateTime as reading converter
2025-07-04T13:04:34.159+08:00 DEBUG 21012 --- [shopping] [main] o.s.data.convert.CustomConversions       : Adding converter from class java.lang.String to class java.time.Instant as reading converter
2025-07-04T13:04:34.161+08:00 DEBUG 21012 --- [shopping] [main] o.s.data.convert.CustomConversions       : Adding converter from class java.lang.String to class [B as writing converter
2025-07-04T13:04:34.161+08:00 DEBUG 21012 --- [shopping] [main] o.s.data.convert.CustomConversions       : Adding converter from class [B to class java.lang.String as reading converter
2025-07-04T13:04:34.161+08:00 DEBUG 21012 --- [shopping] [main] o.s.data.convert.CustomConversions       : Adding converter from class java.lang.Number to class [B as writing converter
2025-07-04T13:04:34.161+08:00 DEBUG 21012 --- [shopping] [main] o.s.data.convert.CustomConversions       : Adding converter from class [B to class java.lang.Number as reading converter
2025-07-04T13:04:34.161+08:00 DEBUG 21012 --- [shopping] [main] o.s.data.convert.CustomConversions       : Adding converter from class java.lang.Enum to class [B as writing converter
2025-07-04T13:04:34.161+08:00 DEBUG 21012 --- [shopping] [main] o.s.data.convert.CustomConversions       : Adding converter from class [B to class java.lang.Enum as reading converter
2025-07-04T13:04:34.161+08:00 DEBUG 21012 --- [shopping] [main] o.s.data.convert.CustomConversions       : Adding converter from class java.lang.Boolean to class [B as writing converter
2025-07-04T13:04:34.161+08:00 DEBUG 21012 --- [shopping] [main] o.s.data.convert.CustomConversions       : Adding converter from class [B to class java.lang.Boolean as reading converter
2025-07-04T13:04:34.161+08:00 DEBUG 21012 --- [shopping] [main] o.s.data.convert.CustomConversions       : Adding converter from class java.util.Date to class [B as writing converter
2025-07-04T13:04:34.161+08:00 DEBUG 21012 --- [shopping] [main] o.s.data.convert.CustomConversions       : Adding converter from class [B to class java.util.Date as reading converter
2025-07-04T13:04:34.161+08:00 DEBUG 21012 --- [shopping] [main] o.s.data.convert.CustomConversions       : Adding converter from class java.util.UUID to class [B as writing converter
2025-07-04T13:04:34.161+08:00 DEBUG 21012 --- [shopping] [main] o.s.data.convert.CustomConversions       : Adding converter from class [B to class java.util.UUID as reading converter
2025-07-04T13:04:34.161+08:00 DEBUG 21012 --- [shopping] [main] o.s.data.convert.CustomConversions       : Adding converter from class java.time.LocalDateTime to class [B as reading converter
2025-07-04T13:04:34.161+08:00 DEBUG 21012 --- [shopping] [main] o.s.data.convert.CustomConversions       : Adding converter from class [B to class java.time.LocalDateTime as reading converter
2025-07-04T13:04:34.161+08:00 DEBUG 21012 --- [shopping] [main] o.s.data.convert.CustomConversions       : Adding converter from class java.time.LocalDate to class [B as reading converter
2025-07-04T13:04:34.161+08:00 DEBUG 21012 --- [shopping] [main] o.s.data.convert.CustomConversions       : Adding converter from class [B to class java.time.LocalDate as reading converter
2025-07-04T13:04:34.161+08:00 DEBUG 21012 --- [shopping] [main] o.s.data.convert.CustomConversions       : Adding converter from class java.time.LocalTime to class [B as reading converter
2025-07-04T13:04:34.161+08:00 DEBUG 21012 --- [shopping] [main] o.s.data.convert.CustomConversions       : Adding converter from class [B to class java.time.LocalTime as reading converter
2025-07-04T13:04:34.161+08:00 DEBUG 21012 --- [shopping] [main] o.s.data.convert.CustomConversions       : Adding converter from class java.time.ZonedDateTime to class [B as reading converter
2025-07-04T13:04:34.161+08:00 DEBUG 21012 --- [shopping] [main] o.s.data.convert.CustomConversions       : Adding converter from class [B to class java.time.ZonedDateTime as reading converter
2025-07-04T13:04:34.161+08:00 DEBUG 21012 --- [shopping] [main] o.s.data.convert.CustomConversions       : Adding converter from class java.time.Instant to class [B as reading converter
2025-07-04T13:04:34.161+08:00 DEBUG 21012 --- [shopping] [main] o.s.data.convert.CustomConversions       : Adding converter from class [B to class java.time.Instant as reading converter
2025-07-04T13:04:34.161+08:00 DEBUG 21012 --- [shopping] [main] o.s.data.convert.CustomConversions       : Adding converter from class java.time.ZoneId to class [B as reading converter
2025-07-04T13:04:34.161+08:00 DEBUG 21012 --- [shopping] [main] o.s.data.convert.CustomConversions       : Adding converter from class [B to class java.time.ZoneId as reading converter
2025-07-04T13:04:34.161+08:00 DEBUG 21012 --- [shopping] [main] o.s.data.convert.CustomConversions       : Adding converter from class java.time.Period to class [B as reading converter
2025-07-04T13:04:34.161+08:00 DEBUG 21012 --- [shopping] [main] o.s.data.convert.CustomConversions       : Adding converter from class [B to class java.time.Period as reading converter
2025-07-04T13:04:34.161+08:00 DEBUG 21012 --- [shopping] [main] o.s.data.convert.CustomConversions       : Adding converter from class java.time.Duration to class [B as reading converter
2025-07-04T13:04:34.161+08:00 DEBUG 21012 --- [shopping] [main] o.s.data.convert.CustomConversions       : Adding converter from class [B to class java.time.Duration as reading converter
2025-07-04T13:04:34.161+08:00 DEBUG 21012 --- [shopping] [main] o.s.data.convert.CustomConversions       : Adding converter from class java.time.OffsetDateTime to class [B as reading converter
2025-07-04T13:04:34.161+08:00 DEBUG 21012 --- [shopping] [main] o.s.data.convert.CustomConversions       : Adding converter from class [B to class java.time.OffsetDateTime as reading converter
2025-07-04T13:04:34.161+08:00 DEBUG 21012 --- [shopping] [main] o.s.data.convert.CustomConversions       : Adding converter from class java.time.OffsetTime to class [B as reading converter
2025-07-04T13:04:34.161+08:00 DEBUG 21012 --- [shopping] [main] o.s.data.convert.CustomConversions       : Adding converter from class [B to class java.time.OffsetTime as reading converter
2025-07-04T13:04:34.161+08:00 DEBUG 21012 --- [shopping] [main] o.s.data.convert.CustomConversions       : Adding converter from class java.util.Date to class java.time.LocalDateTime as reading converter
2025-07-04T13:04:34.161+08:00 DEBUG 21012 --- [shopping] [main] o.s.data.convert.CustomConversions       : Adding converter from class java.time.LocalDateTime to class java.util.Date as writing converter
2025-07-04T13:04:34.161+08:00 DEBUG 21012 --- [shopping] [main] o.s.data.convert.CustomConversions       : Adding converter from class java.util.Date to class java.time.LocalDate as reading converter
2025-07-04T13:04:34.161+08:00 DEBUG 21012 --- [shopping] [main] o.s.data.convert.CustomConversions       : Adding converter from class java.time.LocalDate to class java.util.Date as writing converter
2025-07-04T13:04:34.161+08:00 DEBUG 21012 --- [shopping] [main] o.s.data.convert.CustomConversions       : Adding converter from class java.util.Date to class java.time.LocalTime as reading converter
2025-07-04T13:04:34.161+08:00 DEBUG 21012 --- [shopping] [main] o.s.data.convert.CustomConversions       : Adding converter from class java.time.LocalTime to class java.util.Date as writing converter
2025-07-04T13:04:34.161+08:00 DEBUG 21012 --- [shopping] [main] o.s.data.convert.CustomConversions       : Adding converter from class java.util.Date to class java.time.Instant as reading converter
2025-07-04T13:04:34.161+08:00 DEBUG 21012 --- [shopping] [main] o.s.data.convert.CustomConversions       : Adding converter from class java.time.Instant to class java.util.Date as writing converter
2025-07-04T13:04:34.161+08:00 DEBUG 21012 --- [shopping] [main] o.s.data.convert.CustomConversions       : Adding converter from class java.time.LocalDateTime to class java.time.Instant as reading converter
2025-07-04T13:04:34.161+08:00 DEBUG 21012 --- [shopping] [main] o.s.data.convert.CustomConversions       : Adding converter from class java.time.Instant to class java.time.LocalDateTime as reading converter
2025-07-04T13:04:34.161+08:00 DEBUG 21012 --- [shopping] [main] o.s.data.convert.CustomConversions       : Adding converter from class java.time.ZoneId to class java.lang.String as writing converter
2025-07-04T13:04:34.161+08:00 DEBUG 21012 --- [shopping] [main] o.s.data.convert.CustomConversions       : Adding converter from class java.lang.String to class java.time.ZoneId as reading converter
2025-07-04T13:04:34.161+08:00 DEBUG 21012 --- [shopping] [main] o.s.data.convert.CustomConversions       : Adding converter from class java.time.Duration to class java.lang.String as writing converter
2025-07-04T13:04:34.161+08:00 DEBUG 21012 --- [shopping] [main] o.s.data.convert.CustomConversions       : Adding converter from class java.lang.String to class java.time.Duration as reading converter
2025-07-04T13:04:34.161+08:00 DEBUG 21012 --- [shopping] [main] o.s.data.convert.CustomConversions       : Adding converter from class java.time.Period to class java.lang.String as writing converter
2025-07-04T13:04:34.161+08:00 DEBUG 21012 --- [shopping] [main] o.s.data.convert.CustomConversions       : Adding converter from class java.lang.String to class java.time.Period as reading converter
2025-07-04T13:04:34.161+08:00 DEBUG 21012 --- [shopping] [main] o.s.data.convert.CustomConversions       : Adding converter from class java.lang.String to class java.time.LocalDate as reading converter
2025-07-04T13:04:34.161+08:00 DEBUG 21012 --- [shopping] [main] o.s.data.convert.CustomConversions       : Adding converter from class java.lang.String to class java.time.LocalDateTime as reading converter
2025-07-04T13:04:34.161+08:00 DEBUG 21012 --- [shopping] [main] o.s.data.convert.CustomConversions       : Adding converter from class java.lang.String to class java.time.Instant as reading converter
2025-07-04T13:04:34.163+08:00 DEBUG 21012 --- [shopping] [main] o.s.data.convert.CustomConversions       : Adding converter from class java.lang.String to class [B as writing converter
2025-07-04T13:04:34.163+08:00 DEBUG 21012 --- [shopping] [main] o.s.data.convert.CustomConversions       : Adding converter from class [B to class java.lang.String as reading converter
2025-07-04T13:04:34.163+08:00 DEBUG 21012 --- [shopping] [main] o.s.data.convert.CustomConversions       : Adding converter from class java.lang.Number to class [B as writing converter
2025-07-04T13:04:34.163+08:00 DEBUG 21012 --- [shopping] [main] o.s.data.convert.CustomConversions       : Adding converter from class [B to class java.lang.Number as reading converter
2025-07-04T13:04:34.163+08:00 DEBUG 21012 --- [shopping] [main] o.s.data.convert.CustomConversions       : Adding converter from class java.lang.Enum to class [B as writing converter
2025-07-04T13:04:34.163+08:00 DEBUG 21012 --- [shopping] [main] o.s.data.convert.CustomConversions       : Adding converter from class [B to class java.lang.Enum as reading converter
2025-07-04T13:04:34.163+08:00 DEBUG 21012 --- [shopping] [main] o.s.data.convert.CustomConversions       : Adding converter from class java.lang.Boolean to class [B as writing converter
2025-07-04T13:04:34.163+08:00 DEBUG 21012 --- [shopping] [main] o.s.data.convert.CustomConversions       : Adding converter from class [B to class java.lang.Boolean as reading converter
2025-07-04T13:04:34.163+08:00 DEBUG 21012 --- [shopping] [main] o.s.data.convert.CustomConversions       : Adding converter from class java.util.Date to class [B as writing converter
2025-07-04T13:04:34.163+08:00 DEBUG 21012 --- [shopping] [main] o.s.data.convert.CustomConversions       : Adding converter from class [B to class java.util.Date as reading converter
2025-07-04T13:04:34.163+08:00 DEBUG 21012 --- [shopping] [main] o.s.data.convert.CustomConversions       : Adding converter from class java.util.UUID to class [B as writing converter
2025-07-04T13:04:34.163+08:00 DEBUG 21012 --- [shopping] [main] o.s.data.convert.CustomConversions       : Adding converter from class [B to class java.util.UUID as reading converter
2025-07-04T13:04:34.163+08:00 DEBUG 21012 --- [shopping] [main] o.s.data.convert.CustomConversions       : Adding converter from class java.time.LocalDateTime to class [B as reading converter
2025-07-04T13:04:34.163+08:00 DEBUG 21012 --- [shopping] [main] o.s.data.convert.CustomConversions       : Adding converter from class [B to class java.time.LocalDateTime as reading converter
2025-07-04T13:04:34.163+08:00 DEBUG 21012 --- [shopping] [main] o.s.data.convert.CustomConversions       : Adding converter from class java.time.LocalDate to class [B as reading converter
2025-07-04T13:04:34.163+08:00 DEBUG 21012 --- [shopping] [main] o.s.data.convert.CustomConversions       : Adding converter from class [B to class java.time.LocalDate as reading converter
2025-07-04T13:04:34.163+08:00 DEBUG 21012 --- [shopping] [main] o.s.data.convert.CustomConversions       : Adding converter from class java.time.LocalTime to class [B as reading converter
2025-07-04T13:04:34.163+08:00 DEBUG 21012 --- [shopping] [main] o.s.data.convert.CustomConversions       : Adding converter from class [B to class java.time.LocalTime as reading converter
2025-07-04T13:04:34.163+08:00 DEBUG 21012 --- [shopping] [main] o.s.data.convert.CustomConversions       : Adding converter from class java.time.ZonedDateTime to class [B as reading converter
2025-07-04T13:04:34.163+08:00 DEBUG 21012 --- [shopping] [main] o.s.data.convert.CustomConversions       : Adding converter from class [B to class java.time.ZonedDateTime as reading converter
2025-07-04T13:04:34.163+08:00 DEBUG 21012 --- [shopping] [main] o.s.data.convert.CustomConversions       : Adding converter from class java.time.Instant to class [B as reading converter
2025-07-04T13:04:34.163+08:00 DEBUG 21012 --- [shopping] [main] o.s.data.convert.CustomConversions       : Adding converter from class [B to class java.time.Instant as reading converter
2025-07-04T13:04:34.163+08:00 DEBUG 21012 --- [shopping] [main] o.s.data.convert.CustomConversions       : Adding converter from class java.time.ZoneId to class [B as reading converter
2025-07-04T13:04:34.163+08:00 DEBUG 21012 --- [shopping] [main] o.s.data.convert.CustomConversions       : Adding converter from class [B to class java.time.ZoneId as reading converter
2025-07-04T13:04:34.163+08:00 DEBUG 21012 --- [shopping] [main] o.s.data.convert.CustomConversions       : Adding converter from class java.time.Period to class [B as reading converter
2025-07-04T13:04:34.163+08:00 DEBUG 21012 --- [shopping] [main] o.s.data.convert.CustomConversions       : Adding converter from class [B to class java.time.Period as reading converter
2025-07-04T13:04:34.163+08:00 DEBUG 21012 --- [shopping] [main] o.s.data.convert.CustomConversions       : Adding converter from class java.time.Duration to class [B as reading converter
2025-07-04T13:04:34.163+08:00 DEBUG 21012 --- [shopping] [main] o.s.data.convert.CustomConversions       : Adding converter from class [B to class java.time.Duration as reading converter
2025-07-04T13:04:34.163+08:00 DEBUG 21012 --- [shopping] [main] o.s.data.convert.CustomConversions       : Adding converter from class java.time.OffsetDateTime to class [B as reading converter
2025-07-04T13:04:34.163+08:00 DEBUG 21012 --- [shopping] [main] o.s.data.convert.CustomConversions       : Adding converter from class [B to class java.time.OffsetDateTime as reading converter
2025-07-04T13:04:34.163+08:00 DEBUG 21012 --- [shopping] [main] o.s.data.convert.CustomConversions       : Adding converter from class java.time.OffsetTime to class [B as reading converter
2025-07-04T13:04:34.163+08:00 DEBUG 21012 --- [shopping] [main] o.s.data.convert.CustomConversions       : Adding converter from class [B to class java.time.OffsetTime as reading converter
2025-07-04T13:04:34.163+08:00 DEBUG 21012 --- [shopping] [main] o.s.data.convert.CustomConversions       : Adding converter from class java.util.Date to class java.time.LocalDateTime as reading converter
2025-07-04T13:04:34.163+08:00 DEBUG 21012 --- [shopping] [main] o.s.data.convert.CustomConversions       : Adding converter from class java.time.LocalDateTime to class java.util.Date as writing converter
2025-07-04T13:04:34.163+08:00 DEBUG 21012 --- [shopping] [main] o.s.data.convert.CustomConversions       : Adding converter from class java.util.Date to class java.time.LocalDate as reading converter
2025-07-04T13:04:34.163+08:00 DEBUG 21012 --- [shopping] [main] o.s.data.convert.CustomConversions       : Adding converter from class java.time.LocalDate to class java.util.Date as writing converter
2025-07-04T13:04:34.163+08:00 DEBUG 21012 --- [shopping] [main] o.s.data.convert.CustomConversions       : Adding converter from class java.util.Date to class java.time.LocalTime as reading converter
2025-07-04T13:04:34.164+08:00 DEBUG 21012 --- [shopping] [main] o.s.data.convert.CustomConversions       : Adding converter from class java.time.LocalTime to class java.util.Date as writing converter
2025-07-04T13:04:34.164+08:00 DEBUG 21012 --- [shopping] [main] o.s.data.convert.CustomConversions       : Adding converter from class java.util.Date to class java.time.Instant as reading converter
2025-07-04T13:04:34.164+08:00 DEBUG 21012 --- [shopping] [main] o.s.data.convert.CustomConversions       : Adding converter from class java.time.Instant to class java.util.Date as writing converter
2025-07-04T13:04:34.164+08:00 DEBUG 21012 --- [shopping] [main] o.s.data.convert.CustomConversions       : Adding converter from class java.time.LocalDateTime to class java.time.Instant as reading converter
2025-07-04T13:04:34.164+08:00 DEBUG 21012 --- [shopping] [main] o.s.data.convert.CustomConversions       : Adding converter from class java.time.Instant to class java.time.LocalDateTime as reading converter
2025-07-04T13:04:34.164+08:00 DEBUG 21012 --- [shopping] [main] o.s.data.convert.CustomConversions       : Adding converter from class java.time.ZoneId to class java.lang.String as writing converter
2025-07-04T13:04:34.164+08:00 DEBUG 21012 --- [shopping] [main] o.s.data.convert.CustomConversions       : Adding converter from class java.lang.String to class java.time.ZoneId as reading converter
2025-07-04T13:04:34.164+08:00 DEBUG 21012 --- [shopping] [main] o.s.data.convert.CustomConversions       : Adding converter from class java.time.Duration to class java.lang.String as writing converter
2025-07-04T13:04:34.164+08:00 DEBUG 21012 --- [shopping] [main] o.s.data.convert.CustomConversions       : Adding converter from class java.lang.String to class java.time.Duration as reading converter
2025-07-04T13:04:34.164+08:00 DEBUG 21012 --- [shopping] [main] o.s.data.convert.CustomConversions       : Adding converter from class java.time.Period to class java.lang.String as writing converter
2025-07-04T13:04:34.164+08:00 DEBUG 21012 --- [shopping] [main] o.s.data.convert.CustomConversions       : Adding converter from class java.lang.String to class java.time.Period as reading converter
2025-07-04T13:04:34.164+08:00 DEBUG 21012 --- [shopping] [main] o.s.data.convert.CustomConversions       : Adding converter from class java.lang.String to class java.time.LocalDate as reading converter
2025-07-04T13:04:34.164+08:00 DEBUG 21012 --- [shopping] [main] o.s.data.convert.CustomConversions       : Adding converter from class java.lang.String to class java.time.LocalDateTime as reading converter
2025-07-04T13:04:34.164+08:00 DEBUG 21012 --- [shopping] [main] o.s.data.convert.CustomConversions       : Adding converter from class java.lang.String to class java.time.Instant as reading converter
2025-07-04T13:04:34.178+08:00 DEBUG 21012 --- [shopping] [main] o.s.b.f.s.DefaultListableBeanFactory     : Creating shared instance of singleton bean 'stringRedisTemplate'
2025-07-04T13:04:34.178+08:00 DEBUG 21012 --- [shopping] [main] o.s.b.f.s.DefaultListableBeanFactory     : Autowiring by type from bean name 'stringRedisTemplate' via factory method to bean named 'redisConnectionFactory'
2025-07-04T13:04:34.180+08:00 DEBUG 21012 --- [shopping] [main] o.s.b.f.s.DefaultListableBeanFactory     : Creating shared instance of singleton bean 'org.springframework.boot.autoconfigure.jmx.JmxAutoConfiguration'
2025-07-04T13:04:34.181+08:00 DEBUG 21012 --- [shopping] [main] o.s.b.f.s.DefaultListableBeanFactory     : Creating shared instance of singleton bean 'spring.jmx-org.springframework.boot.autoconfigure.jmx.JmxProperties'
2025-07-04T13:04:34.182+08:00 DEBUG 21012 --- [shopping] [main] o.s.b.f.s.DefaultListableBeanFactory     : Autowiring by type from bean name 'org.springframework.boot.autoconfigure.jmx.JmxAutoConfiguration' via constructor to bean named 'spring.jmx-org.springframework.boot.autoconfigure.jmx.JmxProperties'
2025-07-04T13:04:34.182+08:00 DEBUG 21012 --- [shopping] [main] o.s.b.f.s.DefaultListableBeanFactory     : Creating shared instance of singleton bean 'mbeanExporter'
2025-07-04T13:04:34.182+08:00 DEBUG 21012 --- [shopping] [main] o.s.b.f.s.DefaultListableBeanFactory     : Creating shared instance of singleton bean 'objectNamingStrategy'
2025-07-04T13:04:34.184+08:00 DEBUG 21012 --- [shopping] [main] o.s.b.f.s.DefaultListableBeanFactory     : Autowiring by type from bean name 'mbeanExporter' via factory method to bean named 'objectNamingStrategy'
2025-07-04T13:04:34.184+08:00 DEBUG 21012 --- [shopping] [main] o.s.b.f.s.DefaultListableBeanFactory     : Autowiring by type from bean name 'mbeanExporter' via factory method to bean named 'org.springframework.beans.factory.support.DefaultListableBeanFactory@7bb3a9fe'
2025-07-04T13:04:34.188+08:00 DEBUG 21012 --- [shopping] [main] o.s.b.f.s.DefaultListableBeanFactory     : Creating shared instance of singleton bean 'mbeanServer'
2025-07-04T13:04:34.189+08:00 DEBUG 21012 --- [shopping] [main] o.springframework.jmx.support.JmxUtils   : Found MBeanServer: com.sun.jmx.mbeanserver.JmxMBeanServer@591f989e
2025-07-04T13:04:34.192+08:00 DEBUG 21012 --- [shopping] [main] o.s.b.f.s.DefaultListableBeanFactory     : Creating shared instance of singleton bean 'org.springframework.boot.autoconfigure.admin.SpringApplicationAdminJmxAutoConfiguration'
2025-07-04T13:04:34.192+08:00 DEBUG 21012 --- [shopping] [main] o.s.b.f.s.DefaultListableBeanFactory     : Creating shared instance of singleton bean 'springApplicationAdminRegistrar'
2025-07-04T13:04:34.192+08:00 DEBUG 21012 --- [shopping] [main] o.s.b.f.s.DefaultListableBeanFactory     : Autowiring by type from bean name 'springApplicationAdminRegistrar' via factory method to bean named 'environment'
2025-07-04T13:04:34.193+08:00 DEBUG 21012 --- [shopping] [main] inMXBeanRegistrar$SpringApplicationAdmin : Application Admin MBean registered with name 'org.springframework.boot:type=Admin,name=SpringApplication'
2025-07-04T13:04:34.194+08:00 DEBUG 21012 --- [shopping] [main] o.s.b.f.s.DefaultListableBeanFactory     : Creating shared instance of singleton bean 'org.springframework.boot.autoconfigure.aop.AopAutoConfiguration$AspectJAutoProxyingConfiguration$CglibAutoProxyConfiguration'
2025-07-04T13:04:34.194+08:00 DEBUG 21012 --- [shopping] [main] o.s.b.f.s.DefaultListableBeanFactory     : Creating shared instance of singleton bean 'org.springframework.boot.autoconfigure.aop.AopAutoConfiguration$AspectJAutoProxyingConfiguration'
2025-07-04T13:04:34.194+08:00 DEBUG 21012 --- [shopping] [main] o.s.b.f.s.DefaultListableBeanFactory     : Creating shared instance of singleton bean 'org.springframework.boot.autoconfigure.aop.AopAutoConfiguration'
2025-07-04T13:04:34.194+08:00 DEBUG 21012 --- [shopping] [main] o.s.b.f.s.DefaultListableBeanFactory     : Creating shared instance of singleton bean 'org.springframework.boot.autoconfigure.availability.ApplicationAvailabilityAutoConfiguration'
2025-07-04T13:04:34.194+08:00 DEBUG 21012 --- [shopping] [main] o.s.b.f.s.DefaultListableBeanFactory     : Creating shared instance of singleton bean 'applicationAvailability'
2025-07-04T13:04:34.195+08:00 DEBUG 21012 --- [shopping] [main] o.s.b.f.s.DefaultListableBeanFactory     : Creating shared instance of singleton bean 'org.springframework.boot.autoconfigure.context.ConfigurationPropertiesAutoConfiguration'
2025-07-04T13:04:34.195+08:00 DEBUG 21012 --- [shopping] [main] o.s.b.f.s.DefaultListableBeanFactory     : Creating shared instance of singleton bean 'org.springframework.boot.autoconfigure.context.LifecycleAutoConfiguration'
2025-07-04T13:04:34.195+08:00 DEBUG 21012 --- [shopping] [main] o.s.b.f.s.DefaultListableBeanFactory     : Creating shared instance of singleton bean 'lifecycleProcessor'
2025-07-04T13:04:34.195+08:00 DEBUG 21012 --- [shopping] [main] o.s.b.f.s.DefaultListableBeanFactory     : Creating shared instance of singleton bean 'spring.lifecycle-org.springframework.boot.autoconfigure.context.LifecycleProperties'
2025-07-04T13:04:34.196+08:00 DEBUG 21012 --- [shopping] [main] o.s.b.f.s.DefaultListableBeanFactory     : Autowiring by type from bean name 'lifecycleProcessor' via factory method to bean named 'spring.lifecycle-org.springframework.boot.autoconfigure.context.LifecycleProperties'
2025-07-04T13:04:34.197+08:00 DEBUG 21012 --- [shopping] [main] o.s.b.f.s.DefaultListableBeanFactory     : Creating shared instance of singleton bean 'org.springframework.boot.autoconfigure.dao.PersistenceExceptionTranslationAutoConfiguration'
2025-07-04T13:04:34.197+08:00 DEBUG 21012 --- [shopping] [main] o.s.b.f.s.DefaultListableBeanFactory     : Creating shared instance of singleton bean 'org.springframework.boot.autoconfigure.jdbc.DataSourceTransactionManagerAutoConfiguration$JdbcTransactionManagerConfiguration'
2025-07-04T13:04:34.199+08:00 DEBUG 21012 --- [shopping] [main] o.s.b.f.s.DefaultListableBeanFactory     : Creating shared instance of singleton bean 'org.springframework.boot.autoconfigure.jdbc.DataSourceTransactionManagerAutoConfiguration'
2025-07-04T13:04:34.199+08:00 DEBUG 21012 --- [shopping] [main] o.s.b.f.s.DefaultListableBeanFactory     : Creating shared instance of singleton bean 'org.springframework.boot.autoconfigure.data.jdbc.JdbcRepositoriesAutoConfiguration$SpringBootJdbcConfiguration'
2025-07-04T13:04:34.199+08:00 DEBUG 21012 --- [shopping] [main] o.s.b.f.s.DefaultListableBeanFactory     : Creating shared instance of singleton bean 'spring.data.jdbc-org.springframework.boot.autoconfigure.data.jdbc.JdbcDataProperties'
2025-07-04T13:04:34.199+08:00 DEBUG 21012 --- [shopping] [main] o.s.b.f.s.DefaultListableBeanFactory     : Autowiring by type from bean name 'org.springframework.boot.autoconfigure.data.jdbc.JdbcRepositoriesAutoConfiguration$SpringBootJdbcConfiguration' via constructor to bean named 'org.springframework.boot.web.servlet.context.AnnotationConfigServletWebServerApplicationContext@13f17eb4'
2025-07-04T13:04:34.199+08:00 DEBUG 21012 --- [shopping] [main] o.s.b.f.s.DefaultListableBeanFactory     : Autowiring by type from bean name 'org.springframework.boot.autoconfigure.data.jdbc.JdbcRepositoriesAutoConfiguration$SpringBootJdbcConfiguration' via constructor to bean named 'spring.data.jdbc-org.springframework.boot.autoconfigure.data.jdbc.JdbcDataProperties'
2025-07-04T13:04:34.200+08:00 DEBUG 21012 --- [shopping] [main] o.s.b.f.s.DefaultListableBeanFactory     : Creating shared instance of singleton bean 'jdbcManagedTypes'
2025-07-04T13:04:34.205+08:00 DEBUG 21012 --- [shopping] [main] o.s.b.f.s.DefaultListableBeanFactory     : Creating shared instance of singleton bean 'jdbcMappingContext'
2025-07-04T13:04:34.206+08:00 DEBUG 21012 --- [shopping] [main] o.s.b.f.s.DefaultListableBeanFactory     : Creating shared instance of singleton bean 'jdbcCustomConversions'
2025-07-04T13:04:34.206+08:00 DEBUG 21012 --- [shopping] [main] o.s.b.f.s.DefaultListableBeanFactory     : Creating shared instance of singleton bean 'jdbcDialect'
2025-07-04T13:04:34.207+08:00 DEBUG 21012 --- [shopping] [main] o.s.b.f.s.DefaultListableBeanFactory     : Autowiring by type from bean name 'jdbcDialect' via factory method to bean named 'namedParameterJdbcTemplate'
2025-07-04T13:04:34.209+08:00 DEBUG 21012 --- [shopping] [main] o.s.jdbc.datasource.DataSourceUtils      : Fetching JDBC Connection from DataSource
2025-07-04T13:04:34.378+08:00 DEBUG 21012 --- [shopping] [main] o.s.data.convert.CustomConversions       : Adding converter from class java.sql.Timestamp to class java.time.OffsetDateTime as reading converter
2025-07-04T13:04:34.378+08:00 DEBUG 21012 --- [shopping] [main] o.s.data.convert.CustomConversions       : Adding converter from class java.sql.Timestamp to class java.time.LocalDateTime as reading converter
2025-07-04T13:04:34.378+08:00 DEBUG 21012 --- [shopping] [main] o.s.data.convert.CustomConversions       : Adding converter from class java.sql.Timestamp to class java.time.LocalDate as reading converter
2025-07-04T13:04:34.378+08:00 DEBUG 21012 --- [shopping] [main] o.s.data.convert.CustomConversions       : Adding converter from class java.time.LocalDate to class java.sql.Timestamp as writing converter
2025-07-04T13:04:34.378+08:00 DEBUG 21012 --- [shopping] [main] o.s.data.convert.CustomConversions       : Adding converter from class java.sql.Timestamp to class java.time.LocalTime as reading converter
2025-07-04T13:04:34.378+08:00 DEBUG 21012 --- [shopping] [main] o.s.data.convert.CustomConversions       : Adding converter from class java.time.LocalTime to class java.sql.Timestamp as writing converter
2025-07-04T13:04:34.378+08:00 DEBUG 21012 --- [shopping] [main] o.s.data.convert.CustomConversions       : Adding converter from class java.sql.Timestamp to class java.time.Instant as reading converter
2025-07-04T13:04:34.378+08:00 DEBUG 21012 --- [shopping] [main] o.s.data.convert.CustomConversions       : Adding converter from class java.time.Instant to class java.sql.Timestamp as writing converter
2025-07-04T13:04:34.378+08:00 DEBUG 21012 --- [shopping] [main] o.s.data.convert.CustomConversions       : Adding converter from class java.util.Date to class java.time.LocalDateTime as reading converter
2025-07-04T13:04:34.378+08:00 DEBUG 21012 --- [shopping] [main] o.s.data.convert.CustomConversions       : Adding converter from class java.time.LocalDateTime to class java.util.Date as writing converter
2025-07-04T13:04:34.379+08:00 DEBUG 21012 --- [shopping] [main] o.s.data.convert.CustomConversions       : Adding converter from class java.util.Date to class java.time.LocalDate as reading converter
2025-07-04T13:04:34.379+08:00 DEBUG 21012 --- [shopping] [main] o.s.data.convert.CustomConversions       : Adding converter from class java.time.LocalDate to class java.util.Date as writing converter
2025-07-04T13:04:34.379+08:00 DEBUG 21012 --- [shopping] [main] o.s.data.convert.CustomConversions       : Adding converter from class java.util.Date to class java.time.LocalTime as reading converter
2025-07-04T13:04:34.379+08:00 DEBUG 21012 --- [shopping] [main] o.s.data.convert.CustomConversions       : Adding converter from class java.time.LocalTime to class java.util.Date as writing converter
2025-07-04T13:04:34.379+08:00 DEBUG 21012 --- [shopping] [main] o.s.data.convert.CustomConversions       : Adding converter from class java.util.Date to class java.time.Instant as reading converter
2025-07-04T13:04:34.379+08:00 DEBUG 21012 --- [shopping] [main] o.s.data.convert.CustomConversions       : Adding converter from class java.time.Instant to class java.util.Date as writing converter
2025-07-04T13:04:34.379+08:00 DEBUG 21012 --- [shopping] [main] o.s.data.convert.CustomConversions       : Adding converter from class java.time.LocalDateTime to class java.time.Instant as reading converter
2025-07-04T13:04:34.379+08:00 DEBUG 21012 --- [shopping] [main] o.s.data.convert.CustomConversions       : Adding converter from class java.time.Instant to class java.time.LocalDateTime as reading converter
2025-07-04T13:04:34.379+08:00 DEBUG 21012 --- [shopping] [main] o.s.data.convert.CustomConversions       : Adding converter from class java.time.ZoneId to class java.lang.String as writing converter
2025-07-04T13:04:34.379+08:00 DEBUG 21012 --- [shopping] [main] o.s.data.convert.CustomConversions       : Adding converter from class java.lang.String to class java.time.ZoneId as reading converter
2025-07-04T13:04:34.379+08:00 DEBUG 21012 --- [shopping] [main] o.s.data.convert.CustomConversions       : Adding converter from class java.time.Duration to class java.lang.String as writing converter
2025-07-04T13:04:34.379+08:00 DEBUG 21012 --- [shopping] [main] o.s.data.convert.CustomConversions       : Adding converter from class java.lang.String to class java.time.Duration as reading converter
2025-07-04T13:04:34.379+08:00 DEBUG 21012 --- [shopping] [main] o.s.data.convert.CustomConversions       : Adding converter from class java.time.Period to class java.lang.String as writing converter
2025-07-04T13:04:34.379+08:00 DEBUG 21012 --- [shopping] [main] o.s.data.convert.CustomConversions       : Adding converter from class java.lang.String to class java.time.Period as reading converter
2025-07-04T13:04:34.379+08:00 DEBUG 21012 --- [shopping] [main] o.s.data.convert.CustomConversions       : Adding converter from class java.lang.String to class java.time.LocalDate as reading converter
2025-07-04T13:04:34.379+08:00 DEBUG 21012 --- [shopping] [main] o.s.data.convert.CustomConversions       : Adding converter from class java.lang.String to class java.time.LocalDateTime as reading converter
2025-07-04T13:04:34.379+08:00 DEBUG 21012 --- [shopping] [main] o.s.data.convert.CustomConversions       : Adding converter from class java.lang.String to class java.time.Instant as reading converter
2025-07-04T13:04:34.379+08:00 DEBUG 21012 --- [shopping] [main] o.s.b.f.s.DefaultListableBeanFactory     : Autowiring by type from bean name 'jdbcMappingContext' via factory method to bean named 'jdbcCustomConversions'
2025-07-04T13:04:34.379+08:00 DEBUG 21012 --- [shopping] [main] o.s.b.f.s.DefaultListableBeanFactory     : Autowiring by type from bean name 'jdbcMappingContext' via factory method to bean named 'jdbcManagedTypes'
2025-07-04T13:04:34.385+08:00 DEBUG 21012 --- [shopping] [main] o.s.b.f.s.DefaultListableBeanFactory     : Creating shared instance of singleton bean 'jdbcConverter'
2025-07-04T13:04:34.388+08:00 DEBUG 21012 --- [shopping] [main] o.s.b.f.s.DefaultListableBeanFactory     : Autowiring by type from bean name 'jdbcConverter' via factory method to bean named 'jdbcMappingContext'
2025-07-04T13:04:34.388+08:00 DEBUG 21012 --- [shopping] [main] o.s.b.f.s.DefaultListableBeanFactory     : Autowiring by type from bean name 'jdbcConverter' via factory method to bean named 'namedParameterJdbcTemplate'
2025-07-04T13:04:34.388+08:00 DEBUG 21012 --- [shopping] [main] o.s.b.f.s.DefaultListableBeanFactory     : Autowiring by type from bean name 'jdbcConverter' via factory method to bean named 'jdbcCustomConversions'
2025-07-04T13:04:34.388+08:00 DEBUG 21012 --- [shopping] [main] o.s.b.f.s.DefaultListableBeanFactory     : Autowiring by type from bean name 'jdbcConverter' via factory method to bean named 'jdbcDialect'
2025-07-04T13:04:34.400+08:00 DEBUG 21012 --- [shopping] [main] o.s.b.f.s.DefaultListableBeanFactory     : Creating shared instance of singleton bean 'jdbcAggregateTemplate'
2025-07-04T13:04:34.400+08:00 DEBUG 21012 --- [shopping] [main] o.s.b.f.s.DefaultListableBeanFactory     : Creating shared instance of singleton bean 'dataAccessStrategyBean'
2025-07-04T13:04:34.401+08:00 DEBUG 21012 --- [shopping] [main] o.s.b.f.s.DefaultListableBeanFactory     : Autowiring by type from bean name 'dataAccessStrategyBean' via factory method to bean named 'namedParameterJdbcTemplate'
2025-07-04T13:04:34.401+08:00 DEBUG 21012 --- [shopping] [main] o.s.b.f.s.DefaultListableBeanFactory     : Autowiring by type from bean name 'dataAccessStrategyBean' via factory method to bean named 'jdbcConverter'
2025-07-04T13:04:34.401+08:00 DEBUG 21012 --- [shopping] [main] o.s.b.f.s.DefaultListableBeanFactory     : Autowiring by type from bean name 'dataAccessStrategyBean' via factory method to bean named 'jdbcMappingContext'
2025-07-04T13:04:34.401+08:00 DEBUG 21012 --- [shopping] [main] o.s.b.f.s.DefaultListableBeanFactory     : Autowiring by type from bean name 'dataAccessStrategyBean' via factory method to bean named 'jdbcDialect'
2025-07-04T13:04:34.410+08:00 DEBUG 21012 --- [shopping] [main] o.s.b.f.s.DefaultListableBeanFactory     : Autowiring by type from bean name 'jdbcAggregateTemplate' via factory method to bean named 'org.springframework.boot.web.servlet.context.AnnotationConfigServletWebServerApplicationContext@13f17eb4'
2025-07-04T13:04:34.410+08:00 DEBUG 21012 --- [shopping] [main] o.s.b.f.s.DefaultListableBeanFactory     : Autowiring by type from bean name 'jdbcAggregateTemplate' via factory method to bean named 'jdbcMappingContext'
2025-07-04T13:04:34.410+08:00 DEBUG 21012 --- [shopping] [main] o.s.b.f.s.DefaultListableBeanFactory     : Autowiring by type from bean name 'jdbcAggregateTemplate' via factory method to bean named 'jdbcConverter'
2025-07-04T13:04:34.410+08:00 DEBUG 21012 --- [shopping] [main] o.s.b.f.s.DefaultListableBeanFactory     : Autowiring by type from bean name 'jdbcAggregateTemplate' via factory method to bean named 'dataAccessStrategyBean'
2025-07-04T13:04:34.416+08:00 DEBUG 21012 --- [shopping] [main] o.s.b.f.s.DefaultListableBeanFactory     : Creating shared instance of singleton bean 'org.springframework.boot.autoconfigure.data.jdbc.JdbcRepositoriesAutoConfiguration$JdbcRepositoriesConfiguration'
2025-07-04T13:04:34.416+08:00 DEBUG 21012 --- [shopping] [main] o.s.b.f.s.DefaultListableBeanFactory     : Creating shared instance of singleton bean 'data-jdbc.repository-aot-processor#0'
2025-07-04T13:04:34.416+08:00 DEBUG 21012 --- [shopping] [main] o.s.b.f.s.DefaultListableBeanFactory     : Creating shared instance of singleton bean 'org.springframework.boot.autoconfigure.data.jdbc.JdbcRepositoriesAutoConfiguration'
2025-07-04T13:04:34.416+08:00 DEBUG 21012 --- [shopping] [main] o.s.b.f.s.DefaultListableBeanFactory     : Creating shared instance of singleton bean 'org.springframework.boot.autoconfigure.data.redis.RedisReactiveAutoConfiguration'
2025-07-04T13:04:34.416+08:00 DEBUG 21012 --- [shopping] [main] o.s.b.f.s.DefaultListableBeanFactory     : Creating shared instance of singleton bean 'reactiveRedisTemplate'
2025-07-04T13:04:34.417+08:00 DEBUG 21012 --- [shopping] [main] o.s.b.f.s.DefaultListableBeanFactory     : Autowiring by type from bean name 'reactiveRedisTemplate' via factory method to bean named 'redisConnectionFactory'
2025-07-04T13:04:34.417+08:00 DEBUG 21012 --- [shopping] [main] o.s.b.f.s.DefaultListableBeanFactory     : Autowiring by type from bean name 'reactiveRedisTemplate' via factory method to bean named 'org.springframework.boot.web.servlet.context.AnnotationConfigServletWebServerApplicationContext@13f17eb4'
2025-07-04T13:04:34.436+08:00 DEBUG 21012 --- [shopping] [main] o.s.b.f.s.DefaultListableBeanFactory     : Creating shared instance of singleton bean 'reactiveStringRedisTemplate'
2025-07-04T13:04:34.436+08:00 DEBUG 21012 --- [shopping] [main] o.s.b.f.s.DefaultListableBeanFactory     : Autowiring by type from bean name 'reactiveStringRedisTemplate' via factory method to bean named 'redisConnectionFactory'
2025-07-04T13:04:34.437+08:00 DEBUG 21012 --- [shopping] [main] o.s.b.f.s.DefaultListableBeanFactory     : Creating shared instance of singleton bean 'org.springframework.boot.autoconfigure.data.redis.RedisRepositoriesAutoConfiguration'
2025-07-04T13:04:34.438+08:00 DEBUG 21012 --- [shopping] [main] o.s.b.f.s.DefaultListableBeanFactory     : Creating shared instance of singleton bean 'redisIndexConfiguration#0'
2025-07-04T13:04:34.438+08:00 DEBUG 21012 --- [shopping] [main] o.s.b.f.s.DefaultListableBeanFactory     : Creating shared instance of singleton bean 'redisKeyspaceConfiguration#0'
2025-07-04T13:04:34.438+08:00 DEBUG 21012 --- [shopping] [main] o.s.b.f.s.DefaultListableBeanFactory     : Creating shared instance of singleton bean 'redisMappingConfiguration#0'
2025-07-04T13:04:34.438+08:00 DEBUG 21012 --- [shopping] [main] o.s.b.f.s.DefaultListableBeanFactory     : Creating shared instance of singleton bean 'keyValueMappingContext'
2025-07-04T13:04:34.440+08:00 DEBUG 21012 --- [shopping] [main] o.s.b.f.s.DefaultListableBeanFactory     : Creating shared instance of singleton bean 'redisCustomConversions'
2025-07-04T13:04:34.440+08:00 DEBUG 21012 --- [shopping] [main] o.s.data.convert.CustomConversions       : Adding converter from class java.lang.String to class [B as writing converter
2025-07-04T13:04:34.440+08:00 DEBUG 21012 --- [shopping] [main] o.s.data.convert.CustomConversions       : Adding converter from class [B to class java.lang.String as reading converter
2025-07-04T13:04:34.440+08:00 DEBUG 21012 --- [shopping] [main] o.s.data.convert.CustomConversions       : Adding converter from class java.lang.Number to class [B as writing converter
2025-07-04T13:04:34.440+08:00 DEBUG 21012 --- [shopping] [main] o.s.data.convert.CustomConversions       : Adding converter from class [B to class java.lang.Number as reading converter
2025-07-04T13:04:34.440+08:00 DEBUG 21012 --- [shopping] [main] o.s.data.convert.CustomConversions       : Adding converter from class java.lang.Enum to class [B as writing converter
2025-07-04T13:04:34.440+08:00 DEBUG 21012 --- [shopping] [main] o.s.data.convert.CustomConversions       : Adding converter from class [B to class java.lang.Enum as reading converter
2025-07-04T13:04:34.440+08:00 DEBUG 21012 --- [shopping] [main] o.s.data.convert.CustomConversions       : Adding converter from class java.lang.Boolean to class [B as writing converter
2025-07-04T13:04:34.440+08:00 DEBUG 21012 --- [shopping] [main] o.s.data.convert.CustomConversions       : Adding converter from class [B to class java.lang.Boolean as reading converter
2025-07-04T13:04:34.440+08:00 DEBUG 21012 --- [shopping] [main] o.s.data.convert.CustomConversions       : Adding converter from class java.util.Date to class [B as writing converter
2025-07-04T13:04:34.440+08:00 DEBUG 21012 --- [shopping] [main] o.s.data.convert.CustomConversions       : Adding converter from class [B to class java.util.Date as reading converter
2025-07-04T13:04:34.440+08:00 DEBUG 21012 --- [shopping] [main] o.s.data.convert.CustomConversions       : Adding converter from class java.util.UUID to class [B as writing converter
2025-07-04T13:04:34.441+08:00 DEBUG 21012 --- [shopping] [main] o.s.data.convert.CustomConversions       : Adding converter from class [B to class java.util.UUID as reading converter
2025-07-04T13:04:34.441+08:00 DEBUG 21012 --- [shopping] [main] o.s.data.convert.CustomConversions       : Adding converter from class java.time.LocalDateTime to class [B as reading converter
2025-07-04T13:04:34.441+08:00 DEBUG 21012 --- [shopping] [main] o.s.data.convert.CustomConversions       : Adding converter from class [B to class java.time.LocalDateTime as reading converter
2025-07-04T13:04:34.441+08:00 DEBUG 21012 --- [shopping] [main] o.s.data.convert.CustomConversions       : Adding converter from class java.time.LocalDate to class [B as reading converter
2025-07-04T13:04:34.441+08:00 DEBUG 21012 --- [shopping] [main] o.s.data.convert.CustomConversions       : Adding converter from class [B to class java.time.LocalDate as reading converter
2025-07-04T13:04:34.441+08:00 DEBUG 21012 --- [shopping] [main] o.s.data.convert.CustomConversions       : Adding converter from class java.time.LocalTime to class [B as reading converter
2025-07-04T13:04:34.441+08:00 DEBUG 21012 --- [shopping] [main] o.s.data.convert.CustomConversions       : Adding converter from class [B to class java.time.LocalTime as reading converter
2025-07-04T13:04:34.441+08:00 DEBUG 21012 --- [shopping] [main] o.s.data.convert.CustomConversions       : Adding converter from class java.time.ZonedDateTime to class [B as reading converter
2025-07-04T13:04:34.441+08:00 DEBUG 21012 --- [shopping] [main] o.s.data.convert.CustomConversions       : Adding converter from class [B to class java.time.ZonedDateTime as reading converter
2025-07-04T13:04:34.441+08:00 DEBUG 21012 --- [shopping] [main] o.s.data.convert.CustomConversions       : Adding converter from class java.time.Instant to class [B as reading converter
2025-07-04T13:04:34.441+08:00 DEBUG 21012 --- [shopping] [main] o.s.data.convert.CustomConversions       : Adding converter from class [B to class java.time.Instant as reading converter
2025-07-04T13:04:34.441+08:00 DEBUG 21012 --- [shopping] [main] o.s.data.convert.CustomConversions       : Adding converter from class java.time.ZoneId to class [B as reading converter
2025-07-04T13:04:34.441+08:00 DEBUG 21012 --- [shopping] [main] o.s.data.convert.CustomConversions       : Adding converter from class [B to class java.time.ZoneId as reading converter
2025-07-04T13:04:34.441+08:00 DEBUG 21012 --- [shopping] [main] o.s.data.convert.CustomConversions       : Adding converter from class java.time.Period to class [B as reading converter
2025-07-04T13:04:34.441+08:00 DEBUG 21012 --- [shopping] [main] o.s.data.convert.CustomConversions       : Adding converter from class [B to class java.time.Period as reading converter
2025-07-04T13:04:34.441+08:00 DEBUG 21012 --- [shopping] [main] o.s.data.convert.CustomConversions       : Adding converter from class java.time.Duration to class [B as reading converter
2025-07-04T13:04:34.441+08:00 DEBUG 21012 --- [shopping] [main] o.s.data.convert.CustomConversions       : Adding converter from class [B to class java.time.Duration as reading converter
2025-07-04T13:04:34.441+08:00 DEBUG 21012 --- [shopping] [main] o.s.data.convert.CustomConversions       : Adding converter from class java.time.OffsetDateTime to class [B as reading converter
2025-07-04T13:04:34.441+08:00 DEBUG 21012 --- [shopping] [main] o.s.data.convert.CustomConversions       : Adding converter from class [B to class java.time.OffsetDateTime as reading converter
2025-07-04T13:04:34.441+08:00 DEBUG 21012 --- [shopping] [main] o.s.data.convert.CustomConversions       : Adding converter from class java.time.OffsetTime to class [B as reading converter
2025-07-04T13:04:34.441+08:00 DEBUG 21012 --- [shopping] [main] o.s.data.convert.CustomConversions       : Adding converter from class [B to class java.time.OffsetTime as reading converter
2025-07-04T13:04:34.441+08:00 DEBUG 21012 --- [shopping] [main] o.s.data.convert.CustomConversions       : Adding converter from class java.util.Date to class java.time.LocalDateTime as reading converter
2025-07-04T13:04:34.441+08:00 DEBUG 21012 --- [shopping] [main] o.s.data.convert.CustomConversions       : Adding converter from class java.time.LocalDateTime to class java.util.Date as writing converter
2025-07-04T13:04:34.441+08:00 DEBUG 21012 --- [shopping] [main] o.s.data.convert.CustomConversions       : Adding converter from class java.util.Date to class java.time.LocalDate as reading converter
2025-07-04T13:04:34.441+08:00 DEBUG 21012 --- [shopping] [main] o.s.data.convert.CustomConversions       : Adding converter from class java.time.LocalDate to class java.util.Date as writing converter
2025-07-04T13:04:34.441+08:00 DEBUG 21012 --- [shopping] [main] o.s.data.convert.CustomConversions       : Adding converter from class java.util.Date to class java.time.LocalTime as reading converter
2025-07-04T13:04:34.441+08:00 DEBUG 21012 --- [shopping] [main] o.s.data.convert.CustomConversions       : Adding converter from class java.time.LocalTime to class java.util.Date as writing converter
2025-07-04T13:04:34.441+08:00 DEBUG 21012 --- [shopping] [main] o.s.data.convert.CustomConversions       : Adding converter from class java.util.Date to class java.time.Instant as reading converter
2025-07-04T13:04:34.441+08:00 DEBUG 21012 --- [shopping] [main] o.s.data.convert.CustomConversions       : Adding converter from class java.time.Instant to class java.util.Date as writing converter
2025-07-04T13:04:34.441+08:00 DEBUG 21012 --- [shopping] [main] o.s.data.convert.CustomConversions       : Adding converter from class java.time.LocalDateTime to class java.time.Instant as reading converter
2025-07-04T13:04:34.441+08:00 DEBUG 21012 --- [shopping] [main] o.s.data.convert.CustomConversions       : Adding converter from class java.time.Instant to class java.time.LocalDateTime as reading converter
2025-07-04T13:04:34.441+08:00 DEBUG 21012 --- [shopping] [main] o.s.data.convert.CustomConversions       : Adding converter from class java.time.ZoneId to class java.lang.String as writing converter
2025-07-04T13:04:34.441+08:00 DEBUG 21012 --- [shopping] [main] o.s.data.convert.CustomConversions       : Adding converter from class java.lang.String to class java.time.ZoneId as reading converter
2025-07-04T13:04:34.441+08:00 DEBUG 21012 --- [shopping] [main] o.s.data.convert.CustomConversions       : Adding converter from class java.time.Duration to class java.lang.String as writing converter
2025-07-04T13:04:34.441+08:00 DEBUG 21012 --- [shopping] [main] o.s.data.convert.CustomConversions       : Adding converter from class java.lang.String to class java.time.Duration as reading converter
2025-07-04T13:04:34.441+08:00 DEBUG 21012 --- [shopping] [main] o.s.data.convert.CustomConversions       : Adding converter from class java.time.Period to class java.lang.String as writing converter
2025-07-04T13:04:34.441+08:00 DEBUG 21012 --- [shopping] [main] o.s.data.convert.CustomConversions       : Adding converter from class java.lang.String to class java.time.Period as reading converter
2025-07-04T13:04:34.441+08:00 DEBUG 21012 --- [shopping] [main] o.s.data.convert.CustomConversions       : Adding converter from class java.lang.String to class java.time.LocalDate as reading converter
2025-07-04T13:04:34.441+08:00 DEBUG 21012 --- [shopping] [main] o.s.data.convert.CustomConversions       : Adding converter from class java.lang.String to class java.time.LocalDateTime as reading converter
2025-07-04T13:04:34.441+08:00 DEBUG 21012 --- [shopping] [main] o.s.data.convert.CustomConversions       : Adding converter from class java.lang.String to class java.time.Instant as reading converter
2025-07-04T13:04:34.441+08:00 DEBUG 21012 --- [shopping] [main] o.s.b.f.s.DefaultListableBeanFactory     : Creating shared instance of singleton bean 'redisReferenceResolver'
2025-07-04T13:04:34.442+08:00 DEBUG 21012 --- [shopping] [main] o.s.b.f.s.DefaultListableBeanFactory     : Creating shared instance of singleton bean 'redisConverter'
2025-07-04T13:04:34.442+08:00 DEBUG 21012 --- [shopping] [main] o.s.data.convert.CustomConversions       : Adding converter from class java.lang.String to class [B as writing converter
2025-07-04T13:04:34.442+08:00 DEBUG 21012 --- [shopping] [main] o.s.data.convert.CustomConversions       : Adding converter from class [B to class java.lang.String as reading converter
2025-07-04T13:04:34.442+08:00 DEBUG 21012 --- [shopping] [main] o.s.data.convert.CustomConversions       : Adding converter from class java.lang.Number to class [B as writing converter
2025-07-04T13:04:34.442+08:00 DEBUG 21012 --- [shopping] [main] o.s.data.convert.CustomConversions       : Adding converter from class [B to class java.lang.Number as reading converter
2025-07-04T13:04:34.442+08:00 DEBUG 21012 --- [shopping] [main] o.s.data.convert.CustomConversions       : Adding converter from class java.lang.Enum to class [B as writing converter
2025-07-04T13:04:34.442+08:00 DEBUG 21012 --- [shopping] [main] o.s.data.convert.CustomConversions       : Adding converter from class [B to class java.lang.Enum as reading converter
2025-07-04T13:04:34.442+08:00 DEBUG 21012 --- [shopping] [main] o.s.data.convert.CustomConversions       : Adding converter from class java.lang.Boolean to class [B as writing converter
2025-07-04T13:04:34.442+08:00 DEBUG 21012 --- [shopping] [main] o.s.data.convert.CustomConversions       : Adding converter from class [B to class java.lang.Boolean as reading converter
2025-07-04T13:04:34.442+08:00 DEBUG 21012 --- [shopping] [main] o.s.data.convert.CustomConversions       : Adding converter from class java.util.Date to class [B as writing converter
2025-07-04T13:04:34.442+08:00 DEBUG 21012 --- [shopping] [main] o.s.data.convert.CustomConversions       : Adding converter from class [B to class java.util.Date as reading converter
2025-07-04T13:04:34.442+08:00 DEBUG 21012 --- [shopping] [main] o.s.data.convert.CustomConversions       : Adding converter from class java.util.UUID to class [B as writing converter
2025-07-04T13:04:34.442+08:00 DEBUG 21012 --- [shopping] [main] o.s.data.convert.CustomConversions       : Adding converter from class [B to class java.util.UUID as reading converter
2025-07-04T13:04:34.442+08:00 DEBUG 21012 --- [shopping] [main] o.s.data.convert.CustomConversions       : Adding converter from class java.time.LocalDateTime to class [B as reading converter
2025-07-04T13:04:34.442+08:00 DEBUG 21012 --- [shopping] [main] o.s.data.convert.CustomConversions       : Adding converter from class [B to class java.time.LocalDateTime as reading converter
2025-07-04T13:04:34.442+08:00 DEBUG 21012 --- [shopping] [main] o.s.data.convert.CustomConversions       : Adding converter from class java.time.LocalDate to class [B as reading converter
2025-07-04T13:04:34.442+08:00 DEBUG 21012 --- [shopping] [main] o.s.data.convert.CustomConversions       : Adding converter from class [B to class java.time.LocalDate as reading converter
2025-07-04T13:04:34.442+08:00 DEBUG 21012 --- [shopping] [main] o.s.data.convert.CustomConversions       : Adding converter from class java.time.LocalTime to class [B as reading converter
2025-07-04T13:04:34.442+08:00 DEBUG 21012 --- [shopping] [main] o.s.data.convert.CustomConversions       : Adding converter from class [B to class java.time.LocalTime as reading converter
2025-07-04T13:04:34.442+08:00 DEBUG 21012 --- [shopping] [main] o.s.data.convert.CustomConversions       : Adding converter from class java.time.ZonedDateTime to class [B as reading converter
2025-07-04T13:04:34.442+08:00 DEBUG 21012 --- [shopping] [main] o.s.data.convert.CustomConversions       : Adding converter from class [B to class java.time.ZonedDateTime as reading converter
2025-07-04T13:04:34.442+08:00 DEBUG 21012 --- [shopping] [main] o.s.data.convert.CustomConversions       : Adding converter from class java.time.Instant to class [B as reading converter
2025-07-04T13:04:34.442+08:00 DEBUG 21012 --- [shopping] [main] o.s.data.convert.CustomConversions       : Adding converter from class [B to class java.time.Instant as reading converter
2025-07-04T13:04:34.442+08:00 DEBUG 21012 --- [shopping] [main] o.s.data.convert.CustomConversions       : Adding converter from class java.time.ZoneId to class [B as reading converter
2025-07-04T13:04:34.442+08:00 DEBUG 21012 --- [shopping] [main] o.s.data.convert.CustomConversions       : Adding converter from class [B to class java.time.ZoneId as reading converter
2025-07-04T13:04:34.442+08:00 DEBUG 21012 --- [shopping] [main] o.s.data.convert.CustomConversions       : Adding converter from class java.time.Period to class [B as reading converter
2025-07-04T13:04:34.442+08:00 DEBUG 21012 --- [shopping] [main] o.s.data.convert.CustomConversions       : Adding converter from class [B to class java.time.Period as reading converter
2025-07-04T13:04:34.442+08:00 DEBUG 21012 --- [shopping] [main] o.s.data.convert.CustomConversions       : Adding converter from class java.time.Duration to class [B as reading converter
2025-07-04T13:04:34.442+08:00 DEBUG 21012 --- [shopping] [main] o.s.data.convert.CustomConversions       : Adding converter from class [B to class java.time.Duration as reading converter
2025-07-04T13:04:34.443+08:00 DEBUG 21012 --- [shopping] [main] o.s.data.convert.CustomConversions       : Adding converter from class java.time.OffsetDateTime to class [B as reading converter
2025-07-04T13:04:34.443+08:00 DEBUG 21012 --- [shopping] [main] o.s.data.convert.CustomConversions       : Adding converter from class [B to class java.time.OffsetDateTime as reading converter
2025-07-04T13:04:34.443+08:00 DEBUG 21012 --- [shopping] [main] o.s.data.convert.CustomConversions       : Adding converter from class java.time.OffsetTime to class [B as reading converter
2025-07-04T13:04:34.443+08:00 DEBUG 21012 --- [shopping] [main] o.s.data.convert.CustomConversions       : Adding converter from class [B to class java.time.OffsetTime as reading converter
2025-07-04T13:04:34.443+08:00 DEBUG 21012 --- [shopping] [main] o.s.data.convert.CustomConversions       : Adding converter from class java.util.Date to class java.time.LocalDateTime as reading converter
2025-07-04T13:04:34.443+08:00 DEBUG 21012 --- [shopping] [main] o.s.data.convert.CustomConversions       : Adding converter from class java.time.LocalDateTime to class java.util.Date as writing converter
2025-07-04T13:04:34.443+08:00 DEBUG 21012 --- [shopping] [main] o.s.data.convert.CustomConversions       : Adding converter from class java.util.Date to class java.time.LocalDate as reading converter
2025-07-04T13:04:34.443+08:00 DEBUG 21012 --- [shopping] [main] o.s.data.convert.CustomConversions       : Adding converter from class java.time.LocalDate to class java.util.Date as writing converter
2025-07-04T13:04:34.443+08:00 DEBUG 21012 --- [shopping] [main] o.s.data.convert.CustomConversions       : Adding converter from class java.util.Date to class java.time.LocalTime as reading converter
2025-07-04T13:04:34.443+08:00 DEBUG 21012 --- [shopping] [main] o.s.data.convert.CustomConversions       : Adding converter from class java.time.LocalTime to class java.util.Date as writing converter
2025-07-04T13:04:34.443+08:00 DEBUG 21012 --- [shopping] [main] o.s.data.convert.CustomConversions       : Adding converter from class java.util.Date to class java.time.Instant as reading converter
2025-07-04T13:04:34.443+08:00 DEBUG 21012 --- [shopping] [main] o.s.data.convert.CustomConversions       : Adding converter from class java.time.Instant to class java.util.Date as writing converter
2025-07-04T13:04:34.443+08:00 DEBUG 21012 --- [shopping] [main] o.s.data.convert.CustomConversions       : Adding converter from class java.time.LocalDateTime to class java.time.Instant as reading converter
2025-07-04T13:04:34.443+08:00 DEBUG 21012 --- [shopping] [main] o.s.data.convert.CustomConversions       : Adding converter from class java.time.Instant to class java.time.LocalDateTime as reading converter
2025-07-04T13:04:34.443+08:00 DEBUG 21012 --- [shopping] [main] o.s.data.convert.CustomConversions       : Adding converter from class java.time.ZoneId to class java.lang.String as writing converter
2025-07-04T13:04:34.443+08:00 DEBUG 21012 --- [shopping] [main] o.s.data.convert.CustomConversions       : Adding converter from class java.lang.String to class java.time.ZoneId as reading converter
2025-07-04T13:04:34.443+08:00 DEBUG 21012 --- [shopping] [main] o.s.data.convert.CustomConversions       : Adding converter from class java.time.Duration to class java.lang.String as writing converter
2025-07-04T13:04:34.443+08:00 DEBUG 21012 --- [shopping] [main] o.s.data.convert.CustomConversions       : Adding converter from class java.lang.String to class java.time.Duration as reading converter
2025-07-04T13:04:34.443+08:00 DEBUG 21012 --- [shopping] [main] o.s.data.convert.CustomConversions       : Adding converter from class java.time.Period to class java.lang.String as writing converter
2025-07-04T13:04:34.443+08:00 DEBUG 21012 --- [shopping] [main] o.s.data.convert.CustomConversions       : Adding converter from class java.lang.String to class java.time.Period as reading converter
2025-07-04T13:04:34.443+08:00 DEBUG 21012 --- [shopping] [main] o.s.data.convert.CustomConversions       : Adding converter from class java.lang.String to class java.time.LocalDate as reading converter
2025-07-04T13:04:34.443+08:00 DEBUG 21012 --- [shopping] [main] o.s.data.convert.CustomConversions       : Adding converter from class java.lang.String to class java.time.LocalDateTime as reading converter
2025-07-04T13:04:34.443+08:00 DEBUG 21012 --- [shopping] [main] o.s.data.convert.CustomConversions       : Adding converter from class java.lang.String to class java.time.Instant as reading converter
2025-07-04T13:04:34.443+08:00 DEBUG 21012 --- [shopping] [main] o.s.data.convert.CustomConversions       : Adding converter from class java.lang.String to class [B as writing converter
2025-07-04T13:04:34.443+08:00 DEBUG 21012 --- [shopping] [main] o.s.data.convert.CustomConversions       : Adding converter from class [B to class java.lang.String as reading converter
2025-07-04T13:04:34.443+08:00 DEBUG 21012 --- [shopping] [main] o.s.data.convert.CustomConversions       : Adding converter from class java.lang.Number to class [B as writing converter
2025-07-04T13:04:34.443+08:00 DEBUG 21012 --- [shopping] [main] o.s.data.convert.CustomConversions       : Adding converter from class [B to class java.lang.Number as reading converter
2025-07-04T13:04:34.443+08:00 DEBUG 21012 --- [shopping] [main] o.s.data.convert.CustomConversions       : Adding converter from class java.lang.Enum to class [B as writing converter
2025-07-04T13:04:34.443+08:00 DEBUG 21012 --- [shopping] [main] o.s.data.convert.CustomConversions       : Adding converter from class [B to class java.lang.Enum as reading converter
2025-07-04T13:04:34.443+08:00 DEBUG 21012 --- [shopping] [main] o.s.data.convert.CustomConversions       : Adding converter from class java.lang.Boolean to class [B as writing converter
2025-07-04T13:04:34.443+08:00 DEBUG 21012 --- [shopping] [main] o.s.data.convert.CustomConversions       : Adding converter from class [B to class java.lang.Boolean as reading converter
2025-07-04T13:04:34.443+08:00 DEBUG 21012 --- [shopping] [main] o.s.data.convert.CustomConversions       : Adding converter from class java.util.Date to class [B as writing converter
2025-07-04T13:04:34.443+08:00 DEBUG 21012 --- [shopping] [main] o.s.data.convert.CustomConversions       : Adding converter from class [B to class java.util.Date as reading converter
2025-07-04T13:04:34.443+08:00 DEBUG 21012 --- [shopping] [main] o.s.data.convert.CustomConversions       : Adding converter from class java.util.UUID to class [B as writing converter
2025-07-04T13:04:34.443+08:00 DEBUG 21012 --- [shopping] [main] o.s.data.convert.CustomConversions       : Adding converter from class [B to class java.util.UUID as reading converter
2025-07-04T13:04:34.443+08:00 DEBUG 21012 --- [shopping] [main] o.s.data.convert.CustomConversions       : Adding converter from class java.time.LocalDateTime to class [B as reading converter
2025-07-04T13:04:34.443+08:00 DEBUG 21012 --- [shopping] [main] o.s.data.convert.CustomConversions       : Adding converter from class [B to class java.time.LocalDateTime as reading converter
2025-07-04T13:04:34.443+08:00 DEBUG 21012 --- [shopping] [main] o.s.data.convert.CustomConversions       : Adding converter from class java.time.LocalDate to class [B as reading converter
2025-07-04T13:04:34.443+08:00 DEBUG 21012 --- [shopping] [main] o.s.data.convert.CustomConversions       : Adding converter from class [B to class java.time.LocalDate as reading converter
2025-07-04T13:04:34.443+08:00 DEBUG 21012 --- [shopping] [main] o.s.data.convert.CustomConversions       : Adding converter from class java.time.LocalTime to class [B as reading converter
2025-07-04T13:04:34.443+08:00 DEBUG 21012 --- [shopping] [main] o.s.data.convert.CustomConversions       : Adding converter from class [B to class java.time.LocalTime as reading converter
2025-07-04T13:04:34.443+08:00 DEBUG 21012 --- [shopping] [main] o.s.data.convert.CustomConversions       : Adding converter from class java.time.ZonedDateTime to class [B as reading converter
2025-07-04T13:04:34.443+08:00 DEBUG 21012 --- [shopping] [main] o.s.data.convert.CustomConversions       : Adding converter from class [B to class java.time.ZonedDateTime as reading converter
2025-07-04T13:04:34.443+08:00 DEBUG 21012 --- [shopping] [main] o.s.data.convert.CustomConversions       : Adding converter from class java.time.Instant to class [B as reading converter
2025-07-04T13:04:34.443+08:00 DEBUG 21012 --- [shopping] [main] o.s.data.convert.CustomConversions       : Adding converter from class [B to class java.time.Instant as reading converter
2025-07-04T13:04:34.443+08:00 DEBUG 21012 --- [shopping] [main] o.s.data.convert.CustomConversions       : Adding converter from class java.time.ZoneId to class [B as reading converter
2025-07-04T13:04:34.443+08:00 DEBUG 21012 --- [shopping] [main] o.s.data.convert.CustomConversions       : Adding converter from class [B to class java.time.ZoneId as reading converter
2025-07-04T13:04:34.443+08:00 DEBUG 21012 --- [shopping] [main] o.s.data.convert.CustomConversions       : Adding converter from class java.time.Period to class [B as reading converter
2025-07-04T13:04:34.444+08:00 DEBUG 21012 --- [shopping] [main] o.s.data.convert.CustomConversions       : Adding converter from class [B to class java.time.Period as reading converter
2025-07-04T13:04:34.444+08:00 DEBUG 21012 --- [shopping] [main] o.s.data.convert.CustomConversions       : Adding converter from class java.time.Duration to class [B as reading converter
2025-07-04T13:04:34.444+08:00 DEBUG 21012 --- [shopping] [main] o.s.data.convert.CustomConversions       : Adding converter from class [B to class java.time.Duration as reading converter
2025-07-04T13:04:34.444+08:00 DEBUG 21012 --- [shopping] [main] o.s.data.convert.CustomConversions       : Adding converter from class java.time.OffsetDateTime to class [B as reading converter
2025-07-04T13:04:34.444+08:00 DEBUG 21012 --- [shopping] [main] o.s.data.convert.CustomConversions       : Adding converter from class [B to class java.time.OffsetDateTime as reading converter
2025-07-04T13:04:34.444+08:00 DEBUG 21012 --- [shopping] [main] o.s.data.convert.CustomConversions       : Adding converter from class java.time.OffsetTime to class [B as reading converter
2025-07-04T13:04:34.444+08:00 DEBUG 21012 --- [shopping] [main] o.s.data.convert.CustomConversions       : Adding converter from class [B to class java.time.OffsetTime as reading converter
2025-07-04T13:04:34.444+08:00 DEBUG 21012 --- [shopping] [main] o.s.data.convert.CustomConversions       : Adding converter from class java.util.Date to class java.time.LocalDateTime as reading converter
2025-07-04T13:04:34.444+08:00 DEBUG 21012 --- [shopping] [main] o.s.data.convert.CustomConversions       : Adding converter from class java.time.LocalDateTime to class java.util.Date as writing converter
2025-07-04T13:04:34.444+08:00 DEBUG 21012 --- [shopping] [main] o.s.data.convert.CustomConversions       : Adding converter from class java.util.Date to class java.time.LocalDate as reading converter
2025-07-04T13:04:34.444+08:00 DEBUG 21012 --- [shopping] [main] o.s.data.convert.CustomConversions       : Adding converter from class java.time.LocalDate to class java.util.Date as writing converter
2025-07-04T13:04:34.444+08:00 DEBUG 21012 --- [shopping] [main] o.s.data.convert.CustomConversions       : Adding converter from class java.util.Date to class java.time.LocalTime as reading converter
2025-07-04T13:04:34.444+08:00 DEBUG 21012 --- [shopping] [main] o.s.data.convert.CustomConversions       : Adding converter from class java.time.LocalTime to class java.util.Date as writing converter
2025-07-04T13:04:34.444+08:00 DEBUG 21012 --- [shopping] [main] o.s.data.convert.CustomConversions       : Adding converter from class java.util.Date to class java.time.Instant as reading converter
2025-07-04T13:04:34.444+08:00 DEBUG 21012 --- [shopping] [main] o.s.data.convert.CustomConversions       : Adding converter from class java.time.Instant to class java.util.Date as writing converter
2025-07-04T13:04:34.444+08:00 DEBUG 21012 --- [shopping] [main] o.s.data.convert.CustomConversions       : Adding converter from class java.time.LocalDateTime to class java.time.Instant as reading converter
2025-07-04T13:04:34.444+08:00 DEBUG 21012 --- [shopping] [main] o.s.data.convert.CustomConversions       : Adding converter from class java.time.Instant to class java.time.LocalDateTime as reading converter
2025-07-04T13:04:34.444+08:00 DEBUG 21012 --- [shopping] [main] o.s.data.convert.CustomConversions       : Adding converter from class java.time.ZoneId to class java.lang.String as writing converter
2025-07-04T13:04:34.444+08:00 DEBUG 21012 --- [shopping] [main] o.s.data.convert.CustomConversions       : Adding converter from class java.lang.String to class java.time.ZoneId as reading converter
2025-07-04T13:04:34.444+08:00 DEBUG 21012 --- [shopping] [main] o.s.data.convert.CustomConversions       : Adding converter from class java.time.Duration to class java.lang.String as writing converter
2025-07-04T13:04:34.444+08:00 DEBUG 21012 --- [shopping] [main] o.s.data.convert.CustomConversions       : Adding converter from class java.lang.String to class java.time.Duration as reading converter
2025-07-04T13:04:34.444+08:00 DEBUG 21012 --- [shopping] [main] o.s.data.convert.CustomConversions       : Adding converter from class java.time.Period to class java.lang.String as writing converter
2025-07-04T13:04:34.444+08:00 DEBUG 21012 --- [shopping] [main] o.s.data.convert.CustomConversions       : Adding converter from class java.lang.String to class java.time.Period as reading converter
2025-07-04T13:04:34.444+08:00 DEBUG 21012 --- [shopping] [main] o.s.data.convert.CustomConversions       : Adding converter from class java.lang.String to class java.time.LocalDate as reading converter
2025-07-04T13:04:34.444+08:00 DEBUG 21012 --- [shopping] [main] o.s.data.convert.CustomConversions       : Adding converter from class java.lang.String to class java.time.LocalDateTime as reading converter
2025-07-04T13:04:34.444+08:00 DEBUG 21012 --- [shopping] [main] o.s.data.convert.CustomConversions       : Adding converter from class java.lang.String to class java.time.Instant as reading converter
2025-07-04T13:04:34.447+08:00 DEBUG 21012 --- [shopping] [main] o.s.b.f.s.DefaultListableBeanFactory     : Creating shared instance of singleton bean 'redisKeyValueAdapter'
2025-07-04T13:04:34.455+08:00 DEBUG 21012 --- [shopping] [main] o.s.b.f.s.DefaultListableBeanFactory     : Creating shared instance of singleton bean 'redisKeyValueTemplate'
2025-07-04T13:04:34.456+08:00 DEBUG 21012 --- [shopping] [main] o.s.b.f.s.DefaultListableBeanFactory     : Creating shared instance of singleton bean 'data-redis.repository-aot-processor#0'
2025-07-04T13:04:34.457+08:00 DEBUG 21012 --- [shopping] [main] o.s.b.f.s.DefaultListableBeanFactory     : Creating shared instance of singleton bean 'org.springframework.data.web.config.ProjectingArgumentResolverRegistrar'
2025-07-04T13:04:34.457+08:00 DEBUG 21012 --- [shopping] [main] o.s.b.f.s.DefaultListableBeanFactory     : Creating shared instance of singleton bean 'offsetResolver'
2025-07-04T13:04:34.458+08:00 DEBUG 21012 --- [shopping] [main] o.s.b.f.s.DefaultListableBeanFactory     : Creating shared instance of singleton bean 'org.springframework.boot.autoconfigure.info.ProjectInfoAutoConfiguration'
2025-07-04T13:04:34.460+08:00 DEBUG 21012 --- [shopping] [main] o.s.b.f.s.DefaultListableBeanFactory     : Creating shared instance of singleton bean 'spring.info-org.springframework.boot.autoconfigure.info.ProjectInfoProperties'
2025-07-04T13:04:34.460+08:00 DEBUG 21012 --- [shopping] [main] o.s.b.f.s.DefaultListableBeanFactory     : Autowiring by type from bean name 'org.springframework.boot.autoconfigure.info.ProjectInfoAutoConfiguration' via constructor to bean named 'spring.info-org.springframework.boot.autoconfigure.info.ProjectInfoProperties'
2025-07-04T13:04:34.460+08:00 DEBUG 21012 --- [shopping] [main] o.s.b.f.s.DefaultListableBeanFactory     : Creating shared instance of singleton bean 'org.springframework.boot.autoconfigure.jdbc.JdbcClientAutoConfiguration'
2025-07-04T13:04:34.461+08:00 DEBUG 21012 --- [shopping] [main] o.s.b.f.s.DefaultListableBeanFactory     : Creating shared instance of singleton bean 'jdbcClient'
2025-07-04T13:04:34.461+08:00 DEBUG 21012 --- [shopping] [main] o.s.b.f.s.DefaultListableBeanFactory     : Autowiring by type from bean name 'jdbcClient' via factory method to bean named 'namedParameterJdbcTemplate'
2025-07-04T13:04:34.462+08:00 DEBUG 21012 --- [shopping] [main] o.s.b.f.s.DefaultListableBeanFactory     : Creating shared instance of singleton bean 'org.springframework.boot.autoconfigure.mail.MailSenderAutoConfiguration'
2025-07-04T13:04:34.462+08:00 DEBUG 21012 --- [shopping] [main] o.s.b.f.s.DefaultListableBeanFactory     : Creating shared instance of singleton bean 'org.springframework.boot.autoconfigure.netty.NettyAutoConfiguration'
2025-07-04T13:04:34.462+08:00 DEBUG 21012 --- [shopping] [main] o.s.b.f.s.DefaultListableBeanFactory     : Creating shared instance of singleton bean 'spring.netty-org.springframework.boot.autoconfigure.netty.NettyProperties'
2025-07-04T13:04:34.463+08:00 DEBUG 21012 --- [shopping] [main] o.s.b.f.s.DefaultListableBeanFactory     : Autowiring by type from bean name 'org.springframework.boot.autoconfigure.netty.NettyAutoConfiguration' via constructor to bean named 'spring.netty-org.springframework.boot.autoconfigure.netty.NettyProperties'
2025-07-04T13:04:34.463+08:00 DEBUG 21012 --- [shopping] [main] o.s.b.f.s.DefaultListableBeanFactory     : Creating shared instance of singleton bean 'org.springframework.boot.autoconfigure.reactor.ReactorAutoConfiguration'
2025-07-04T13:04:34.463+08:00 DEBUG 21012 --- [shopping] [main] o.s.b.f.s.DefaultListableBeanFactory     : Creating shared instance of singleton bean 'spring.reactor-org.springframework.boot.autoconfigure.reactor.ReactorProperties'
2025-07-04T13:04:34.464+08:00 DEBUG 21012 --- [shopping] [main] o.s.b.f.s.DefaultListableBeanFactory     : Autowiring by type from bean name 'org.springframework.boot.autoconfigure.reactor.ReactorAutoConfiguration' via constructor to bean named 'spring.reactor-org.springframework.boot.autoconfigure.reactor.ReactorProperties'
2025-07-04T13:04:34.464+08:00 DEBUG 21012 --- [shopping] [main] o.s.b.f.s.DefaultListableBeanFactory     : Creating shared instance of singleton bean 'org.springframework.boot.autoconfigure.security.reactive.ReactiveSecurityAutoConfiguration'
2025-07-04T13:04:34.464+08:00 DEBUG 21012 --- [shopping] [main] o.s.b.f.s.DefaultListableBeanFactory     : Creating shared instance of singleton bean 'org.springframework.security.config.annotation.web.configuration.WebSecurityConfiguration'
2025-07-04T13:04:34.471+08:00 DEBUG 21012 --- [shopping] [main] o.s.b.f.s.DefaultListableBeanFactory     : Creating shared instance of singleton bean 'filterChainDecoratorPostProcessor'
2025-07-04T13:04:34.472+08:00 DEBUG 21012 --- [shopping] [main] o.s.b.f.s.DefaultListableBeanFactory     : Creating shared instance of singleton bean 'mvcHandlerMappingIntrospectorRequestTransformer'
2025-07-04T13:04:34.474+08:00 DEBUG 21012 --- [shopping] [main] o.s.b.f.s.DefaultListableBeanFactory     : Creating shared instance of singleton bean 'delegatingApplicationListener'
2025-07-04T13:04:34.475+08:00 DEBUG 21012 --- [shopping] [main] o.s.b.f.s.DefaultListableBeanFactory     : Creating shared instance of singleton bean 'springSecurityFilterChain'
2025-07-04T13:04:34.482+08:00 DEBUG 21012 --- [shopping] [main] o.s.b.f.s.DefaultListableBeanFactory     : Creating shared instance of singleton bean 'webSecurityExpressionHandler'
2025-07-04T13:04:34.483+08:00 DEBUG 21012 --- [shopping] [main] o.s.b.f.s.DefaultListableBeanFactory     : Creating shared instance of singleton bean 'privilegeEvaluator'
2025-07-04T13:04:34.483+08:00 DEBUG 21012 --- [shopping] [main] o.s.b.f.s.DefaultListableBeanFactory     : Creating shared instance of singleton bean 'requestDataValueProcessor'
2025-07-04T13:04:34.484+08:00 DEBUG 21012 --- [shopping] [main] o.s.b.f.s.DefaultListableBeanFactory     : Creating shared instance of singleton bean 'org.springframework.security.config.annotation.web.configuration.ObservationConfiguration'
2025-07-04T13:04:34.484+08:00 DEBUG 21012 --- [shopping] [main] o.s.b.f.s.DefaultListableBeanFactory     : Creating shared instance of singleton bean 'org.springframework.boot.autoconfigure.security.servlet.SpringBootWebSecurityConfiguration'
2025-07-04T13:04:34.484+08:00 DEBUG 21012 --- [shopping] [main] o.s.b.f.s.DefaultListableBeanFactory     : Creating shared instance of singleton bean 'org.springframework.boot.autoconfigure.sql.init.SqlInitializationAutoConfiguration'
2025-07-04T13:04:34.484+08:00 DEBUG 21012 --- [shopping] [main] o.s.b.f.s.DefaultListableBeanFactory     : Creating shared instance of singleton bean 'org.springframework.boot.autoconfigure.task.TaskSchedulingConfigurations$ThreadPoolTaskSchedulerBuilderConfiguration'
2025-07-04T13:04:34.484+08:00 DEBUG 21012 --- [shopping] [main] o.s.b.f.s.DefaultListableBeanFactory     : Creating shared instance of singleton bean 'threadPoolTaskSchedulerBuilder'
2025-07-04T13:04:34.485+08:00 DEBUG 21012 --- [shopping] [main] o.s.b.f.s.DefaultListableBeanFactory     : Creating shared instance of singleton bean 'spring.task.scheduling-org.springframework.boot.autoconfigure.task.TaskSchedulingProperties'
2025-07-04T13:04:34.486+08:00 DEBUG 21012 --- [shopping] [main] o.s.b.f.s.DefaultListableBeanFactory     : Autowiring by type from bean name 'threadPoolTaskSchedulerBuilder' via factory method to bean named 'spring.task.scheduling-org.springframework.boot.autoconfigure.task.TaskSchedulingProperties'
2025-07-04T13:04:34.487+08:00 DEBUG 21012 --- [shopping] [main] o.s.b.f.s.DefaultListableBeanFactory     : Creating shared instance of singleton bean 'org.springframework.boot.autoconfigure.task.TaskSchedulingConfigurations$SimpleAsyncTaskSchedulerBuilderConfiguration'
2025-07-04T13:04:34.487+08:00 DEBUG 21012 --- [shopping] [main] o.s.b.f.s.DefaultListableBeanFactory     : Autowiring by type from bean name 'org.springframework.boot.autoconfigure.task.TaskSchedulingConfigurations$SimpleAsyncTaskSchedulerBuilderConfiguration' via constructor to bean named 'spring.task.scheduling-org.springframework.boot.autoconfigure.task.TaskSchedulingProperties'
2025-07-04T13:04:34.488+08:00 DEBUG 21012 --- [shopping] [main] o.s.b.f.s.DefaultListableBeanFactory     : Creating shared instance of singleton bean 'simpleAsyncTaskSchedulerBuilder'
2025-07-04T13:04:34.489+08:00 DEBUG 21012 --- [shopping] [main] o.s.b.f.s.DefaultListableBeanFactory     : Creating shared instance of singleton bean 'org.springframework.boot.autoconfigure.task.TaskSchedulingAutoConfiguration'
2025-07-04T13:04:34.490+08:00 DEBUG 21012 --- [shopping] [main] o.s.b.f.s.DefaultListableBeanFactory     : Creating shared instance of singleton bean 'org.springframework.boot.autoconfigure.transaction.TransactionAutoConfiguration$EnableTransactionManagementConfiguration$CglibAutoProxyConfiguration'
2025-07-04T13:04:34.490+08:00 DEBUG 21012 --- [shopping] [main] o.s.b.f.s.DefaultListableBeanFactory     : Creating shared instance of singleton bean 'org.springframework.boot.autoconfigure.transaction.TransactionAutoConfiguration$EnableTransactionManagementConfiguration'
2025-07-04T13:04:34.490+08:00 DEBUG 21012 --- [shopping] [main] o.s.b.f.s.DefaultListableBeanFactory     : Creating shared instance of singleton bean 'org.springframework.boot.autoconfigure.transaction.TransactionAutoConfiguration$TransactionTemplateConfiguration'
2025-07-04T13:04:34.490+08:00 DEBUG 21012 --- [shopping] [main] o.s.b.f.s.DefaultListableBeanFactory     : Creating shared instance of singleton bean 'transactionTemplate'
2025-07-04T13:04:34.490+08:00 DEBUG 21012 --- [shopping] [main] o.s.b.f.s.DefaultListableBeanFactory     : Autowiring by type from bean name 'transactionTemplate' via factory method to bean named 'transactionManager'
2025-07-04T13:04:34.491+08:00 DEBUG 21012 --- [shopping] [main] o.s.b.f.s.DefaultListableBeanFactory     : Creating shared instance of singleton bean 'org.springframework.boot.autoconfigure.transaction.TransactionAutoConfiguration'
2025-07-04T13:04:34.492+08:00 DEBUG 21012 --- [shopping] [main] o.s.b.f.s.DefaultListableBeanFactory     : Creating shared instance of singleton bean 'org.springframework.boot.autoconfigure.web.client.RestTemplateAutoConfiguration'
2025-07-04T13:04:34.492+08:00 DEBUG 21012 --- [shopping] [main] o.s.b.f.s.DefaultListableBeanFactory     : Creating shared instance of singleton bean 'org.springframework.boot.autoconfigure.web.embedded.EmbeddedWebServerFactoryCustomizerAutoConfiguration'
2025-07-04T13:04:34.492+08:00 DEBUG 21012 --- [shopping] [main] o.s.b.f.s.DefaultListableBeanFactory     : Creating shared instance of singleton bean 'multipartResolver'
2025-07-04T13:04:34.493+08:00 DEBUG 21012 --- [shopping] [main] o.s.b.f.s.DefaultListableBeanFactory     : Creating shared instance of singleton bean 'org.springframework.cloud.function.cloudevent.CloudEventsFunctionExtensionConfiguration'
2025-07-04T13:04:34.493+08:00 DEBUG 21012 --- [shopping] [main] o.s.b.f.s.DefaultListableBeanFactory     : Creating shared instance of singleton bean 'nativeFunctionInvocationHelper'
2025-07-04T13:04:34.494+08:00 DEBUG 21012 --- [shopping] [main] o.s.b.f.s.DefaultListableBeanFactory     : Creating shared instance of singleton bean 'org.springframework.cloud.function.context.config.ContextFunctionCatalogAutoConfiguration$JsonMapperConfiguration'
2025-07-04T13:04:34.494+08:00 DEBUG 21012 --- [shopping] [main] o.s.b.f.s.DefaultListableBeanFactory     : Creating shared instance of singleton bean 'jsonMapper'
2025-07-04T13:04:34.494+08:00 DEBUG 21012 --- [shopping] [main] o.s.b.f.s.DefaultListableBeanFactory     : Autowiring by type from bean name 'jsonMapper' via factory method to bean named 'org.springframework.boot.web.servlet.context.AnnotationConfigServletWebServerApplicationContext@13f17eb4'
2025-07-04T13:04:34.495+08:00 DEBUG 21012 --- [shopping] [main] o.s.b.f.s.DefaultListableBeanFactory     : Creating shared instance of singleton bean 'org.springframework.cloud.function.context.config.ContextFunctionCatalogAutoConfiguration$PlainFunctionScanConfiguration'
2025-07-04T13:04:34.495+08:00 DEBUG 21012 --- [shopping] [main] o.s.b.f.s.DefaultListableBeanFactory     : Creating shared instance of singleton bean 'org.springframework.cloud.function.context.config.ContextFunctionCatalogAutoConfiguration'
2025-07-04T13:04:34.495+08:00 DEBUG 21012 --- [shopping] [main] o.s.b.f.s.DefaultListableBeanFactory     : Creating shared instance of singleton bean 'functionCatalog'
2025-07-04T13:04:34.496+08:00 DEBUG 21012 --- [shopping] [main] o.s.b.f.s.DefaultListableBeanFactory     : Autowiring by type from bean name 'functionCatalog' via factory method to bean named 'jsonMapper'
2025-07-04T13:04:34.496+08:00 DEBUG 21012 --- [shopping] [main] o.s.b.f.s.DefaultListableBeanFactory     : Autowiring by type from bean name 'functionCatalog' via factory method to bean named 'org.springframework.boot.web.servlet.context.AnnotationConfigServletWebServerApplicationContext@13f17eb4'
2025-07-04T13:04:34.496+08:00 DEBUG 21012 --- [shopping] [main] o.s.b.f.s.DefaultListableBeanFactory     : Autowiring by type from bean name 'functionCatalog' via factory method to bean named 'nativeFunctionInvocationHelper'
2025-07-04T13:04:34.502+08:00 DEBUG 21012 --- [shopping] [main] o.s.b.f.s.DefaultListableBeanFactory     : Creating shared instance of singleton bean 'spring.cloud.function-org.springframework.cloud.function.context.FunctionProperties'
2025-07-04T13:04:34.508+08:00 DEBUG 21012 --- [shopping] [main] o.s.b.f.s.DefaultListableBeanFactory     : Creating shared instance of singleton bean 'functionRouter'
2025-07-04T13:04:34.508+08:00 DEBUG 21012 --- [shopping] [main] o.s.b.f.s.DefaultListableBeanFactory     : Autowiring by type from bean name 'functionRouter' via factory method to bean named 'functionCatalog'
2025-07-04T13:04:34.508+08:00 DEBUG 21012 --- [shopping] [main] o.s.b.f.s.DefaultListableBeanFactory     : Autowiring by type from bean name 'functionRouter' via factory method to bean named 'spring.cloud.function-org.springframework.cloud.function.context.FunctionProperties'
2025-07-04T13:04:34.508+08:00 DEBUG 21012 --- [shopping] [main] o.s.b.f.s.DefaultListableBeanFactory     : Autowiring by type from bean name 'functionRouter' via factory method to bean named 'org.springframework.beans.factory.support.DefaultListableBeanFactory@7bb3a9fe'
2025-07-04T13:04:34.516+08:00 DEBUG 21012 --- [shopping] [main] o.s.j.e.a.AnnotationMBeanExporter        : Registering beans for JMX exposure on startup
2025-07-04T13:04:34.516+08:00 DEBUG 21012 --- [shopping] [main] o.s.j.e.a.AnnotationMBeanExporter        : Auto-detecting user-defined JMX MBeans
2025-07-04T13:04:34.517+08:00 DEBUG 21012 --- [shopping] [main] o.s.j.e.a.AnnotationMBeanExporter        : Bean with name 'dataSource' has been autodetected for JMX exposure
2025-07-04T13:04:34.521+08:00 DEBUG 21012 --- [shopping] [main] o.s.j.e.a.AnnotationMBeanExporter        : Located MBean 'dataSource': registering with JMX server as MBean [com.zaxxer.hikari:name=dataSource,type=HikariDataSource]
2025-07-04T13:04:34.524+08:00 DEBUG 21012 --- [shopping] [main] o.s.c.support.DefaultLifecycleProcessor  : Starting beans in phase -2147483647
2025-07-04T13:04:34.524+08:00 DEBUG 21012 --- [shopping] [main] o.s.c.support.DefaultLifecycleProcessor  : Successfully started bean 'springBootLoggingLifecycle'
2025-07-04T13:04:34.524+08:00 DEBUG 21012 --- [shopping] [main] o.s.c.support.DefaultLifecycleProcessor  : Starting beans in phase 0
2025-07-04T13:04:34.524+08:00 DEBUG 21012 --- [shopping] [main] o.s.c.support.DefaultLifecycleProcessor  : Starting beans in phase 1073741823
2025-07-04T13:04:34.524+08:00 DEBUG 21012 --- [shopping] [main] o.s.c.support.DefaultLifecycleProcessor  : Starting beans in phase 2147481599
2025-07-04T13:04:34.534+08:00  INFO 21012 --- [shopping] [main] o.s.b.w.embedded.tomcat.TomcatWebServer  : Tomcat started on port 8080 (http) with context path '/'
2025-07-04T13:04:34.535+08:00 DEBUG 21012 --- [shopping] [main] o.s.c.support.DefaultLifecycleProcessor  : Successfully started bean 'webServerStartStop'
2025-07-04T13:04:34.535+08:00 DEBUG 21012 --- [shopping] [main] o.s.c.support.DefaultLifecycleProcessor  : Starting beans in phase 2147482623
2025-07-04T13:04:34.535+08:00 DEBUG 21012 --- [shopping] [main] o.s.c.support.DefaultLifecycleProcessor  : Successfully started bean 'webServerGracefulShutdown'
2025-07-04T13:04:34.535+08:00 DEBUG 21012 --- [shopping] [main] o.s.c.support.DefaultLifecycleProcessor  : Starting beans in phase 2147483647
2025-07-04T13:04:34.535+08:00 DEBUG 21012 --- [shopping] [main] o.s.d.r.l.RedisMessageListenerContainer  : Starting RedisMessageListenerContainer...
2025-07-04T13:04:34.535+08:00 DEBUG 21012 --- [shopping] [main] o.s.d.r.l.RedisMessageListenerContainer  : Postpone listening for Redis messages until actual listeners are added
2025-07-04T13:04:34.535+08:00 DEBUG 21012 --- [shopping] [main] o.s.c.support.DefaultLifecycleProcessor  : Successfully started bean 'redisKeyValueAdapter'
2025-07-04T13:04:34.542+08:00 DEBUG 21012 --- [shopping] [main] .s.b.a.l.ConditionEvaluationReportLogger : 


============================
CONDITIONS EVALUATION REPORT
============================


Positive matches:
-----------------

   AopAutoConfiguration matched:
      - @ConditionalOnProperty (spring.aop.auto=true) matched (OnPropertyCondition)

   AopAutoConfiguration.AspectJAutoProxyingConfiguration matched:
      - @ConditionalOnClass found required class 'org.aspectj.weaver.Advice' (OnClassCondition)

   AopAutoConfiguration.AspectJAutoProxyingConfiguration.CglibAutoProxyConfiguration matched:
      - @ConditionalOnProperty (spring.aop.proxy-target-class=true) matched (OnPropertyCondition)

   ApplicationAvailabilityAutoConfiguration#applicationAvailability matched:
      - @ConditionalOnMissingBean (types: org.springframework.boot.availability.ApplicationAvailability; SearchStrategy: all) did not find any beans (OnBeanCondition)

   ChatClientAutoConfiguration matched:
      - @ConditionalOnClass found required class 'org.springframework.ai.chat.client.ChatClient' (OnClassCondition)
      - @ConditionalOnProperty (spring.ai.chat.client.enabled=true) matched (OnPropertyCondition)

   ChatClientAutoConfiguration#chatClientBuilder matched:
      - @ConditionalOnMissingBean (types: org.springframework.ai.chat.client.ChatClient$Builder; SearchStrategy: all) did not find any beans (OnBeanCondition)

   ChatClientAutoConfiguration#chatClientBuilderConfigurer matched:
      - @ConditionalOnMissingBean (types: org.springframework.ai.autoconfigure.chat.client.ChatClientBuilderConfigurer; SearchStrategy: all) did not find any beans (OnBeanCondition)

   ChatObservationAutoConfiguration matched:
      - @ConditionalOnClass found required class 'org.springframework.ai.chat.model.ChatModel' (OnClassCondition)

   ChatObservationAutoConfiguration.FallbackChatContentObservationConfiguration matched:
      - @ConditionalOnMissingClass did not find unwanted class 'io.micrometer.tracing.otel.bridge.OtelTracer' (OnClassCondition)

   ClientHttpConnectorAutoConfiguration matched:
      - @ConditionalOnClass found required class 'org.springframework.web.reactive.function.client.WebClient' (OnClassCondition)

   ClientHttpConnectorAutoConfiguration#webClientHttpConnector matched:
      - @ConditionalOnMissingBean (types: org.springframework.http.client.reactive.ClientHttpConnector; SearchStrategy: all) did not find any beans (OnBeanCondition)

   ClientHttpConnectorAutoConfiguration#webClientHttpConnectorCustomizer matched:
      - @ConditionalOnBean (types: org.springframework.http.client.reactive.ClientHttpConnector; SearchStrategy: all) found bean 'webClientHttpConnector' (OnBeanCondition)

   ClientHttpConnectorFactoryConfiguration.JdkClient matched:
      - @ConditionalOnClass found required class 'java.net.http.HttpClient' (OnClassCondition)
      - @ConditionalOnMissingBean (types: org.springframework.boot.autoconfigure.web.reactive.function.client.ClientHttpConnectorFactory; SearchStrategy: all) did not find any beans (OnBeanCondition)

   CloudEventsFunctionExtensionConfiguration#nativeFunctionInvocationHelper matched:
      - @ConditionalOnMissingBean (types: org.springframework.cloud.function.core.FunctionInvocationHelper; SearchStrategy: all) did not find any beans (OnBeanCondition)

   CodecsAutoConfiguration matched:
      - @ConditionalOnClass found required classes 'org.springframework.http.codec.CodecConfigurer', 'org.springframework.web.reactive.function.client.WebClient' (OnClassCondition)

   CodecsAutoConfiguration.JacksonCodecConfiguration matched:
      - @ConditionalOnClass found required class 'com.fasterxml.jackson.databind.ObjectMapper' (OnClassCondition)

   CodecsAutoConfiguration.JacksonCodecConfiguration#jacksonCodecCustomizer matched:
      - @ConditionalOnBean (types: com.fasterxml.jackson.databind.ObjectMapper; SearchStrategy: all) found bean 'jacksonObjectMapper' (OnBeanCondition)

   ContextFunctionCatalogAutoConfiguration.PlainFunctionScanConfiguration matched:
      - @ConditionalOnProperty (spring.cloud.function.scan.enabled=true) matched (OnPropertyCondition)

   DataSourceAutoConfiguration matched:
      - @ConditionalOnClass found required classes 'javax.sql.DataSource', 'org.springframework.jdbc.datasource.embedded.EmbeddedDatabaseType' (OnClassCondition)
      - @ConditionalOnMissingBean (types: io.r2dbc.spi.ConnectionFactory; SearchStrategy: all) did not find any beans (OnBeanCondition)

   DataSourceAutoConfiguration.PooledDataSourceConfiguration matched:
      - AnyNestedCondition 1 matched 1 did not; NestedCondition on DataSourceAutoConfiguration.PooledDataSourceCondition.PooledDataSourceAvailable PooledDataSource found supported DataSource; NestedCondition on DataSourceAutoConfiguration.PooledDataSourceCondition.ExplicitType @ConditionalOnProperty (spring.datasource.type) did not find property 'type' (DataSourceAutoConfiguration.PooledDataSourceCondition)
      - @ConditionalOnMissingBean (types: javax.sql.DataSource,javax.sql.XADataSource; SearchStrategy: all) did not find any beans (OnBeanCondition)

   DataSourceAutoConfiguration.PooledDataSourceConfiguration#jdbcConnectionDetails matched:
      - @ConditionalOnMissingBean (types: org.springframework.boot.autoconfigure.jdbc.JdbcConnectionDetails; SearchStrategy: all) did not find any beans (OnBeanCondition)

   DataSourceConfiguration.Hikari matched:
      - @ConditionalOnClass found required class 'com.zaxxer.hikari.HikariDataSource' (OnClassCondition)
      - @ConditionalOnProperty (spring.datasource.type=com.zaxxer.hikari.HikariDataSource) matched (OnPropertyCondition)
      - @ConditionalOnMissingBean (types: javax.sql.DataSource; SearchStrategy: all) did not find any beans (OnBeanCondition)

   DataSourceInitializationConfiguration matched:
      - @ConditionalOnClass found required class 'org.springframework.jdbc.datasource.init.DatabasePopulator' (OnClassCondition)
      - @ConditionalOnSingleCandidate (types: javax.sql.DataSource; SearchStrategy: all) found a single bean 'dataSource'; @ConditionalOnMissingBean (types: org.springframework.boot.autoconfigure.sql.init.SqlDataSourceScriptDatabaseInitializer,org.springframework.boot.autoconfigure.sql.init.SqlR2dbcScriptDatabaseInitializer; SearchStrategy: all) did not find any beans (OnBeanCondition)

   DataSourceJmxConfiguration matched:
      - @ConditionalOnProperty (spring.jmx.enabled=true) matched (OnPropertyCondition)

   DataSourceJmxConfiguration.Hikari matched:
      - @ConditionalOnClass found required class 'com.zaxxer.hikari.HikariDataSource' (OnClassCondition)
      - @ConditionalOnSingleCandidate (types: javax.sql.DataSource; SearchStrategy: all) found a single bean 'dataSource' (OnBeanCondition)

   DataSourcePoolMetadataProvidersConfiguration.HikariPoolDataSourceMetadataProviderConfiguration matched:
      - @ConditionalOnClass found required class 'com.zaxxer.hikari.HikariDataSource' (OnClassCondition)

   DataSourceTransactionManagerAutoConfiguration matched:
      - @ConditionalOnClass found required classes 'javax.sql.DataSource', 'org.springframework.jdbc.core.JdbcTemplate', 'org.springframework.transaction.TransactionManager' (OnClassCondition)

   DataSourceTransactionManagerAutoConfiguration.JdbcTransactionManagerConfiguration matched:
      - @ConditionalOnSingleCandidate (types: javax.sql.DataSource; SearchStrategy: all) found a single bean 'dataSource' (OnBeanCondition)

   DispatcherServletAutoConfiguration matched:
      - @ConditionalOnClass found required class 'org.springframework.web.servlet.DispatcherServlet' (OnClassCondition)
      - found 'session' scope (OnWebApplicationCondition)

   DispatcherServletAutoConfiguration.DispatcherServletConfiguration matched:
      - @ConditionalOnClass found required class 'jakarta.servlet.ServletRegistration' (OnClassCondition)
      - Default DispatcherServlet did not find dispatcher servlet beans (DispatcherServletAutoConfiguration.DefaultDispatcherServletCondition)

   DispatcherServletAutoConfiguration.DispatcherServletRegistrationConfiguration matched:
      - @ConditionalOnClass found required class 'jakarta.servlet.ServletRegistration' (OnClassCondition)
      - DispatcherServlet Registration did not find servlet registration bean (DispatcherServletAutoConfiguration.DispatcherServletRegistrationCondition)

   DispatcherServletAutoConfiguration.DispatcherServletRegistrationConfiguration#dispatcherServletRegistration matched:
      - @ConditionalOnBean (names: dispatcherServlet types: org.springframework.web.servlet.DispatcherServlet; SearchStrategy: all) found bean 'dispatcherServlet' (OnBeanCondition)

   EmbeddedWebServerFactoryCustomizerAutoConfiguration matched:
      - @ConditionalOnWebApplication (required) found 'session' scope (OnWebApplicationCondition)
      - @ConditionalOnWarDeployment the application is not deployed as a WAR file. (OnWarDeploymentCondition)

   EmbeddedWebServerFactoryCustomizerAutoConfiguration.TomcatWebServerFactoryCustomizerConfiguration matched:
      - @ConditionalOnClass found required classes 'org.apache.catalina.startup.Tomcat', 'org.apache.coyote.UpgradeProtocol' (OnClassCondition)

   EmbeddingObservationAutoConfiguration matched:
      - @ConditionalOnClass found required class 'org.springframework.ai.embedding.EmbeddingModel' (OnClassCondition)

   ErrorMvcAutoConfiguration matched:
      - @ConditionalOnClass found required classes 'jakarta.servlet.Servlet', 'org.springframework.web.servlet.DispatcherServlet' (OnClassCondition)
      - found 'session' scope (OnWebApplicationCondition)

   ErrorMvcAutoConfiguration#basicErrorController matched:
      - @ConditionalOnMissingBean (types: org.springframework.boot.web.servlet.error.ErrorController; SearchStrategy: current) did not find any beans (OnBeanCondition)

   ErrorMvcAutoConfiguration#errorAttributes matched:
      - @ConditionalOnMissingBean (types: org.springframework.boot.web.servlet.error.ErrorAttributes; SearchStrategy: current) did not find any beans (OnBeanCondition)

   ErrorMvcAutoConfiguration.DefaultErrorViewResolverConfiguration#conventionErrorViewResolver matched:
      - @ConditionalOnBean (types: org.springframework.web.servlet.DispatcherServlet; SearchStrategy: all) found bean 'dispatcherServlet'; @ConditionalOnMissingBean (types: org.springframework.boot.autoconfigure.web.servlet.error.ErrorViewResolver; SearchStrategy: all) did not find any beans (OnBeanCondition)

   ErrorMvcAutoConfiguration.WhitelabelErrorViewConfiguration matched:
      - @ConditionalOnProperty (server.error.whitelabel.enabled) matched (OnPropertyCondition)
      - ErrorTemplate Missing did not find error template view (ErrorMvcAutoConfiguration.ErrorTemplateMissingCondition)

   ErrorMvcAutoConfiguration.WhitelabelErrorViewConfiguration#beanNameViewResolver matched:
      - @ConditionalOnMissingBean (types: org.springframework.web.servlet.view.BeanNameViewResolver; SearchStrategy: all) did not find any beans (OnBeanCondition)

   ErrorMvcAutoConfiguration.WhitelabelErrorViewConfiguration#defaultErrorView matched:
      - @ConditionalOnMissingBean (names: error; SearchStrategy: all) did not find any beans (OnBeanCondition)

   HibernateJpaAutoConfiguration matched:
      - @ConditionalOnClass found required classes 'org.springframework.orm.jpa.LocalContainerEntityManagerFactoryBean', 'jakarta.persistence.EntityManager', 'org.hibernate.engine.spi.SessionImplementor' (OnClassCondition)

   HibernateJpaConfiguration matched:
      - @ConditionalOnSingleCandidate (types: javax.sql.DataSource; SearchStrategy: all) found a single bean 'dataSource' (OnBeanCondition)

   HttpClientAutoConfiguration matched:
      - @ConditionalOnClass found required class 'org.springframework.http.client.ClientHttpRequestFactory' (OnClassCondition)
      - NoneNestedConditions 0 matched 1 did not; NestedCondition on NotReactiveWebApplicationCondition.ReactiveWebApplication not a reactive web application (NotReactiveWebApplicationCondition)

   HttpClientAutoConfiguration#clientHttpRequestFactoryBuilder matched:
      - @ConditionalOnMissingBean (types: org.springframework.boot.http.client.ClientHttpRequestFactoryBuilder; SearchStrategy: all) did not find any beans (OnBeanCondition)

   HttpClientAutoConfiguration#clientHttpRequestFactorySettings matched:
      - @ConditionalOnMissingBean (types: org.springframework.boot.http.client.ClientHttpRequestFactorySettings; SearchStrategy: all) did not find any beans (OnBeanCondition)

   HttpEncodingAutoConfiguration matched:
      - @ConditionalOnClass found required class 'org.springframework.web.filter.CharacterEncodingFilter' (OnClassCondition)
      - found 'session' scope (OnWebApplicationCondition)
      - @ConditionalOnProperty (server.servlet.encoding.enabled) matched (OnPropertyCondition)

   HttpEncodingAutoConfiguration#characterEncodingFilter matched:
      - @ConditionalOnMissingBean (types: org.springframework.web.filter.CharacterEncodingFilter; SearchStrategy: all) did not find any beans (OnBeanCondition)

   HttpMessageConvertersAutoConfiguration matched:
      - @ConditionalOnClass found required class 'org.springframework.http.converter.HttpMessageConverter' (OnClassCondition)
      - NoneNestedConditions 0 matched 1 did not; NestedCondition on HttpMessageConvertersAutoConfiguration.NotReactiveWebApplicationCondition.ReactiveWebApplication not a reactive web application (HttpMessageConvertersAutoConfiguration.NotReactiveWebApplicationCondition)

   HttpMessageConvertersAutoConfiguration#messageConverters matched:
      - @ConditionalOnMissingBean (types: org.springframework.boot.autoconfigure.http.HttpMessageConverters; SearchStrategy: all) did not find any beans (OnBeanCondition)

   HttpMessageConvertersAutoConfiguration.StringHttpMessageConverterConfiguration matched:
      - @ConditionalOnClass found required class 'org.springframework.http.converter.StringHttpMessageConverter' (OnClassCondition)

   HttpMessageConvertersAutoConfiguration.StringHttpMessageConverterConfiguration#stringHttpMessageConverter matched:
      - @ConditionalOnMissingBean (types: org.springframework.http.converter.StringHttpMessageConverter; SearchStrategy: all) did not find any beans (OnBeanCondition)

   ImageObservationAutoConfiguration matched:
      - @ConditionalOnClass found required class 'org.springframework.ai.image.ImageModel' (OnClassCondition)

   JacksonAutoConfiguration matched:
      - @ConditionalOnClass found required class 'com.fasterxml.jackson.databind.ObjectMapper' (OnClassCondition)

   JacksonAutoConfiguration.Jackson2ObjectMapperBuilderCustomizerConfiguration matched:
      - @ConditionalOnClass found required class 'org.springframework.http.converter.json.Jackson2ObjectMapperBuilder' (OnClassCondition)

   JacksonAutoConfiguration.JacksonObjectMapperBuilderConfiguration matched:
      - @ConditionalOnClass found required class 'org.springframework.http.converter.json.Jackson2ObjectMapperBuilder' (OnClassCondition)

   JacksonAutoConfiguration.JacksonObjectMapperBuilderConfiguration#jacksonObjectMapperBuilder matched:
      - @ConditionalOnMissingBean (types: org.springframework.http.converter.json.Jackson2ObjectMapperBuilder; SearchStrategy: all) did not find any beans (OnBeanCondition)

   JacksonAutoConfiguration.JacksonObjectMapperConfiguration matched:
      - @ConditionalOnClass found required class 'org.springframework.http.converter.json.Jackson2ObjectMapperBuilder' (OnClassCondition)

   JacksonAutoConfiguration.JacksonObjectMapperConfiguration#jacksonObjectMapper matched:
      - @ConditionalOnMissingBean (types: com.fasterxml.jackson.databind.ObjectMapper; SearchStrategy: all) did not find any beans (OnBeanCondition)

   JacksonAutoConfiguration.ParameterNamesModuleConfiguration matched:
      - @ConditionalOnClass found required class 'com.fasterxml.jackson.module.paramnames.ParameterNamesModule' (OnClassCondition)

   JacksonAutoConfiguration.ParameterNamesModuleConfiguration#parameterNamesModule matched:
      - @ConditionalOnMissingBean (types: com.fasterxml.jackson.module.paramnames.ParameterNamesModule; SearchStrategy: all) did not find any beans (OnBeanCondition)

   JacksonHttpMessageConvertersConfiguration.MappingJackson2HttpMessageConverterConfiguration matched:
      - @ConditionalOnClass found required class 'com.fasterxml.jackson.databind.ObjectMapper' (OnClassCondition)
      - @ConditionalOnProperty (spring.mvc.converters.preferred-json-mapper=jackson) matched (OnPropertyCondition)
      - @ConditionalOnBean (types: com.fasterxml.jackson.databind.ObjectMapper; SearchStrategy: all) found bean 'jacksonObjectMapper' (OnBeanCondition)

   JacksonHttpMessageConvertersConfiguration.MappingJackson2HttpMessageConverterConfiguration#mappingJackson2HttpMessageConverter matched:
      - @ConditionalOnMissingBean (types: org.springframework.http.converter.json.MappingJackson2HttpMessageConverter ignored: org.springframework.hateoas.server.mvc.TypeConstrainedMappingJackson2HttpMessageConverter,org.springframework.data.rest.webmvc.alps.AlpsJsonHttpMessageConverter; SearchStrategy: all) did not find any beans (OnBeanCondition)

   JdbcClientAutoConfiguration matched:
      - @ConditionalOnSingleCandidate (types: org.springframework.jdbc.core.namedparam.NamedParameterJdbcTemplate; SearchStrategy: all) found a single bean 'namedParameterJdbcTemplate'; @ConditionalOnMissingBean (types: org.springframework.jdbc.core.simple.JdbcClient; SearchStrategy: all) did not find any beans (OnBeanCondition)

   JdbcRepositoriesAutoConfiguration matched:
      - @ConditionalOnClass found required classes 'org.springframework.jdbc.core.namedparam.NamedParameterJdbcOperations', 'org.springframework.data.jdbc.repository.config.AbstractJdbcConfiguration' (OnClassCondition)
      - @ConditionalOnProperty (spring.data.jdbc.repositories.enabled=true) matched (OnPropertyCondition)
      - @ConditionalOnBean (types: org.springframework.jdbc.core.namedparam.NamedParameterJdbcOperations,org.springframework.transaction.PlatformTransactionManager; SearchStrategy: all) found beans 'transactionManager', 'namedParameterJdbcTemplate' (OnBeanCondition)

   JdbcRepositoriesAutoConfiguration.JdbcRepositoriesConfiguration matched:
      - @ConditionalOnMissingBean (types: org.springframework.data.jdbc.repository.config.JdbcRepositoryConfigExtension; SearchStrategy: all) did not find any beans (OnBeanCondition)

   JdbcRepositoriesAutoConfiguration.SpringBootJdbcConfiguration matched:
      - @ConditionalOnMissingBean (types: org.springframework.data.jdbc.repository.config.AbstractJdbcConfiguration; SearchStrategy: all) did not find any beans (OnBeanCondition)

   JdbcRepositoriesAutoConfiguration.SpringBootJdbcConfiguration#dataAccessStrategyBean matched:
      - @ConditionalOnMissingBean (types: org.springframework.data.jdbc.core.convert.DataAccessStrategy; SearchStrategy: all) did not find any beans (OnBeanCondition)

   JdbcRepositoriesAutoConfiguration.SpringBootJdbcConfiguration#jdbcAggregateTemplate matched:
      - @ConditionalOnMissingBean (types: org.springframework.data.jdbc.core.JdbcAggregateTemplate; SearchStrategy: all) did not find any beans (OnBeanCondition)

   JdbcRepositoriesAutoConfiguration.SpringBootJdbcConfiguration#jdbcConverter matched:
      - @ConditionalOnMissingBean (types: org.springframework.data.jdbc.core.convert.JdbcConverter; SearchStrategy: all) did not find any beans (OnBeanCondition)

   JdbcRepositoriesAutoConfiguration.SpringBootJdbcConfiguration#jdbcCustomConversions matched:
      - @ConditionalOnMissingBean (types: org.springframework.data.jdbc.core.convert.JdbcCustomConversions; SearchStrategy: all) did not find any beans (OnBeanCondition)

   JdbcRepositoriesAutoConfiguration.SpringBootJdbcConfiguration#jdbcDialect matched:
      - @ConditionalOnMissingBean (types: org.springframework.data.relational.core.dialect.Dialect; SearchStrategy: all) did not find any beans (OnBeanCondition)

   JdbcRepositoriesAutoConfiguration.SpringBootJdbcConfiguration#jdbcManagedTypes matched:
      - @ConditionalOnMissingBean (types: org.springframework.data.relational.RelationalManagedTypes; SearchStrategy: all) did not find any beans (OnBeanCondition)

   JdbcRepositoriesAutoConfiguration.SpringBootJdbcConfiguration#jdbcMappingContext matched:
      - @ConditionalOnMissingBean (types: org.springframework.data.jdbc.core.mapping.JdbcMappingContext; SearchStrategy: all) did not find any beans (OnBeanCondition)

   JdbcTemplateAutoConfiguration matched:
      - @ConditionalOnClass found required classes 'javax.sql.DataSource', 'org.springframework.jdbc.core.JdbcTemplate' (OnClassCondition)
      - @ConditionalOnSingleCandidate (types: javax.sql.DataSource; SearchStrategy: all) found a single bean 'dataSource' (OnBeanCondition)

   JdbcTemplateConfiguration matched:
      - @ConditionalOnMissingBean (types: org.springframework.jdbc.core.JdbcOperations; SearchStrategy: all) did not find any beans (OnBeanCondition)

   JmxAutoConfiguration matched:
      - @ConditionalOnClass found required class 'org.springframework.jmx.export.MBeanExporter' (OnClassCondition)
      - @ConditionalOnProperty (spring.jmx.enabled=true) matched (OnPropertyCondition)

   JmxAutoConfiguration#mbeanExporter matched:
      - @ConditionalOnMissingBean (types: org.springframework.jmx.export.MBeanExporter; SearchStrategy: current) did not find any beans (OnBeanCondition)

   JmxAutoConfiguration#mbeanServer matched:
      - @ConditionalOnMissingBean (types: javax.management.MBeanServer; SearchStrategy: all) did not find any beans (OnBeanCondition)

   JmxAutoConfiguration#objectNamingStrategy matched:
      - @ConditionalOnMissingBean (types: org.springframework.jmx.export.naming.ObjectNamingStrategy; SearchStrategy: current) did not find any beans (OnBeanCondition)

   JpaBaseConfiguration#entityManagerFactory matched:
      - @ConditionalOnMissingBean (types: org.springframework.orm.jpa.LocalContainerEntityManagerFactoryBean,jakarta.persistence.EntityManagerFactory; SearchStrategy: all) did not find any beans (OnBeanCondition)

   JpaBaseConfiguration#entityManagerFactoryBuilder matched:
      - @ConditionalOnMissingBean (types: org.springframework.boot.orm.jpa.EntityManagerFactoryBuilder; SearchStrategy: all) did not find any beans (OnBeanCondition)

   JpaBaseConfiguration#jpaVendorAdapter matched:
      - @ConditionalOnMissingBean (types: org.springframework.orm.jpa.JpaVendorAdapter; SearchStrategy: all) did not find any beans (OnBeanCondition)

   JpaBaseConfiguration#transactionManager matched:
      - @ConditionalOnMissingBean (types: org.springframework.transaction.TransactionManager; SearchStrategy: all) did not find any beans (OnBeanCondition)

   JpaBaseConfiguration.JpaWebConfiguration matched:
      - @ConditionalOnClass found required class 'org.springframework.web.servlet.config.annotation.WebMvcConfigurer' (OnClassCondition)
      - found 'session' scope (OnWebApplicationCondition)
      - @ConditionalOnProperty (spring.jpa.open-in-view=true) matched (OnPropertyCondition)
      - @ConditionalOnMissingBean (types: org.springframework.orm.jpa.support.OpenEntityManagerInViewInterceptor,org.springframework.orm.jpa.support.OpenEntityManagerInViewFilter; SearchStrategy: all) did not find any beans (OnBeanCondition)

   JpaBaseConfiguration.PersistenceManagedTypesConfiguration matched:
      - @ConditionalOnMissingBean (types: org.springframework.orm.jpa.LocalContainerEntityManagerFactoryBean,jakarta.persistence.EntityManagerFactory; SearchStrategy: all) did not find any beans (OnBeanCondition)

   JpaBaseConfiguration.PersistenceManagedTypesConfiguration#persistenceManagedTypes matched:
      - @ConditionalOnMissingBean (types: org.springframework.orm.jpa.persistenceunit.PersistenceManagedTypes; SearchStrategy: all) did not find any beans (OnBeanCondition)

   JpaRepositoriesAutoConfiguration matched:
      - @ConditionalOnClass found required class 'org.springframework.data.jpa.repository.JpaRepository' (OnClassCondition)
      - @ConditionalOnProperty (spring.data.jpa.repositories.enabled=true) matched (OnPropertyCondition)
      - @ConditionalOnBean (types: javax.sql.DataSource; SearchStrategy: all) found bean 'dataSource'; @ConditionalOnMissingBean (types: org.springframework.data.jpa.repository.support.JpaRepositoryFactoryBean,org.springframework.data.jpa.repository.config.JpaRepositoryConfigExtension; SearchStrategy: all) did not find any beans (OnBeanCondition)

   JtaAutoConfiguration matched:
      - @ConditionalOnClass found required class 'jakarta.transaction.Transaction' (OnClassCondition)
      - @ConditionalOnProperty (spring.jta.enabled) matched (OnPropertyCondition)

   LettuceConnectionConfiguration matched:
      - @ConditionalOnClass found required class 'io.lettuce.core.RedisClient' (OnClassCondition)
      - @ConditionalOnProperty (spring.data.redis.client-type=lettuce) matched (OnPropertyCondition)

   LettuceConnectionConfiguration#lettuceClientResources matched:
      - @ConditionalOnMissingBean (types: io.lettuce.core.resource.ClientResources; SearchStrategy: all) did not find any beans (OnBeanCondition)

   LettuceConnectionConfiguration#redisConnectionFactory matched:
      - @ConditionalOnMissingBean (types: org.springframework.data.redis.connection.RedisConnectionFactory; SearchStrategy: all) did not find any beans (OnBeanCondition)
      - @ConditionalOnThreading found PLATFORM (OnThreadingCondition)

   LifecycleAutoConfiguration#defaultLifecycleProcessor matched:
      - @ConditionalOnMissingBean (names: lifecycleProcessor; SearchStrategy: current) did not find any beans (OnBeanCondition)

   MailSenderAutoConfiguration matched:
      - @ConditionalOnClass found required classes 'jakarta.mail.internet.MimeMessage', 'jakarta.activation.MimeType', 'org.springframework.mail.MailSender' (OnClassCondition)
      - AnyNestedCondition 1 matched 1 did not; NestedCondition on MailSenderAutoConfiguration.MailSenderCondition.JndiNameProperty @ConditionalOnProperty (spring.mail.jndi-name) did not find property 'jndi-name'; NestedCondition on MailSenderAutoConfiguration.MailSenderCondition.HostProperty @ConditionalOnProperty (spring.mail.host) matched (MailSenderAutoConfiguration.MailSenderCondition)
      - @ConditionalOnMissingBean (types: org.springframework.mail.MailSender; SearchStrategy: all) did not find any beans (OnBeanCondition)

   MailSenderPropertiesConfiguration matched:
      - @ConditionalOnProperty (spring.mail.host) matched (OnPropertyCondition)

   MailSenderPropertiesConfiguration#mailSender matched:
      - @ConditionalOnMissingBean (types: org.springframework.mail.javamail.JavaMailSender; SearchStrategy: all) did not find any beans (OnBeanCondition)

   MultipartAutoConfiguration matched:
      - @ConditionalOnClass found required classes 'jakarta.servlet.Servlet', 'org.springframework.web.multipart.support.StandardServletMultipartResolver', 'jakarta.servlet.MultipartConfigElement' (OnClassCondition)
      - found 'session' scope (OnWebApplicationCondition)
      - @ConditionalOnProperty (spring.servlet.multipart.enabled) matched (OnPropertyCondition)

   MultipartAutoConfiguration#multipartConfigElement matched:
      - @ConditionalOnMissingBean (types: jakarta.servlet.MultipartConfigElement; SearchStrategy: all) did not find any beans (OnBeanCondition)

   MultipartAutoConfiguration#multipartResolver matched:
      - @ConditionalOnMissingBean (types: org.springframework.web.multipart.MultipartResolver; SearchStrategy: all) did not find any beans (OnBeanCondition)

   NamedParameterJdbcTemplateConfiguration matched:
      - @ConditionalOnSingleCandidate (types: org.springframework.jdbc.core.JdbcTemplate; SearchStrategy: all) found a single bean 'jdbcTemplate'; @ConditionalOnMissingBean (types: org.springframework.jdbc.core.namedparam.NamedParameterJdbcOperations; SearchStrategy: all) did not find any beans (OnBeanCondition)

   NettyAutoConfiguration matched:
      - @ConditionalOnClass found required class 'io.netty.util.NettyRuntime' (OnClassCondition)

   NoOpCacheConfiguration matched:
      - Cache org.springframework.boot.autoconfigure.cache.NoOpCacheConfiguration NONE cache type (CacheCondition)

   OllamaAutoConfiguration matched:
      - @ConditionalOnClass found required class 'org.springframework.ai.ollama.api.OllamaApi' (OnClassCondition)

   OllamaAutoConfiguration#ollamaApi matched:
      - @ConditionalOnMissingBean (types: org.springframework.ai.ollama.api.OllamaApi; SearchStrategy: all) did not find any beans (OnBeanCondition)

   OllamaAutoConfiguration#ollamaChatModel matched:
      - @ConditionalOnProperty (spring.ai.ollama.chat.enabled=true) matched (OnPropertyCondition)
      - @ConditionalOnMissingBean (types: org.springframework.ai.ollama.OllamaChatModel; SearchStrategy: all) did not find any beans (OnBeanCondition)

   OllamaAutoConfiguration#ollamaConnectionDetails matched:
      - @ConditionalOnMissingBean (types: org.springframework.ai.autoconfigure.ollama.OllamaConnectionDetails; SearchStrategy: all) did not find any beans (OnBeanCondition)

   OllamaAutoConfiguration#ollamaEmbeddingModel matched:
      - @ConditionalOnProperty (spring.ai.ollama.embedding.enabled=true) matched (OnPropertyCondition)
      - @ConditionalOnMissingBean (types: org.springframework.ai.ollama.OllamaEmbeddingModel; SearchStrategy: all) did not find any beans (OnBeanCondition)

   OllamaAutoConfiguration#springAiFunctionManager matched:
      - @ConditionalOnMissingBean (types: org.springframework.ai.model.function.FunctionCallbackResolver; SearchStrategy: all) did not find any beans (OnBeanCondition)

   PersistenceExceptionTranslationAutoConfiguration matched:
      - @ConditionalOnClass found required class 'org.springframework.dao.annotation.PersistenceExceptionTranslationPostProcessor' (OnClassCondition)

   PersistenceExceptionTranslationAutoConfiguration#persistenceExceptionTranslationPostProcessor matched:
      - @ConditionalOnProperty (spring.dao.exceptiontranslation.enabled) matched (OnPropertyCondition)
      - @ConditionalOnMissingBean (types: org.springframework.dao.annotation.PersistenceExceptionTranslationPostProcessor; SearchStrategy: all) did not find any beans (OnBeanCondition)

   PropertyPlaceholderAutoConfiguration#propertySourcesPlaceholderConfigurer matched:
      - @ConditionalOnMissingBean (types: org.springframework.context.support.PropertySourcesPlaceholderConfigurer; SearchStrategy: current) did not find any beans (OnBeanCondition)

   ReactiveSecurityAutoConfiguration matched:
      - @ConditionalOnClass found required classes 'reactor.core.publisher.Flux', 'org.springframework.security.config.annotation.web.reactive.EnableWebFluxSecurity', 'org.springframework.security.web.server.WebFilterChainProxy', 'org.springframework.web.reactive.config.WebFluxConfigurer' (OnClassCondition)

   ReactorAutoConfiguration matched:
      - @ConditionalOnClass found required class 'reactor.core.publisher.Hooks' (OnClassCondition)

   RedisAutoConfiguration matched:
      - @ConditionalOnClass found required class 'org.springframework.data.redis.core.RedisOperations' (OnClassCondition)

   RedisAutoConfiguration#redisConnectionDetails matched:
      - @ConditionalOnMissingBean (types: org.springframework.boot.autoconfigure.data.redis.RedisConnectionDetails; SearchStrategy: all) did not find any beans (OnBeanCondition)

   RedisAutoConfiguration#redisTemplate matched:
      - @ConditionalOnSingleCandidate (types: org.springframework.data.redis.connection.RedisConnectionFactory; SearchStrategy: all) found a single bean 'redisConnectionFactory'; @ConditionalOnMissingBean (names: redisTemplate; SearchStrategy: all) did not find any beans (OnBeanCondition)

   RedisAutoConfiguration#stringRedisTemplate matched:
      - @ConditionalOnSingleCandidate (types: org.springframework.data.redis.connection.RedisConnectionFactory; SearchStrategy: all) found a single bean 'redisConnectionFactory'; @ConditionalOnMissingBean (types: org.springframework.data.redis.core.StringRedisTemplate; SearchStrategy: all) did not find any beans (OnBeanCondition)

   RedisReactiveAutoConfiguration matched:
      - @ConditionalOnClass found required classes 'org.springframework.data.redis.connection.ReactiveRedisConnectionFactory', 'org.springframework.data.redis.core.ReactiveRedisTemplate', 'reactor.core.publisher.Flux' (OnClassCondition)

   RedisReactiveAutoConfiguration#reactiveRedisTemplate matched:
      - @ConditionalOnBean (types: org.springframework.data.redis.connection.ReactiveRedisConnectionFactory; SearchStrategy: all) found bean 'redisConnectionFactory'; @ConditionalOnMissingBean (names: reactiveRedisTemplate; SearchStrategy: all) did not find any beans (OnBeanCondition)

   RedisReactiveAutoConfiguration#reactiveStringRedisTemplate matched:
      - @ConditionalOnBean (types: org.springframework.data.redis.connection.ReactiveRedisConnectionFactory; SearchStrategy: all) found bean 'redisConnectionFactory'; @ConditionalOnMissingBean (names: reactiveStringRedisTemplate; SearchStrategy: all) did not find any beans (OnBeanCondition)

   RedisRepositoriesAutoConfiguration matched:
      - @ConditionalOnClass found required class 'org.springframework.data.redis.repository.configuration.EnableRedisRepositories' (OnClassCondition)
      - @ConditionalOnProperty (spring.data.redis.repositories.enabled=true) matched (OnPropertyCondition)
      - @ConditionalOnBean (types: org.springframework.data.redis.connection.RedisConnectionFactory; SearchStrategy: all) found bean 'redisConnectionFactory'; @ConditionalOnMissingBean (types: org.springframework.data.redis.repository.support.RedisRepositoryFactoryBean; SearchStrategy: all) did not find any beans (OnBeanCondition)

   RestClientAutoConfiguration matched:
      - @ConditionalOnClass found required class 'org.springframework.web.client.RestClient' (OnClassCondition)
      - NoneNestedConditions 0 matched 1 did not; NestedCondition on NotReactiveWebApplicationCondition.ReactiveWebApplication not a reactive web application (NotReactiveWebApplicationCondition)

   RestClientAutoConfiguration#httpMessageConvertersRestClientCustomizer matched:
      - @ConditionalOnMissingBean (types: org.springframework.boot.autoconfigure.web.client.HttpMessageConvertersRestClientCustomizer; SearchStrategy: all) did not find any beans (OnBeanCondition)

   RestClientAutoConfiguration#restClientBuilder matched:
      - @ConditionalOnMissingBean (types: org.springframework.web.client.RestClient$Builder; SearchStrategy: all) did not find any beans (OnBeanCondition)

   RestClientAutoConfiguration#restClientBuilderConfigurer matched:
      - @ConditionalOnMissingBean (types: org.springframework.boot.autoconfigure.web.client.RestClientBuilderConfigurer; SearchStrategy: all) did not find any beans (OnBeanCondition)

   RestClientAutoConfiguration#restClientSsl matched:
      - @ConditionalOnBean (types: org.springframework.boot.ssl.SslBundles; SearchStrategy: all) found bean 'sslBundleRegistry'; @ConditionalOnMissingBean (types: org.springframework.boot.autoconfigure.web.client.RestClientSsl; SearchStrategy: all) did not find any beans (OnBeanCondition)

   RestTemplateAutoConfiguration matched:
      - @ConditionalOnClass found required class 'org.springframework.web.client.RestTemplate' (OnClassCondition)
      - NoneNestedConditions 0 matched 1 did not; NestedCondition on NotReactiveWebApplicationCondition.ReactiveWebApplication not a reactive web application (NotReactiveWebApplicationCondition)

   RestTemplateAutoConfiguration#restTemplateBuilder matched:
      - @ConditionalOnMissingBean (types: org.springframework.boot.web.client.RestTemplateBuilder; SearchStrategy: all) did not find any beans (OnBeanCondition)

   SecurityAutoConfiguration matched:
      - @ConditionalOnClass found required class 'org.springframework.security.authentication.DefaultAuthenticationEventPublisher' (OnClassCondition)

   SecurityAutoConfiguration#authenticationEventPublisher matched:
      - @ConditionalOnMissingBean (types: org.springframework.security.authentication.AuthenticationEventPublisher; SearchStrategy: all) did not find any beans (OnBeanCondition)

   SecurityFilterAutoConfiguration matched:
      - @ConditionalOnClass found required classes 'org.springframework.security.web.context.AbstractSecurityWebApplicationInitializer', 'org.springframework.security.config.http.SessionCreationPolicy' (OnClassCondition)
      - found 'session' scope (OnWebApplicationCondition)

   SecurityFilterAutoConfiguration#securityFilterChainRegistration matched:
      - @ConditionalOnBean (names: springSecurityFilterChain; SearchStrategy: all) found bean 'springSecurityFilterChain' (OnBeanCondition)

   ServletWebServerFactoryAutoConfiguration matched:
      - @ConditionalOnClass found required class 'jakarta.servlet.ServletRequest' (OnClassCondition)
      - found 'session' scope (OnWebApplicationCondition)

   ServletWebServerFactoryAutoConfiguration#tomcatServletWebServerFactoryCustomizer matched:
      - @ConditionalOnClass found required class 'org.apache.catalina.startup.Tomcat' (OnClassCondition)

   ServletWebServerFactoryConfiguration.EmbeddedTomcat matched:
      - @ConditionalOnClass found required classes 'jakarta.servlet.Servlet', 'org.apache.catalina.startup.Tomcat', 'org.apache.coyote.UpgradeProtocol' (OnClassCondition)
      - @ConditionalOnMissingBean (types: org.springframework.boot.web.servlet.server.ServletWebServerFactory; SearchStrategy: current) did not find any beans (OnBeanCondition)

   SpringAiRetryAutoConfiguration matched:
      - @ConditionalOnClass found required class 'org.springframework.ai.retry.RetryUtils' (OnClassCondition)

   SpringAiRetryAutoConfiguration#responseErrorHandler matched:
      - @ConditionalOnMissingBean (types: org.springframework.web.client.ResponseErrorHandler; SearchStrategy: all) did not find any beans (OnBeanCondition)

   SpringAiRetryAutoConfiguration#retryTemplate matched:
      - @ConditionalOnMissingBean (types: org.springframework.retry.support.RetryTemplate; SearchStrategy: all) did not find any beans (OnBeanCondition)

   SpringApplicationAdminJmxAutoConfiguration matched:
      - @ConditionalOnProperty (spring.application.admin.enabled=true) matched (OnPropertyCondition)

   SpringApplicationAdminJmxAutoConfiguration#springApplicationAdminRegistrar matched:
      - @ConditionalOnMissingBean (types: org.springframework.boot.admin.SpringApplicationAdminMXBeanRegistrar; SearchStrategy: all) did not find any beans (OnBeanCondition)

   SpringBootWebSecurityConfiguration matched:
      - found 'session' scope (OnWebApplicationCondition)

   SpringBootWebSecurityConfiguration.WebSecurityEnablerConfiguration matched:
      - @ConditionalOnClass found required class 'org.springframework.security.config.annotation.web.configuration.EnableWebSecurity' (OnClassCondition)
      - @ConditionalOnMissingBean (names: springSecurityFilterChain; SearchStrategy: all) did not find any beans (OnBeanCondition)

   SpringDataWebAutoConfiguration matched:
      - @ConditionalOnClass found required classes 'org.springframework.data.web.PageableHandlerMethodArgumentResolver', 'org.springframework.web.servlet.config.annotation.WebMvcConfigurer' (OnClassCondition)
      - found 'session' scope (OnWebApplicationCondition)
      - @ConditionalOnMissingBean (types: org.springframework.data.web.PageableHandlerMethodArgumentResolver; SearchStrategy: all) did not find any beans (OnBeanCondition)

   SpringDataWebAutoConfiguration#pageableCustomizer matched:
      - @ConditionalOnMissingBean (types: org.springframework.data.web.config.PageableHandlerMethodArgumentResolverCustomizer; SearchStrategy: all) did not find any beans (OnBeanCondition)

   SpringDataWebAutoConfiguration#sortCustomizer matched:
      - @ConditionalOnMissingBean (types: org.springframework.data.web.config.SortHandlerMethodArgumentResolverCustomizer; SearchStrategy: all) did not find any beans (OnBeanCondition)

   SpringDataWebAutoConfiguration#springDataWebSettings matched:
      - @ConditionalOnMissingBean (types: org.springframework.data.web.config.SpringDataWebSettings; SearchStrategy: all) did not find any beans (OnBeanCondition)

   SqlInitializationAutoConfiguration matched:
      - @ConditionalOnProperty (spring.sql.init.enabled) matched (OnPropertyCondition)
      - NoneNestedConditions 0 matched 1 did not; NestedCondition on SqlInitializationAutoConfiguration.SqlInitializationModeCondition.ModeIsNever @ConditionalOnProperty (spring.sql.init.mode=never) did not find property 'mode' (SqlInitializationAutoConfiguration.SqlInitializationModeCondition)

   SslAutoConfiguration#sslBundleRegistry matched:
      - @ConditionalOnMissingBean (types: org.springframework.boot.ssl.SslBundleRegistry,org.springframework.boot.ssl.SslBundles; SearchStrategy: all) did not find any beans (OnBeanCondition)

   TaskExecutionAutoConfiguration matched:
      - @ConditionalOnClass found required class 'org.springframework.scheduling.concurrent.ThreadPoolTaskExecutor' (OnClassCondition)

   TaskExecutorConfigurations.SimpleAsyncTaskExecutorBuilderConfiguration#simpleAsyncTaskExecutorBuilder matched:
      - @ConditionalOnMissingBean (types: org.springframework.boot.task.SimpleAsyncTaskExecutorBuilder; SearchStrategy: all) did not find any beans (OnBeanCondition)
      - @ConditionalOnThreading found PLATFORM (OnThreadingCondition)

   TaskExecutorConfigurations.TaskExecutorConfiguration matched:
      - @ConditionalOnMissingBean (types: java.util.concurrent.Executor; SearchStrategy: all) did not find any beans (OnBeanCondition)

   TaskExecutorConfigurations.TaskExecutorConfiguration#applicationTaskExecutor matched:
      - @ConditionalOnThreading found PLATFORM (OnThreadingCondition)

   TaskExecutorConfigurations.ThreadPoolTaskExecutorBuilderConfiguration#threadPoolTaskExecutorBuilder matched:
      - @ConditionalOnMissingBean (types: org.springframework.boot.task.ThreadPoolTaskExecutorBuilder; SearchStrategy: all) did not find any beans (OnBeanCondition)

   TaskSchedulingAutoConfiguration matched:
      - @ConditionalOnClass found required class 'org.springframework.scheduling.concurrent.ThreadPoolTaskScheduler' (OnClassCondition)

   TaskSchedulingConfigurations.SimpleAsyncTaskSchedulerBuilderConfiguration#simpleAsyncTaskSchedulerBuilder matched:
      - @ConditionalOnMissingBean (types: org.springframework.boot.task.SimpleAsyncTaskSchedulerBuilder; SearchStrategy: all) did not find any beans (OnBeanCondition)
      - @ConditionalOnThreading found PLATFORM (OnThreadingCondition)

   TaskSchedulingConfigurations.ThreadPoolTaskSchedulerBuilderConfiguration#threadPoolTaskSchedulerBuilder matched:
      - @ConditionalOnMissingBean (types: org.springframework.boot.task.ThreadPoolTaskSchedulerBuilder; SearchStrategy: all) did not find any beans (OnBeanCondition)

   ToolCallingAutoConfiguration matched:
      - @ConditionalOnClass found required class 'org.springframework.ai.chat.model.ChatModel' (OnClassCondition)

   ToolCallingAutoConfiguration#toolCallbackResolver matched:
      - @ConditionalOnMissingBean (types: org.springframework.ai.tool.resolution.ToolCallbackResolver; SearchStrategy: all) did not find any beans (OnBeanCondition)

   ToolCallingAutoConfiguration#toolCallingManager matched:
      - @ConditionalOnMissingBean (types: org.springframework.ai.model.tool.ToolCallingManager; SearchStrategy: all) did not find any beans (OnBeanCondition)

   ToolCallingAutoConfiguration#toolExecutionExceptionProcessor matched:
      - @ConditionalOnMissingBean (types: org.springframework.ai.tool.execution.ToolExecutionExceptionProcessor; SearchStrategy: all) did not find any beans (OnBeanCondition)

   TransactionAutoConfiguration matched:
      - @ConditionalOnClass found required class 'org.springframework.transaction.PlatformTransactionManager' (OnClassCondition)

   TransactionAutoConfiguration.EnableTransactionManagementConfiguration matched:
      - @ConditionalOnBean (types: org.springframework.transaction.TransactionManager; SearchStrategy: all) found bean 'transactionManager'; @ConditionalOnMissingBean (types: org.springframework.transaction.annotation.AbstractTransactionManagementConfiguration; SearchStrategy: all) did not find any beans (OnBeanCondition)

   TransactionAutoConfiguration.EnableTransactionManagementConfiguration.CglibAutoProxyConfiguration matched:
      - @ConditionalOnProperty (spring.aop.proxy-target-class=true) matched (OnPropertyCondition)

   TransactionAutoConfiguration.TransactionTemplateConfiguration matched:
      - @ConditionalOnSingleCandidate (types: org.springframework.transaction.PlatformTransactionManager; SearchStrategy: all) found a single bean 'transactionManager' (OnBeanCondition)

   TransactionAutoConfiguration.TransactionTemplateConfiguration#transactionTemplate matched:
      - @ConditionalOnMissingBean (types: org.springframework.transaction.support.TransactionOperations; SearchStrategy: all) did not find any beans (OnBeanCondition)

   TransactionManagerCustomizationAutoConfiguration matched:
      - @ConditionalOnClass found required class 'org.springframework.transaction.PlatformTransactionManager' (OnClassCondition)

   TransactionManagerCustomizationAutoConfiguration#platformTransactionManagerCustomizers matched:
      - @ConditionalOnMissingBean (types: org.springframework.boot.autoconfigure.transaction.TransactionManagerCustomizers; SearchStrategy: all) did not find any beans (OnBeanCondition)

   ValidationAutoConfiguration matched:
      - @ConditionalOnClass found required class 'jakarta.validation.executable.ExecutableValidator' (OnClassCondition)
      - @ConditionalOnResource found location classpath:META-INF/services/jakarta.validation.spi.ValidationProvider (OnResourceCondition)

   ValidationAutoConfiguration#defaultValidator matched:
      - @ConditionalOnMissingBean (types: jakarta.validation.Validator; SearchStrategy: all) did not find any beans (OnBeanCondition)

   ValidationAutoConfiguration#methodValidationPostProcessor matched:
      - @ConditionalOnMissingBean (types: org.springframework.validation.beanvalidation.MethodValidationPostProcessor; SearchStrategy: current) did not find any beans (OnBeanCondition)

   VectorStoreObservationAutoConfiguration matched:
      - @ConditionalOnClass found required class 'org.springframework.ai.vectorstore.VectorStore' (OnClassCondition)

   VectorStoreObservationAutoConfiguration.FallbackVectorStoreQueryResponseContentObservationConfiguration matched:
      - @ConditionalOnMissingClass did not find unwanted class 'io.micrometer.tracing.otel.bridge.OtelTracer' (OnClassCondition)

   WebClientAutoConfiguration matched:
      - @ConditionalOnClass found required class 'org.springframework.web.reactive.function.client.WebClient' (OnClassCondition)

   WebClientAutoConfiguration#webClientBuilder matched:
      - @ConditionalOnMissingBean (types: org.springframework.web.reactive.function.client.WebClient$Builder; SearchStrategy: all) did not find any beans (OnBeanCondition)

   WebClientAutoConfiguration#webClientSsl matched:
      - @ConditionalOnBean (types: org.springframework.boot.ssl.SslBundles; SearchStrategy: all) found bean 'sslBundleRegistry'; @ConditionalOnMissingBean (types: org.springframework.boot.autoconfigure.web.reactive.function.client.WebClientSsl; SearchStrategy: all) did not find any beans (OnBeanCondition)

   WebClientAutoConfiguration.WebClientCodecsConfiguration matched:
      - @ConditionalOnBean (types: org.springframework.boot.web.codec.CodecCustomizer; SearchStrategy: all) found beans 'jacksonCodecCustomizer', 'defaultCodecCustomizer' (OnBeanCondition)

   WebClientAutoConfiguration.WebClientCodecsConfiguration#exchangeStrategiesCustomizer matched:
      - @ConditionalOnMissingBean (types: org.springframework.boot.autoconfigure.web.reactive.function.client.WebClientCodecCustomizer; SearchStrategy: all) did not find any beans (OnBeanCondition)

   WebMvcAutoConfiguration matched:
      - @ConditionalOnClass found required classes 'jakarta.servlet.Servlet', 'org.springframework.web.servlet.DispatcherServlet', 'org.springframework.web.servlet.config.annotation.WebMvcConfigurer' (OnClassCondition)
      - found 'session' scope (OnWebApplicationCondition)
      - @ConditionalOnMissingBean (types: org.springframework.web.servlet.config.annotation.WebMvcConfigurationSupport; SearchStrategy: all) did not find any beans (OnBeanCondition)

   WebMvcAutoConfiguration#formContentFilter matched:
      - @ConditionalOnProperty (spring.mvc.formcontent.filter.enabled) matched (OnPropertyCondition)
      - @ConditionalOnMissingBean (types: org.springframework.web.filter.FormContentFilter; SearchStrategy: all) did not find any beans (OnBeanCondition)

   WebMvcAutoConfiguration.EnableWebMvcConfiguration#flashMapManager matched:
      - @ConditionalOnMissingBean (names: flashMapManager; SearchStrategy: all) did not find any beans (OnBeanCondition)

   WebMvcAutoConfiguration.EnableWebMvcConfiguration#localeResolver matched:
      - @ConditionalOnMissingBean (names: localeResolver; SearchStrategy: all) did not find any beans (OnBeanCondition)

   WebMvcAutoConfiguration.EnableWebMvcConfiguration#themeResolver matched:
      - @ConditionalOnMissingBean (names: themeResolver; SearchStrategy: all) did not find any beans (OnBeanCondition)

   WebMvcAutoConfiguration.EnableWebMvcConfiguration#viewNameTranslator matched:
      - @ConditionalOnMissingBean (names: viewNameTranslator; SearchStrategy: all) did not find any beans (OnBeanCondition)

   WebMvcAutoConfiguration.WebMvcAutoConfigurationAdapter#defaultViewResolver matched:
      - @ConditionalOnMissingBean (types: org.springframework.web.servlet.view.InternalResourceViewResolver; SearchStrategy: all) did not find any beans (OnBeanCondition)

   WebMvcAutoConfiguration.WebMvcAutoConfigurationAdapter#requestContextFilter matched:
      - @ConditionalOnMissingBean (types: org.springframework.web.context.request.RequestContextListener,org.springframework.web.filter.RequestContextFilter; SearchStrategy: all) did not find any beans (OnBeanCondition)

   WebMvcAutoConfiguration.WebMvcAutoConfigurationAdapter#viewResolver matched:
      - @ConditionalOnBean (types: org.springframework.web.servlet.ViewResolver; SearchStrategy: all) found beans 'defaultViewResolver', 'beanNameViewResolver', 'mvcViewResolver'; @ConditionalOnMissingBean (names: viewResolver types: org.springframework.web.servlet.view.ContentNegotiatingViewResolver; SearchStrategy: all) did not find any beans (OnBeanCondition)

   WebSocketServletAutoConfiguration matched:
      - @ConditionalOnClass found required classes 'jakarta.servlet.Servlet', 'jakarta.websocket.server.ServerContainer' (OnClassCondition)
      - found 'session' scope (OnWebApplicationCondition)

   WebSocketServletAutoConfiguration.TomcatWebSocketConfiguration matched:
      - @ConditionalOnClass found required classes 'org.apache.catalina.startup.Tomcat', 'org.apache.tomcat.websocket.server.WsSci' (OnClassCondition)

   WebSocketServletAutoConfiguration.TomcatWebSocketConfiguration#websocketServletWebServerCustomizer matched:
      - @ConditionalOnMissingBean (names: websocketServletWebServerCustomizer; SearchStrategy: all) did not find any beans (OnBeanCondition)


Negative matches:
-----------------

   ActiveMQAutoConfiguration:
      Did not match:
         - @ConditionalOnClass did not find required class 'jakarta.jms.ConnectionFactory' (OnClassCondition)

   AnthropicAutoConfiguration:
      Did not match:
         - @ConditionalOnClass did not find required class 'org.springframework.ai.anthropic.api.AnthropicApi' (OnClassCondition)

   AopAutoConfiguration.AspectJAutoProxyingConfiguration.JdkDynamicAutoProxyConfiguration:
      Did not match:
         - @ConditionalOnProperty (spring.aop.proxy-target-class=false) did not find property 'proxy-target-class' (OnPropertyCondition)

   AopAutoConfiguration.ClassProxyingConfiguration:
      Did not match:
         - @ConditionalOnMissingClass found unwanted class 'org.aspectj.weaver.Advice' (OnClassCondition)

   ArtemisAutoConfiguration:
      Did not match:
         - @ConditionalOnClass did not find required class 'jakarta.jms.ConnectionFactory' (OnClassCondition)

   AzureOpenAiAutoConfiguration:
      Did not match:
         - @ConditionalOnClass did not find required classes 'com.azure.ai.openai.OpenAIClientBuilder', 'org.springframework.ai.azure.openai.AzureOpenAiChatModel' (OnClassCondition)

   AzureVectorStoreAutoConfiguration:
      Did not match:
         - @ConditionalOnClass did not find required classes 'com.azure.search.documents.indexes.SearchIndexClient', 'org.springframework.ai.vectorstore.azure.AzureVectorStore' (OnClassCondition)

   BatchAutoConfiguration:
      Did not match:
         - @ConditionalOnClass did not find required class 'org.springframework.batch.core.launch.JobLauncher' (OnClassCondition)

   BedrockCohereEmbeddingAutoConfiguration:
      Did not match:
         - @ConditionalOnClass did not find required class 'org.springframework.ai.bedrock.cohere.api.CohereEmbeddingBedrockApi' (OnClassCondition)

   BedrockConverseProxyChatAutoConfiguration:
      Did not match:
         - @ConditionalOnClass did not find required classes 'org.springframework.ai.bedrock.converse.BedrockProxyChatModel', 'software.amazon.awssdk.services.bedrockruntime.BedrockRuntimeClient', 'software.amazon.awssdk.services.bedrockruntime.BedrockRuntimeAsyncClient' (OnClassCondition)

   BedrockTitanEmbeddingAutoConfiguration:
      Did not match:
         - @ConditionalOnClass did not find required class 'org.springframework.ai.bedrock.titan.api.TitanEmbeddingBedrockApi' (OnClassCondition)

   Cache2kCacheConfiguration:
      Did not match:
         - @ConditionalOnClass did not find required class 'org.cache2k.Cache2kBuilder' (OnClassCondition)

   CacheAutoConfiguration:
      Did not match:
         - @ConditionalOnBean (types: org.springframework.cache.interceptor.CacheAspectSupport; SearchStrategy: all) did not find any beans of type org.springframework.cache.interceptor.CacheAspectSupport (OnBeanCondition)
      Matched:
         - @ConditionalOnClass found required class 'org.springframework.cache.CacheManager' (OnClassCondition)

   CacheAutoConfiguration.CacheManagerEntityManagerFactoryDependsOnPostProcessor:
      Did not match:
         - Ancestor org.springframework.boot.autoconfigure.cache.CacheAutoConfiguration did not match (ConditionEvaluationReport.AncestorsMatchedCondition)
      Matched:
         - @ConditionalOnClass found required class 'org.springframework.orm.jpa.LocalContainerEntityManagerFactoryBean' (OnClassCondition)

   CaffeineCacheConfiguration:
      Did not match:
         - @ConditionalOnClass did not find required class 'com.github.benmanes.caffeine.cache.Caffeine' (OnClassCondition)

   CassandraAutoConfiguration:
      Did not match:
         - @ConditionalOnClass did not find required class 'com.datastax.oss.driver.api.core.CqlSession' (OnClassCondition)

   CassandraChatMemoryAutoConfiguration:
      Did not match:
         - @ConditionalOnClass did not find required classes 'org.springframework.ai.chat.memory.cassandra.CassandraChatMemory', 'com.datastax.oss.driver.api.core.CqlSession' (OnClassCondition)

   CassandraDataAutoConfiguration:
      Did not match:
         - @ConditionalOnClass did not find required class 'com.datastax.oss.driver.api.core.CqlSession' (OnClassCondition)

   CassandraReactiveDataAutoConfiguration:
      Did not match:
         - @ConditionalOnClass did not find required class 'com.datastax.oss.driver.api.core.CqlSession' (OnClassCondition)

   CassandraReactiveRepositoriesAutoConfiguration:
      Did not match:
         - @ConditionalOnClass did not find required class 'org.springframework.data.cassandra.ReactiveSession' (OnClassCondition)

   CassandraRepositoriesAutoConfiguration:
      Did not match:
         - @ConditionalOnClass did not find required class 'com.datastax.oss.driver.api.core.CqlSession' (OnClassCondition)

   CassandraVectorStoreAutoConfiguration:
      Did not match:
         - @ConditionalOnClass did not find required classes 'org.springframework.ai.vectorstore.cassandra.CassandraVectorStore', 'com.datastax.oss.driver.api.core.CqlSession' (OnClassCondition)

   ChatClientAutoConfiguration#chatClientInputContentObservationFilter:
      Did not match:
         - @ConditionalOnProperty (spring.ai.chat.client.observations.include-input=true) did not find property 'include-input' (OnPropertyCondition)

   ChatObservationAutoConfiguration#chatModelMeterObservationHandler:
      Did not match:
         - @ConditionalOnBean (types: io.micrometer.core.instrument.MeterRegistry; SearchStrategy: all) did not find any beans of type io.micrometer.core.instrument.MeterRegistry (OnBeanCondition)

   ChatObservationAutoConfiguration.FallbackChatContentObservationConfiguration#chatModelCompletionObservationFilter:
      Did not match:
         - @ConditionalOnProperty (spring.ai.chat.observations.include-completion=true) did not find property 'include-completion' (OnPropertyCondition)

   ChatObservationAutoConfiguration.FallbackChatContentObservationConfiguration#chatModelPromptObservationFilter:
      Did not match:
         - @ConditionalOnProperty (spring.ai.chat.observations.include-prompt=true) did not find property 'include-prompt' (OnPropertyCondition)

   ChatObservationAutoConfiguration.PrimaryChatContentObservationConfiguration:
      Did not match:
         - @ConditionalOnClass did not find required class 'io.micrometer.tracing.otel.bridge.OtelTracer' (OnClassCondition)

   ChatObservationAutoConfiguration.TracingChatContentObservationConfiguration:
      Did not match:
         - @ConditionalOnClass did not find required class 'io.micrometer.tracing.Tracer' (OnClassCondition)

   ChromaVectorStoreAutoConfiguration:
      Did not match:
         - @ConditionalOnClass did not find required class 'org.springframework.ai.chroma.vectorstore.ChromaVectorStore' (OnClassCondition)

   ClientHttpConnectorFactoryConfiguration.HttpClient5:
      Did not match:
         - @ConditionalOnClass did not find required classes 'org.apache.hc.client5.http.impl.async.HttpAsyncClients', 'org.apache.hc.core5.http.nio.AsyncRequestProducer', 'org.apache.hc.core5.reactive.ReactiveResponseConsumer' (OnClassCondition)

   ClientHttpConnectorFactoryConfiguration.ReactorNetty:
      Did not match:
         - @ConditionalOnClass did not find required class 'reactor.netty.http.client.HttpClient' (OnClassCondition)

   ContextFunctionCatalogAutoConfiguration.CloudEventsMessageConverterConfiguration:
      Did not match:
         - @ConditionalOnClass did not find required class 'io.cloudevents.spring.messaging.CloudEventMessageConverter' (OnClassCondition)

   CosmosDBVectorStoreAutoConfiguration:
      Did not match:
         - @ConditionalOnClass did not find required classes 'org.springframework.ai.vectorstore.cosmosdb.CosmosDBVectorStore', 'com.azure.cosmos.CosmosAsyncClient' (OnClassCondition)

   CouchbaseAutoConfiguration:
      Did not match:
         - @ConditionalOnClass did not find required class 'com.couchbase.client.java.Cluster' (OnClassCondition)

   CouchbaseCacheConfiguration:
      Did not match:
         - @ConditionalOnClass did not find required class 'com.couchbase.client.java.Cluster' (OnClassCondition)

   CouchbaseDataAutoConfiguration:
      Did not match:
         - @ConditionalOnClass did not find required class 'com.couchbase.client.java.Bucket' (OnClassCondition)

   CouchbaseReactiveDataAutoConfiguration:
      Did not match:
         - @ConditionalOnClass did not find required class 'com.couchbase.client.java.Cluster' (OnClassCondition)

   CouchbaseReactiveRepositoriesAutoConfiguration:
      Did not match:
         - @ConditionalOnClass did not find required class 'com.couchbase.client.java.Cluster' (OnClassCondition)

   CouchbaseRepositoriesAutoConfiguration:
      Did not match:
         - @ConditionalOnClass did not find required class 'com.couchbase.client.java.Bucket' (OnClassCondition)

   DataSourceAutoConfiguration.EmbeddedDatabaseConfiguration:
      Did not match:
         - EmbeddedDataSource spring.datasource.url is set (DataSourceAutoConfiguration.EmbeddedDatabaseCondition)

   DataSourceCheckpointRestoreConfiguration:
      Did not match:
         - @ConditionalOnClass did not find required class 'org.crac.Resource' (OnClassCondition)

   DataSourceConfiguration.Dbcp2:
      Did not match:
         - @ConditionalOnClass did not find required class 'org.apache.commons.dbcp2.BasicDataSource' (OnClassCondition)

   DataSourceConfiguration.Generic:
      Did not match:
         - @ConditionalOnProperty (spring.datasource.type) did not find property 'spring.datasource.type' (OnPropertyCondition)

   DataSourceConfiguration.OracleUcp:
      Did not match:
         - @ConditionalOnClass did not find required classes 'oracle.ucp.jdbc.PoolDataSourceImpl', 'oracle.jdbc.OracleConnection' (OnClassCondition)

   DataSourceConfiguration.Tomcat:
      Did not match:
         - @ConditionalOnClass did not find required class 'org.apache.tomcat.jdbc.pool.DataSource' (OnClassCondition)

   DataSourceJmxConfiguration.TomcatDataSourceJmxConfiguration:
      Did not match:
         - @ConditionalOnClass did not find required class 'org.apache.tomcat.jdbc.pool.DataSourceProxy' (OnClassCondition)

   DataSourcePoolMetadataProvidersConfiguration.CommonsDbcp2PoolDataSourceMetadataProviderConfiguration:
      Did not match:
         - @ConditionalOnClass did not find required class 'org.apache.commons.dbcp2.BasicDataSource' (OnClassCondition)

   DataSourcePoolMetadataProvidersConfiguration.OracleUcpPoolDataSourceMetadataProviderConfiguration:
      Did not match:
         - @ConditionalOnClass did not find required classes 'oracle.ucp.jdbc.PoolDataSource', 'oracle.jdbc.OracleConnection' (OnClassCondition)

   DataSourcePoolMetadataProvidersConfiguration.TomcatDataSourcePoolMetadataProviderConfiguration:
      Did not match:
         - @ConditionalOnClass did not find required class 'org.apache.tomcat.jdbc.pool.DataSource' (OnClassCondition)

   DataSourceTransactionManagerAutoConfiguration.JdbcTransactionManagerConfiguration#transactionManager:
      Did not match:
         - @ConditionalOnMissingBean (types: org.springframework.transaction.TransactionManager; SearchStrategy: all) found beans of type 'org.springframework.transaction.TransactionManager' transactionManager (OnBeanCondition)

   DispatcherServletAutoConfiguration.DispatcherServletConfiguration#multipartResolver:
      Did not match:
         - @ConditionalOnBean (types: org.springframework.web.multipart.MultipartResolver; SearchStrategy: all) did not find any beans of type org.springframework.web.multipart.MultipartResolver (OnBeanCondition)

   ElasticsearchClientAutoConfiguration:
      Did not match:
         - @ConditionalOnClass did not find required class 'co.elastic.clients.elasticsearch.ElasticsearchClient' (OnClassCondition)

   ElasticsearchDataAutoConfiguration:
      Did not match:
         - @ConditionalOnClass did not find required class 'org.springframework.data.elasticsearch.client.elc.ElasticsearchTemplate' (OnClassCondition)

   ElasticsearchRepositoriesAutoConfiguration:
      Did not match:
         - @ConditionalOnClass did not find required class 'org.springframework.data.elasticsearch.repository.ElasticsearchRepository' (OnClassCondition)

   ElasticsearchRestClientAutoConfiguration:
      Did not match:
         - @ConditionalOnClass did not find required class 'org.elasticsearch.client.RestClientBuilder' (OnClassCondition)

   ElasticsearchVectorStoreAutoConfiguration:
      Did not match:
         - @ConditionalOnClass did not find required classes 'org.springframework.ai.vectorstore.elasticsearch.ElasticsearchVectorStore', 'org.elasticsearch.client.RestClient' (OnClassCondition)

   EmbeddedLdapAutoConfiguration:
      Did not match:
         - @ConditionalOnClass did not find required class 'com.unboundid.ldap.listener.InMemoryDirectoryServer' (OnClassCondition)

   EmbeddedWebServerFactoryCustomizerAutoConfiguration.JettyWebServerFactoryCustomizerConfiguration:
      Did not match:
         - @ConditionalOnClass did not find required classes 'org.eclipse.jetty.server.Server', 'org.eclipse.jetty.util.Loader', 'org.eclipse.jetty.ee10.webapp.WebAppContext' (OnClassCondition)

   EmbeddedWebServerFactoryCustomizerAutoConfiguration.NettyWebServerFactoryCustomizerConfiguration:
      Did not match:
         - @ConditionalOnClass did not find required class 'reactor.netty.http.server.HttpServer' (OnClassCondition)

   EmbeddedWebServerFactoryCustomizerAutoConfiguration.TomcatWebServerFactoryCustomizerConfiguration#tomcatVirtualThreadsProtocolHandlerCustomizer:
      Did not match:
         - @ConditionalOnThreading did not find VIRTUAL (OnThreadingCondition)

   EmbeddedWebServerFactoryCustomizerAutoConfiguration.UndertowWebServerFactoryCustomizerConfiguration:
      Did not match:
         - @ConditionalOnClass did not find required classes 'io.undertow.Undertow', 'org.xnio.SslClientAuthMode' (OnClassCondition)

   EmbeddingObservationAutoConfiguration#embeddingModelMeterObservationHandler:
      Did not match:
         - @ConditionalOnBean (types: io.micrometer.core.instrument.MeterRegistry; SearchStrategy: all) did not find any beans of type io.micrometer.core.instrument.MeterRegistry (OnBeanCondition)

   ErrorWebFluxAutoConfiguration:
      Did not match:
         - not a reactive web application (OnWebApplicationCondition)
      Matched:
         - @ConditionalOnClass found required class 'org.springframework.web.reactive.config.WebFluxConfigurer' (OnClassCondition)

   FlywayAutoConfiguration:
      Did not match:
         - @ConditionalOnClass did not find required class 'org.flywaydb.core.Flyway' (OnClassCondition)

   FreeMarkerAutoConfiguration:
      Did not match:
         - @ConditionalOnClass did not find required class 'freemarker.template.Configuration' (OnClassCondition)

   FunctionsEndpointAutoConfiguration:
      Did not match:
         - @ConditionalOnClass did not find required class 'org.springframework.boot.actuate.endpoint.annotation.Endpoint' (OnClassCondition)

   GemFireVectorStoreAutoConfiguration:
      Did not match:
         - @ConditionalOnClass did not find required class 'org.springframework.ai.vectorstore.gemfire.GemFireVectorStore' (OnClassCondition)

   GenericCacheConfiguration:
      Did not match:
         - Cache org.springframework.boot.autoconfigure.cache.GenericCacheConfiguration unknown cache type (CacheCondition)

   GraphQlAutoConfiguration:
      Did not match:
         - @ConditionalOnClass did not find required class 'graphql.GraphQL' (OnClassCondition)

   GraphQlQueryByExampleAutoConfiguration:
      Did not match:
         - @ConditionalOnClass did not find required class 'graphql.GraphQL' (OnClassCondition)

   GraphQlQuerydslAutoConfiguration:
      Did not match:
         - @ConditionalOnClass did not find required class 'com.querydsl.core.Query' (OnClassCondition)

   GraphQlRSocketAutoConfiguration:
      Did not match:
         - @ConditionalOnClass did not find required class 'graphql.GraphQL' (OnClassCondition)

   GraphQlReactiveQueryByExampleAutoConfiguration:
      Did not match:
         - @ConditionalOnClass did not find required class 'graphql.GraphQL' (OnClassCondition)

   GraphQlReactiveQuerydslAutoConfiguration:
      Did not match:
         - @ConditionalOnClass did not find required class 'com.querydsl.core.Query' (OnClassCondition)

   GraphQlWebFluxAutoConfiguration:
      Did not match:
         - @ConditionalOnClass did not find required class 'graphql.GraphQL' (OnClassCondition)

   GraphQlWebFluxSecurityAutoConfiguration:
      Did not match:
         - @ConditionalOnClass did not find required class 'graphql.GraphQL' (OnClassCondition)

   GraphQlWebMvcAutoConfiguration:
      Did not match:
         - @ConditionalOnClass did not find required class 'graphql.GraphQL' (OnClassCondition)

   GraphQlWebMvcSecurityAutoConfiguration:
      Did not match:
         - @ConditionalOnClass did not find required class 'graphql.GraphQL' (OnClassCondition)

   GroovyTemplateAutoConfiguration:
      Did not match:
         - @ConditionalOnClass did not find required class 'groovy.text.markup.MarkupTemplateEngine' (OnClassCondition)

   GsonAutoConfiguration:
      Did not match:
         - @ConditionalOnClass did not find required class 'com.google.gson.Gson' (OnClassCondition)

   GsonHttpMessageConvertersConfiguration:
      Did not match:
         - @ConditionalOnClass did not find required class 'com.google.gson.Gson' (OnClassCondition)

   H2ConsoleAutoConfiguration:
      Did not match:
         - @ConditionalOnClass did not find required class 'org.h2.server.web.JakartaWebServlet' (OnClassCondition)

   HanaCloudVectorStoreAutoConfiguration:
      Did not match:
         - @ConditionalOnClass did not find required classes 'org.springframework.ai.vectorstore.hanadb.HanaCloudVectorStore', 'org.springframework.ai.vectorstore.hanadb.HanaVectorEntity' (OnClassCondition)

   HazelcastAutoConfiguration:
      Did not match:
         - @ConditionalOnClass did not find required class 'com.hazelcast.core.HazelcastInstance' (OnClassCondition)

   HazelcastCacheConfiguration:
      Did not match:
         - @ConditionalOnClass did not find required class 'com.hazelcast.core.HazelcastInstance' (OnClassCondition)

   HazelcastJpaDependencyAutoConfiguration:
      Did not match:
         - @ConditionalOnClass did not find required class 'com.hazelcast.core.HazelcastInstance' (OnClassCondition)

   HttpHandlerAutoConfiguration:
      Did not match:
         - not a reactive web application (OnWebApplicationCondition)
      Matched:
         - @ConditionalOnClass found required classes 'org.springframework.web.reactive.DispatcherHandler', 'org.springframework.http.server.reactive.HttpHandler' (OnClassCondition)

   HuggingfaceChatAutoConfiguration:
      Did not match:
         - @ConditionalOnClass did not find required class 'org.springframework.ai.huggingface.HuggingfaceChatModel' (OnClassCondition)

   HypermediaAutoConfiguration:
      Did not match:
         - @ConditionalOnClass did not find required class 'org.springframework.hateoas.EntityModel' (OnClassCondition)

   ImageObservationAutoConfiguration#imageModelPromptObservationFilter:
      Did not match:
         - @ConditionalOnProperty (spring.ai.image.observations.include-prompt=true) did not find property 'include-prompt' (OnPropertyCondition)

   InfinispanCacheConfiguration:
      Did not match:
         - @ConditionalOnClass did not find required class 'org.infinispan.spring.embedded.provider.SpringEmbeddedCacheManager' (OnClassCondition)

   IntegrationAutoConfiguration:
      Did not match:
         - @ConditionalOnClass did not find required class 'org.springframework.integration.config.EnableIntegration' (OnClassCondition)

   JCacheCacheConfiguration:
      Did not match:
         - @ConditionalOnClass did not find required class 'javax.cache.Caching' (OnClassCondition)

   JacksonHttpMessageConvertersConfiguration.MappingJackson2XmlHttpMessageConverterConfiguration:
      Did not match:
         - @ConditionalOnClass did not find required class 'com.fasterxml.jackson.dataformat.xml.XmlMapper' (OnClassCondition)

   JedisConnectionConfiguration:
      Did not match:
         - @ConditionalOnClass did not find required classes 'org.apache.commons.pool2.impl.GenericObjectPool', 'redis.clients.jedis.Jedis' (OnClassCondition)

   JerseyAutoConfiguration:
      Did not match:
         - @ConditionalOnClass did not find required class 'org.glassfish.jersey.server.spring.SpringComponentProvider' (OnClassCondition)

   JmsAutoConfiguration:
      Did not match:
         - @ConditionalOnClass did not find required class 'jakarta.jms.Message' (OnClassCondition)

   JndiConnectionFactoryAutoConfiguration:
      Did not match:
         - @ConditionalOnClass did not find required class 'org.springframework.jms.core.JmsTemplate' (OnClassCondition)

   JndiDataSourceAutoConfiguration:
      Did not match:
         - @ConditionalOnProperty (spring.datasource.jndi-name) did not find property 'jndi-name' (OnPropertyCondition)
      Matched:
         - @ConditionalOnClass found required classes 'javax.sql.DataSource', 'org.springframework.jdbc.datasource.embedded.EmbeddedDatabaseType' (OnClassCondition)

   JndiJtaConfiguration:
      Did not match:
         - @ConditionalOnJndi JNDI environment is not available (OnJndiCondition)
      Matched:
         - @ConditionalOnClass found required class 'org.springframework.transaction.jta.JtaTransactionManager' (OnClassCondition)

   JooqAutoConfiguration:
      Did not match:
         - @ConditionalOnClass did not find required class 'org.jooq.DSLContext' (OnClassCondition)

   JpaRepositoriesAutoConfiguration#entityManagerFactoryBootstrapExecutorCustomizer:
      Did not match:
         - AnyNestedCondition 0 matched 2 did not; NestedCondition on JpaRepositoriesAutoConfiguration.BootstrapExecutorCondition.LazyBootstrapMode @ConditionalOnProperty (spring.data.jpa.repositories.bootstrap-mode=lazy) did not find property 'bootstrap-mode'; NestedCondition on JpaRepositoriesAutoConfiguration.BootstrapExecutorCondition.DeferredBootstrapMode @ConditionalOnProperty (spring.data.jpa.repositories.bootstrap-mode=deferred) did not find property 'bootstrap-mode' (JpaRepositoriesAutoConfiguration.BootstrapExecutorCondition)

   JsonbAutoConfiguration:
      Did not match:
         - @ConditionalOnClass did not find required class 'jakarta.json.bind.Jsonb' (OnClassCondition)

   JsonbHttpMessageConvertersConfiguration:
      Did not match:
         - @ConditionalOnClass did not find required class 'jakarta.json.bind.Jsonb' (OnClassCondition)

   KafkaAutoConfiguration:
      Did not match:
         - @ConditionalOnClass did not find required class 'org.springframework.kafka.core.KafkaTemplate' (OnClassCondition)

   KotlinLambdaToFunctionAutoConfiguration:
      Did not match:
         - @ConditionalOnClass did not find required class 'kotlin.jvm.functions.Function0' (OnClassCondition)

   LdapAutoConfiguration:
      Did not match:
         - @ConditionalOnClass did not find required class 'org.springframework.ldap.core.ContextSource' (OnClassCondition)

   LdapRepositoriesAutoConfiguration:
      Did not match:
         - @ConditionalOnClass did not find required class 'org.springframework.data.ldap.repository.LdapRepository' (OnClassCondition)

   LettuceConnectionConfiguration#redisConnectionFactoryVirtualThreads:
      Did not match:
         - @ConditionalOnMissingBean (types: org.springframework.data.redis.connection.RedisConnectionFactory; SearchStrategy: all) found beans of type 'org.springframework.data.redis.connection.RedisConnectionFactory' redisConnectionFactory (OnBeanCondition)

   LiquibaseAutoConfiguration:
      Did not match:
         - @ConditionalOnClass did not find required class 'liquibase.change.DatabaseChange' (OnClassCondition)

   MailSenderJndiConfiguration:
      Did not match:
         - @ConditionalOnProperty (spring.mail.jndi-name) did not find property 'jndi-name' (OnPropertyCondition)
      Matched:
         - @ConditionalOnClass found required class 'jakarta.mail.Session' (OnClassCondition)

   MailSenderValidatorAutoConfiguration:
      Did not match:
         - @ConditionalOnProperty (spring.mail.test-connection) did not find property 'test-connection' (OnPropertyCondition)

   MariaDbStoreAutoConfiguration:
      Did not match:
         - @ConditionalOnClass did not find required class 'org.springframework.ai.vectorstore.mariadb.MariaDBVectorStore' (OnClassCondition)

   MessageSourceAutoConfiguration:
      Did not match:
         - ResourceBundle did not find bundle with basename messages (MessageSourceAutoConfiguration.ResourceBundleCondition)

   MilvusVectorStoreAutoConfiguration:
      Did not match:
         - @ConditionalOnClass did not find required class 'org.springframework.ai.vectorstore.milvus.MilvusVectorStore' (OnClassCondition)

   MiniMaxAutoConfiguration:
      Did not match:
         - @ConditionalOnClass did not find required class 'org.springframework.ai.minimax.api.MiniMaxApi' (OnClassCondition)

   MistralAiAutoConfiguration:
      Did not match:
         - @ConditionalOnClass did not find required class 'org.springframework.ai.mistralai.api.MistralAiApi' (OnClassCondition)

   MongoAutoConfiguration:
      Did not match:
         - @ConditionalOnClass did not find required class 'com.mongodb.client.MongoClient' (OnClassCondition)

   MongoDBAtlasVectorStoreAutoConfiguration:
      Did not match:
         - @ConditionalOnClass did not find required classes 'org.springframework.ai.vectorstore.mongodb.atlas.MongoDBAtlasVectorStore', 'org.springframework.data.mongodb.core.MongoTemplate' (OnClassCondition)

   MongoDataAutoConfiguration:
      Did not match:
         - @ConditionalOnClass did not find required class 'com.mongodb.client.MongoClient' (OnClassCondition)

   MongoReactiveAutoConfiguration:
      Did not match:
         - @ConditionalOnClass did not find required class 'com.mongodb.reactivestreams.client.MongoClient' (OnClassCondition)

   MongoReactiveDataAutoConfiguration:
      Did not match:
         - @ConditionalOnClass did not find required class 'com.mongodb.reactivestreams.client.MongoClient' (OnClassCondition)

   MongoReactiveRepositoriesAutoConfiguration:
      Did not match:
         - @ConditionalOnClass did not find required class 'com.mongodb.reactivestreams.client.MongoClient' (OnClassCondition)

   MongoRepositoriesAutoConfiguration:
      Did not match:
         - @ConditionalOnClass did not find required class 'com.mongodb.client.MongoClient' (OnClassCondition)

   MoonshotAutoConfiguration:
      Did not match:
         - @ConditionalOnClass did not find required class 'org.springframework.ai.moonshot.api.MoonshotApi' (OnClassCondition)

   MustacheAutoConfiguration:
      Did not match:
         - @ConditionalOnClass did not find required class 'com.samskivert.mustache.Mustache' (OnClassCondition)

   Neo4jAutoConfiguration:
      Did not match:
         - @ConditionalOnClass did not find required class 'org.neo4j.driver.Driver' (OnClassCondition)

   Neo4jDataAutoConfiguration:
      Did not match:
         - @ConditionalOnClass did not find required class 'org.neo4j.driver.Driver' (OnClassCondition)

   Neo4jReactiveDataAutoConfiguration:
      Did not match:
         - @ConditionalOnClass did not find required class 'org.neo4j.driver.Driver' (OnClassCondition)

   Neo4jReactiveRepositoriesAutoConfiguration:
      Did not match:
         - @ConditionalOnClass did not find required class 'org.neo4j.driver.Driver' (OnClassCondition)

   Neo4jRepositoriesAutoConfiguration:
      Did not match:
         - @ConditionalOnClass did not find required class 'org.neo4j.driver.Driver' (OnClassCondition)

   Neo4jVectorStoreAutoConfiguration:
      Did not match:
         - @ConditionalOnClass did not find required classes 'org.springframework.ai.vectorstore.neo4j.Neo4jVectorStore', 'org.neo4j.driver.Driver' (OnClassCondition)

   OAuth2AuthorizationServerAutoConfiguration:
      Did not match:
         - @ConditionalOnClass did not find required class 'org.springframework.security.oauth2.server.authorization.OAuth2Authorization' (OnClassCondition)

   OAuth2AuthorizationServerJwtAutoConfiguration:
      Did not match:
         - @ConditionalOnClass did not find required class 'org.springframework.security.oauth2.server.authorization.OAuth2Authorization' (OnClassCondition)

   OAuth2ClientAutoConfiguration:
      Did not match:
         - @ConditionalOnClass did not find required class 'org.springframework.security.oauth2.client.registration.ClientRegistration' (OnClassCondition)

   OAuth2ResourceServerAutoConfiguration:
      Did not match:
         - @ConditionalOnClass did not find required class 'org.springframework.security.oauth2.server.resource.authentication.BearerTokenAuthenticationToken' (OnClassCondition)

   OCIGenAiAutoConfiguration:
      Did not match:
         - @ConditionalOnClass did not find required classes 'com.oracle.bmc.generativeaiinference.GenerativeAiInferenceClient', 'org.springframework.ai.oci.OCIEmbeddingModel' (OnClassCondition)

   ObservationAutoConfiguration:
      Did not match:
         - @ConditionalOnBean (types: org.springframework.boot.actuate.autoconfigure.observation.ObservationAutoConfiguration; SearchStrategy: all) did not find any beans of type org.springframework.boot.actuate.autoconfigure.observation.ObservationAutoConfiguration (OnBeanCondition)

   OpenAiAutoConfiguration:
      Did not match:
         - @ConditionalOnClass did not find required class 'org.springframework.ai.openai.api.OpenAiApi' (OnClassCondition)

   OpenSearchVectorStoreAutoConfiguration:
      Did not match:
         - @ConditionalOnClass did not find required classes 'org.springframework.ai.vectorstore.opensearch.OpenSearchVectorStore', 'org.opensearch.client.opensearch.OpenSearchClient' (OnClassCondition)

   OracleVectorStoreAutoConfiguration:
      Did not match:
         - @ConditionalOnClass did not find required class 'org.springframework.ai.vectorstore.oracle.OracleVectorStore' (OnClassCondition)

   PgVectorStoreAutoConfiguration:
      Did not match:
         - @ConditionalOnClass did not find required class 'org.springframework.ai.vectorstore.pgvector.PgVectorStore' (OnClassCondition)

   PineconeVectorStoreAutoConfiguration:
      Did not match:
         - @ConditionalOnClass did not find required class 'org.springframework.ai.vectorstore.pinecone.PineconeVectorStore' (OnClassCondition)

   PostgresMlAutoConfiguration:
      Did not match:
         - @ConditionalOnClass did not find required class 'org.springframework.ai.postgresml.PostgresMlEmbeddingModel' (OnClassCondition)

   ProjectInfoAutoConfiguration#buildProperties:
      Did not match:
         - @ConditionalOnResource did not find resource '${spring.info.build.location:classpath:META-INF/build-info.properties}' (OnResourceCondition)

   ProjectInfoAutoConfiguration#gitProperties:
      Did not match:
         - GitResource did not find git info at classpath:git.properties (ProjectInfoAutoConfiguration.GitResourceAvailableCondition)

   PulsarAutoConfiguration:
      Did not match:
         - @ConditionalOnClass did not find required class 'org.apache.pulsar.client.api.PulsarClient' (OnClassCondition)

   PulsarReactiveAutoConfiguration:
      Did not match:
         - @ConditionalOnClass did not find required class 'org.apache.pulsar.client.api.PulsarClient' (OnClassCondition)

   QdrantVectorStoreAutoConfiguration:
      Did not match:
         - @ConditionalOnClass did not find required class 'org.springframework.ai.vectorstore.qdrant.QdrantVectorStore' (OnClassCondition)

   QianFanAutoConfiguration:
      Did not match:
         - @ConditionalOnClass did not find required class 'org.springframework.ai.qianfan.api.QianFanApi' (OnClassCondition)

   QuartzAutoConfiguration:
      Did not match:
         - @ConditionalOnClass did not find required class 'org.quartz.Scheduler' (OnClassCondition)

   R2dbcAutoConfiguration:
      Did not match:
         - @ConditionalOnClass did not find required class 'io.r2dbc.spi.ConnectionFactory' (OnClassCondition)

   R2dbcDataAutoConfiguration:
      Did not match:
         - @ConditionalOnClass did not find required class 'org.springframework.data.r2dbc.core.R2dbcEntityTemplate' (OnClassCondition)

   R2dbcInitializationConfiguration:
      Did not match:
         - @ConditionalOnClass did not find required classes 'io.r2dbc.spi.ConnectionFactory', 'org.springframework.r2dbc.connection.init.DatabasePopulator' (OnClassCondition)

   R2dbcProxyAutoConfiguration:
      Did not match:
         - @ConditionalOnClass did not find required class 'io.r2dbc.proxy.ProxyConnectionFactory' (OnClassCondition)

   R2dbcRepositoriesAutoConfiguration:
      Did not match:
         - @ConditionalOnClass did not find required class 'io.r2dbc.spi.ConnectionFactory' (OnClassCondition)

   R2dbcTransactionManagerAutoConfiguration:
      Did not match:
         - @ConditionalOnClass did not find required class 'org.springframework.r2dbc.connection.R2dbcTransactionManager' (OnClassCondition)

   RSocketGraphQlClientAutoConfiguration:
      Did not match:
         - @ConditionalOnClass did not find required class 'graphql.GraphQL' (OnClassCondition)

   RSocketMessagingAutoConfiguration:
      Did not match:
         - @ConditionalOnClass did not find required class 'io.rsocket.RSocket' (OnClassCondition)

   RSocketRequesterAutoConfiguration:
      Did not match:
         - @ConditionalOnClass did not find required class 'io.rsocket.RSocket' (OnClassCondition)

   RSocketSecurityAutoConfiguration:
      Did not match:
         - @ConditionalOnClass did not find required class 'org.springframework.security.rsocket.core.SecuritySocketAcceptorInterceptor' (OnClassCondition)

   RSocketServerAutoConfiguration:
      Did not match:
         - @ConditionalOnClass did not find required class 'io.rsocket.core.RSocketServer' (OnClassCondition)

   RSocketStrategiesAutoConfiguration:
      Did not match:
         - @ConditionalOnClass did not find required class 'io.rsocket.RSocket' (OnClassCondition)

   RabbitAutoConfiguration:
      Did not match:
         - @ConditionalOnClass did not find required class 'com.rabbitmq.client.Channel' (OnClassCondition)

   ReactiveElasticsearchClientAutoConfiguration:
      Did not match:
         - @ConditionalOnClass did not find required class 'co.elastic.clients.transport.ElasticsearchTransport' (OnClassCondition)

   ReactiveElasticsearchRepositoriesAutoConfiguration:
      Did not match:
         - @ConditionalOnClass did not find required class 'org.springframework.data.elasticsearch.client.elc.ReactiveElasticsearchClient' (OnClassCondition)

   ReactiveMultipartAutoConfiguration:
      Did not match:
         - not a reactive web application (OnWebApplicationCondition)
      Matched:
         - @ConditionalOnClass found required classes 'org.springframework.http.codec.multipart.DefaultPartHttpMessageReader', 'org.springframework.web.reactive.config.WebFluxConfigurer' (OnClassCondition)

   ReactiveOAuth2ClientAutoConfiguration:
      Did not match:
         - @ConditionalOnClass did not find required class 'org.springframework.security.oauth2.client.registration.ClientRegistration' (OnClassCondition)

   ReactiveOAuth2ResourceServerAutoConfiguration:
      Did not match:
         - not a reactive web application (OnWebApplicationCondition)
      Matched:
         - @ConditionalOnClass found required class 'org.springframework.security.config.annotation.web.reactive.EnableWebFluxSecurity' (OnClassCondition)

   ReactiveSecurityAutoConfiguration.SpringBootWebFluxSecurityConfiguration:
      Did not match:
         - not a reactive web application (OnWebApplicationCondition)

   ReactiveUserDetailsServiceAutoConfiguration:
      Did not match:
         - AnyNestedCondition 0 matched 2 did not; NestedCondition on ReactiveUserDetailsServiceAutoConfiguration.RSocketEnabledOrReactiveWebApplication.ReactiveWebApplicationCondition not a reactive web application; NestedCondition on ReactiveUserDetailsServiceAutoConfiguration.RSocketEnabledOrReactiveWebApplication.RSocketSecurityEnabledCondition @ConditionalOnBean (types: org.springframework.messaging.rsocket.annotation.support.RSocketMessageHandler; SearchStrategy: all) did not find any beans of type org.springframework.messaging.rsocket.annotation.support.RSocketMessageHandler (ReactiveUserDetailsServiceAutoConfiguration.RSocketEnabledOrReactiveWebApplication)
      Matched:
         - @ConditionalOnClass found required class 'org.springframework.security.authentication.ReactiveAuthenticationManager' (OnClassCondition)
         - AnyNestedCondition 1 matched 2 did not; NestedCondition on ReactiveUserDetailsServiceAutoConfiguration.MissingAlternativeOrUserPropertiesConfigured.PasswordConfigured @ConditionalOnProperty (spring.security.user.password) did not find property 'password'; NestedCondition on ReactiveUserDetailsServiceAutoConfiguration.MissingAlternativeOrUserPropertiesConfigured.NameConfigured @ConditionalOnProperty (spring.security.user.name) did not find property 'name'; NestedCondition on ReactiveUserDetailsServiceAutoConfiguration.MissingAlternativeOrUserPropertiesConfigured.MissingAlternative @ConditionalOnMissingClass did not find unwanted classes 'org.springframework.security.oauth2.client.registration.ClientRegistrationRepository', 'org.springframework.security.oauth2.server.resource.introspection.ReactiveOpaqueTokenIntrospector' (ReactiveUserDetailsServiceAutoConfiguration.MissingAlternativeOrUserPropertiesConfigured)

   ReactiveWebServerFactoryAutoConfiguration:
      Did not match:
         - not a reactive web application (OnWebApplicationCondition)
      Matched:
         - @ConditionalOnClass found required class 'org.springframework.http.ReactiveHttpInputMessage' (OnClassCondition)

   RedisCacheConfiguration:
      Did not match:
         - Cache org.springframework.boot.autoconfigure.cache.RedisCacheConfiguration unknown cache type (CacheCondition)
      Matched:
         - @ConditionalOnClass found required class 'org.springframework.data.redis.connection.RedisConnectionFactory' (OnClassCondition)

   RedisVectorStoreAutoConfiguration:
      Did not match:
         - @ConditionalOnClass did not find required classes 'redis.clients.jedis.JedisPooled', 'org.springframework.ai.vectorstore.redis.RedisVectorStore' (OnClassCondition)

   RepositoryRestMvcAutoConfiguration:
      Did not match:
         - @ConditionalOnClass did not find required class 'org.springframework.data.rest.webmvc.config.RepositoryRestMvcConfiguration' (OnClassCondition)

   Saml2RelyingPartyAutoConfiguration:
      Did not match:
         - @ConditionalOnClass did not find required class 'org.springframework.security.saml2.provider.service.registration.RelyingPartyRegistrationRepository' (OnClassCondition)

   SecurityDataConfiguration:
      Did not match:
         - @ConditionalOnClass did not find required class 'org.springframework.security.data.repository.query.SecurityEvaluationContextExtension' (OnClassCondition)

   SendGridAutoConfiguration:
      Did not match:
         - @ConditionalOnClass did not find required class 'com.sendgrid.SendGrid' (OnClassCondition)

   ServletWebServerFactoryAutoConfiguration.ForwardedHeaderFilterConfiguration:
      Did not match:
         - @ConditionalOnProperty (server.forward-headers-strategy=framework) did not find property 'server.forward-headers-strategy' (OnPropertyCondition)

   ServletWebServerFactoryConfiguration.EmbeddedJetty:
      Did not match:
         - @ConditionalOnClass did not find required classes 'org.eclipse.jetty.server.Server', 'org.eclipse.jetty.util.Loader', 'org.eclipse.jetty.ee10.webapp.WebAppContext' (OnClassCondition)

   ServletWebServerFactoryConfiguration.EmbeddedUndertow:
      Did not match:
         - @ConditionalOnClass did not find required classes 'io.undertow.Undertow', 'org.xnio.SslClientAuthMode' (OnClassCondition)

   SessionAutoConfiguration:
      Did not match:
         - @ConditionalOnClass did not find required class 'org.springframework.session.Session' (OnClassCondition)

   SimpleCacheConfiguration:
      Did not match:
         - Cache org.springframework.boot.autoconfigure.cache.SimpleCacheConfiguration unknown cache type (CacheCondition)

   SpringBootWebSecurityConfiguration.SecurityFilterChainConfiguration:
      Did not match:
         - AllNestedConditions 1 matched 1 did not; NestedCondition on DefaultWebSecurityCondition.Beans @ConditionalOnMissingBean (types: org.springframework.security.web.SecurityFilterChain; SearchStrategy: all) found beans of type 'org.springframework.security.web.SecurityFilterChain' securityFilterChain; NestedCondition on DefaultWebSecurityCondition.Classes @ConditionalOnClass found required classes 'org.springframework.security.web.SecurityFilterChain', 'org.springframework.security.config.annotation.web.builders.HttpSecurity' (DefaultWebSecurityCondition)

   StabilityAiImageAutoConfiguration:
      Did not match:
         - @ConditionalOnClass did not find required class 'org.springframework.ai.stabilityai.api.StabilityAiApi' (OnClassCondition)

   TaskExecutorConfigurations.SimpleAsyncTaskExecutorBuilderConfiguration#simpleAsyncTaskExecutorBuilderVirtualThreads:
      Did not match:
         - @ConditionalOnMissingBean (types: org.springframework.boot.task.SimpleAsyncTaskExecutorBuilder; SearchStrategy: all) found beans of type 'org.springframework.boot.task.SimpleAsyncTaskExecutorBuilder' simpleAsyncTaskExecutorBuilder (OnBeanCondition)

   TaskExecutorConfigurations.TaskExecutorConfiguration#applicationTaskExecutorVirtualThreads:
      Did not match:
         - @ConditionalOnThreading did not find VIRTUAL (OnThreadingCondition)

   TaskSchedulingAutoConfiguration#scheduledBeanLazyInitializationExcludeFilter:
      Did not match:
         - @ConditionalOnBean (names: org.springframework.context.annotation.internalScheduledAnnotationProcessor; SearchStrategy: all) did not find any beans named org.springframework.context.annotation.internalScheduledAnnotationProcessor (OnBeanCondition)

   TaskSchedulingConfigurations.SimpleAsyncTaskSchedulerBuilderConfiguration#simpleAsyncTaskSchedulerBuilderVirtualThreads:
      Did not match:
         - @ConditionalOnMissingBean (types: org.springframework.boot.task.SimpleAsyncTaskSchedulerBuilder; SearchStrategy: all) found beans of type 'org.springframework.boot.task.SimpleAsyncTaskSchedulerBuilder' simpleAsyncTaskSchedulerBuilder (OnBeanCondition)

   TaskSchedulingConfigurations.TaskSchedulerConfiguration:
      Did not match:
         - @ConditionalOnBean (names: org.springframework.context.annotation.internalScheduledAnnotationProcessor; SearchStrategy: all) did not find any beans named org.springframework.context.annotation.internalScheduledAnnotationProcessor (OnBeanCondition)

   ThymeleafAutoConfiguration:
      Did not match:
         - @ConditionalOnClass did not find required class 'org.thymeleaf.spring6.SpringTemplateEngine' (OnClassCondition)

   TransactionAutoConfiguration#transactionalOperator:
      Did not match:
         - @ConditionalOnSingleCandidate (types: org.springframework.transaction.ReactiveTransactionManager; SearchStrategy: all) did not find any beans (OnBeanCondition)

   TransactionAutoConfiguration.AspectJTransactionManagementConfiguration:
      Did not match:
         - @ConditionalOnBean (types: org.springframework.transaction.aspectj.AbstractTransactionAspect; SearchStrategy: all) did not find any beans of type org.springframework.transaction.aspectj.AbstractTransactionAspect (OnBeanCondition)

   TransactionAutoConfiguration.EnableTransactionManagementConfiguration.JdkDynamicAutoProxyConfiguration:
      Did not match:
         - @ConditionalOnProperty (spring.aop.proxy-target-class=false) did not find property 'proxy-target-class' (OnPropertyCondition)

   TransformersEmbeddingModelAutoConfiguration:
      Did not match:
         - @ConditionalOnClass did not find required classes 'ai.onnxruntime.OrtSession', 'ai.djl.huggingface.tokenizers.HuggingFaceTokenizer', 'org.springframework.ai.transformers.TransformersEmbeddingModel' (OnClassCondition)

   TypesenseVectorStoreAutoConfiguration:
      Did not match:
         - @ConditionalOnClass did not find required class 'org.springframework.ai.vectorstore.typesense.TypesenseVectorStore' (OnClassCondition)

   UserDetailsServiceAutoConfiguration:
      Did not match:
         - @ConditionalOnMissingBean (types: org.springframework.security.authentication.AuthenticationManager,org.springframework.security.authentication.AuthenticationProvider,org.springframework.security.core.userdetails.UserDetailsService,org.springframework.security.authentication.AuthenticationManagerResolver,org.springframework.security.oauth2.jwt.JwtDecoder; SearchStrategy: all) found beans of type 'org.springframework.security.authentication.AuthenticationManager' authenticationManager and found beans of type 'org.springframework.security.core.userdetails.UserDetailsService' customUserDetailsService (OnBeanCondition)
      Matched:
         - @ConditionalOnClass found required class 'org.springframework.security.authentication.AuthenticationManager' (OnClassCondition)
         - found 'session' scope (OnWebApplicationCondition)
         - AnyNestedCondition 1 matched 2 did not; NestedCondition on UserDetailsServiceAutoConfiguration.MissingAlternativeOrUserPropertiesConfigured.PasswordConfigured @ConditionalOnProperty (spring.security.user.password) did not find property 'password'; NestedCondition on UserDetailsServiceAutoConfiguration.MissingAlternativeOrUserPropertiesConfigured.NameConfigured @ConditionalOnProperty (spring.security.user.name) did not find property 'name'; NestedCondition on UserDetailsServiceAutoConfiguration.MissingAlternativeOrUserPropertiesConfigured.MissingAlternative @ConditionalOnMissingClass did not find unwanted classes 'org.springframework.security.oauth2.client.registration.ClientRegistrationRepository', 'org.springframework.security.oauth2.server.resource.introspection.OpaqueTokenIntrospector', 'org.springframework.security.saml2.provider.service.registration.RelyingPartyRegistrationRepository' (UserDetailsServiceAutoConfiguration.MissingAlternativeOrUserPropertiesConfigured)

   VectorStoreObservationAutoConfiguration.FallbackVectorStoreQueryResponseContentObservationConfiguration#vectorStoreQueryResponseContentObservationFilter:
      Did not match:
         - @ConditionalOnProperty (spring.ai.vectorstore.observations.include-query-response=true) did not find property 'include-query-response' (OnPropertyCondition)

   VectorStoreObservationAutoConfiguration.PrimaryVectorStoreQueryResponseContentObservationConfiguration:
      Did not match:
         - @ConditionalOnClass did not find required class 'io.micrometer.tracing.otel.bridge.OtelTracer' (OnClassCondition)

   VertexAiEmbeddingAutoConfiguration:
      Did not match:
         - @ConditionalOnClass did not find required classes 'com.google.cloud.vertexai.VertexAI', 'org.springframework.ai.vertexai.embedding.text.VertexAiTextEmbeddingModel' (OnClassCondition)

   VertexAiGeminiAutoConfiguration:
      Did not match:
         - @ConditionalOnClass did not find required classes 'com.google.cloud.vertexai.VertexAI', 'org.springframework.ai.vertexai.gemini.VertexAiGeminiChatModel' (OnClassCondition)

   WatsonxAiAutoConfiguration:
      Did not match:
         - @ConditionalOnClass did not find required class 'org.springframework.ai.watsonx.api.WatsonxAiApi' (OnClassCondition)

   WeaviateVectorStoreAutoConfiguration:
      Did not match:
         - @ConditionalOnClass did not find required class 'org.springframework.ai.vectorstore.weaviate.WeaviateVectorStore' (OnClassCondition)

   WebFluxAutoConfiguration:
      Did not match:
         - not a reactive web application (OnWebApplicationCondition)
      Matched:
         - @ConditionalOnClass found required class 'org.springframework.web.reactive.config.WebFluxConfigurer' (OnClassCondition)

   WebMvcAutoConfiguration#hiddenHttpMethodFilter:
      Did not match:
         - @ConditionalOnProperty (spring.mvc.hiddenmethod.filter.enabled) did not find property 'enabled' (OnPropertyCondition)

   WebMvcAutoConfiguration.ProblemDetailsErrorHandlingConfiguration:
      Did not match:
         - @ConditionalOnProperty (spring.mvc.problemdetails.enabled=true) did not find property 'enabled' (OnPropertyCondition)

   WebMvcAutoConfiguration.ResourceChainCustomizerConfiguration:
      Did not match:
         - @ConditionalOnEnabledResourceChain did not find class org.webjars.WebJarVersionLocator (OnEnabledResourceChainCondition)

   WebMvcAutoConfiguration.WebMvcAutoConfigurationAdapter#beanNameViewResolver:
      Did not match:
         - @ConditionalOnMissingBean (types: org.springframework.web.servlet.view.BeanNameViewResolver; SearchStrategy: all) found beans of type 'org.springframework.web.servlet.view.BeanNameViewResolver' beanNameViewResolver (OnBeanCondition)

   WebServiceTemplateAutoConfiguration:
      Did not match:
         - @ConditionalOnClass did not find required class 'org.springframework.ws.client.core.WebServiceTemplate' (OnClassCondition)

   WebServicesAutoConfiguration:
      Did not match:
         - @ConditionalOnClass did not find required class 'org.springframework.ws.transport.http.MessageDispatcherServlet' (OnClassCondition)

   WebSessionIdResolverAutoConfiguration:
      Did not match:
         - not a reactive web application (OnWebApplicationCondition)
      Matched:
         - @ConditionalOnClass found required classes 'org.springframework.web.server.session.WebSessionManager', 'reactor.core.publisher.Mono' (OnClassCondition)

   WebSocketMessagingAutoConfiguration:
      Did not match:
         - @ConditionalOnClass did not find required class 'org.springframework.web.socket.config.annotation.WebSocketMessageBrokerConfigurer' (OnClassCondition)

   WebSocketReactiveAutoConfiguration:
      Did not match:
         - not a reactive web application (OnWebApplicationCondition)
      Matched:
         - @ConditionalOnClass found required classes 'jakarta.servlet.Servlet', 'jakarta.websocket.server.ServerContainer' (OnClassCondition)

   WebSocketServletAutoConfiguration.JettyWebSocketConfiguration:
      Did not match:
         - @ConditionalOnClass did not find required class 'org.eclipse.jetty.ee10.websocket.jakarta.server.config.JakartaWebSocketServletContainerInitializer' (OnClassCondition)

   WebSocketServletAutoConfiguration.UndertowWebSocketConfiguration:
      Did not match:
         - @ConditionalOnClass did not find required class 'io.undertow.websockets.jsr.Bootstrap' (OnClassCondition)

   XADataSourceAutoConfiguration:
      Did not match:
         - @ConditionalOnBean (types: org.springframework.boot.jdbc.XADataSourceWrapper; SearchStrategy: all) did not find any beans of type org.springframework.boot.jdbc.XADataSourceWrapper (OnBeanCondition)
      Matched:
         - @ConditionalOnClass found required classes 'javax.sql.DataSource', 'jakarta.transaction.TransactionManager', 'org.springframework.jdbc.datasource.embedded.EmbeddedDatabaseType' (OnClassCondition)

   ZhiPuAiAutoConfiguration:
      Did not match:
         - @ConditionalOnClass did not find required class 'org.springframework.ai.zhipuai.api.ZhiPuAiApi' (OnClassCondition)


Exclusions:
-----------

    None


Unconditional classes:
----------------------

    org.springframework.boot.autoconfigure.context.ConfigurationPropertiesAutoConfiguration

    org.springframework.boot.autoconfigure.ssl.SslAutoConfiguration

    org.springframework.boot.autoconfigure.context.PropertyPlaceholderAutoConfiguration

    org.springframework.boot.autoconfigure.context.LifecycleAutoConfiguration

    org.springframework.cloud.function.cloudevent.CloudEventsFunctionExtensionConfiguration

    org.springframework.boot.autoconfigure.availability.ApplicationAvailabilityAutoConfiguration

    org.springframework.cloud.function.context.config.ContextFunctionCatalogAutoConfiguration

    org.springframework.boot.autoconfigure.info.ProjectInfoAutoConfiguration



2025-07-04T13:04:34.544+08:00  INFO 21012 --- [shopping] [main] com.example.demo.ShoppingApplication     : Started ShoppingApplication in 18.964 seconds (process running for 19.419)
2025-07-04T13:04:34.544+08:00 DEBUG 21012 --- [shopping] [main] o.s.b.a.ApplicationAvailabilityBean      : Application availability state LivenessState changed to CORRECT
2025-07-04T13:04:34.546+08:00 DEBUG 21012 --- [shopping] [main] o.s.b.a.ApplicationAvailabilityBean      : Application availability state ReadinessState changed to ACCEPTING_TRAFFIC
2025-07-04T13:04:38.397+08:00  INFO 21012 --- [shopping] [RMI TCP Connection(6)-127.0.0.1] inMXBeanRegistrar$SpringApplicationAdmin : Application shutdown requested.
2025-07-04T13:04:38.397+08:00 DEBUG 21012 --- [shopping] [RMI TCP Connection(6)-127.0.0.1] o.s.b.a.ApplicationAvailabilityBean      : Application availability state ReadinessState changed from ACCEPTING_TRAFFIC to REFUSING_TRAFFIC
2025-07-04T13:04:38.397+08:00 DEBUG 21012 --- [shopping] [RMI TCP Connection(6)-127.0.0.1] ConfigServletWebServerApplicationContext : Closing org.springframework.boot.web.servlet.context.AnnotationConfigServletWebServerApplicationContext@13f17eb4, started on Fri Jul 04 13:04:15 CST 2025
2025-07-04T13:04:38.399+08:00 DEBUG 21012 --- [shopping] [RMI TCP Connection(6)-127.0.0.1] o.s.c.support.DefaultLifecycleProcessor  : Stopping beans in phase 2147483647
2025-07-04T13:04:38.399+08:00 DEBUG 21012 --- [shopping] [RMI TCP Connection(6)-127.0.0.1] o.s.d.r.l.RedisMessageListenerContainer  : Stopped RedisMessageListenerContainer
2025-07-04T13:04:38.399+08:00 DEBUG 21012 --- [shopping] [RMI TCP Connection(6)-127.0.0.1] o.s.c.support.DefaultLifecycleProcessor  : Bean 'redisKeyValueAdapter' completed its stop procedure
2025-07-04T13:04:38.399+08:00 DEBUG 21012 --- [shopping] [RMI TCP Connection(6)-127.0.0.1] o.s.c.support.DefaultLifecycleProcessor  : Stopping beans in phase 2147482623
2025-07-04T13:04:38.400+08:00  INFO 21012 --- [shopping] [RMI TCP Connection(6)-127.0.0.1] o.s.b.w.e.tomcat.GracefulShutdown        : Commencing graceful shutdown. Waiting for active requests to complete
2025-07-04T13:04:38.402+08:00  INFO 21012 --- [shopping] [tomcat-shutdown] o.s.b.w.e.tomcat.GracefulShutdown        : Graceful shutdown complete
2025-07-04T13:04:38.402+08:00 DEBUG 21012 --- [shopping] [tomcat-shutdown] o.s.c.support.DefaultLifecycleProcessor  : Bean 'webServerGracefulShutdown' completed its stop procedure
2025-07-04T13:04:38.402+08:00 DEBUG 21012 --- [shopping] [RMI TCP Connection(6)-127.0.0.1] o.s.c.support.DefaultLifecycleProcessor  : Stopping beans in phase 2147481599
2025-07-04T13:04:38.403+08:00 DEBUG 21012 --- [shopping] [RMI TCP Connection(6)-127.0.0.1] o.s.c.support.DefaultLifecycleProcessor  : Bean 'webServerStartStop' completed its stop procedure
2025-07-04T13:04:38.404+08:00 DEBUG 21012 --- [shopping] [RMI TCP Connection(6)-127.0.0.1] o.s.c.support.DefaultLifecycleProcessor  : Stopping beans in phase 1073741823
2025-07-04T13:04:38.404+08:00 DEBUG 21012 --- [shopping] [RMI TCP Connection(6)-127.0.0.1] o.s.c.support.DefaultLifecycleProcessor  : Bean 'applicationTaskExecutor' completed its stop procedure
2025-07-04T13:04:38.404+08:00 DEBUG 21012 --- [shopping] [RMI TCP Connection(6)-127.0.0.1] o.s.c.support.DefaultLifecycleProcessor  : Stopping beans in phase 0
2025-07-04T13:04:38.408+08:00 DEBUG 21012 --- [shopping] [RMI TCP Connection(6)-127.0.0.1] o.s.c.support.DefaultLifecycleProcessor  : Bean 'redisConnectionFactory' completed its stop procedure
2025-07-04T13:04:38.408+08:00 DEBUG 21012 --- [shopping] [RMI TCP Connection(6)-127.0.0.1] o.s.c.support.DefaultLifecycleProcessor  : Stopping beans in phase -2147483647
2025-07-04T13:04:38.409+08:00 DEBUG 21012 --- [shopping] [RMI TCP Connection(6)-127.0.0.1] o.s.c.support.DefaultLifecycleProcessor  : Bean 'springBootLoggingLifecycle' completed its stop procedure
2025-07-04T13:04:38.409+08:00 DEBUG 21012 --- [shopping] [RMI TCP Connection(6)-127.0.0.1] o.s.j.e.a.AnnotationMBeanExporter        : Unregistering JMX-exposed beans on shutdown
2025-07-04T13:04:38.409+08:00 DEBUG 21012 --- [shopping] [RMI TCP Connection(6)-127.0.0.1] o.s.j.e.a.AnnotationMBeanExporter        : Unregistering JMX-exposed beans
2025-07-04T13:04:38.414+08:00 DEBUG 21012 --- [shopping] [RMI TCP Connection(6)-127.0.0.1] o.s.b.f.support.DisposableBeanAdapter    : Custom destroy method 'shutdown' on bean with name 'lettuceClientResources' completed asynchronously
2025-07-04T13:04:38.414+08:00 DEBUG 21012 --- [shopping] [RMI TCP Connection(6)-127.0.0.1] o.s.s.concurrent.ThreadPoolTaskExecutor  : Shutting down ExecutorService 'applicationTaskExecutor'
2025-07-04T13:04:38.416+08:00  INFO 21012 --- [shopping] [RMI TCP Connection(6)-127.0.0.1] j.LocalContainerEntityManagerFactoryBean : Closing JPA EntityManagerFactory for persistence unit 'default'
2025-07-04T13:04:38.417+08:00  INFO 21012 --- [shopping] [RMI TCP Connection(6)-127.0.0.1] com.zaxxer.hikari.HikariDataSource       : HikariPool-1 - Shutdown initiated...
2025-07-04T13:04:39.726+08:00  INFO 21012 --- [shopping] [RMI TCP Connection(6)-127.0.0.1] com.zaxxer.hikari.HikariDataSource       : HikariPool-1 - Shutdown completed.
